{
"type": "FeatureCollection",
"name": "01_Colonias_AreaObjetivo",
"crs": { "type": "name", "properties": { "name": "urn:ogc:def:crs:OGC:1.3:CRS84" } },
"features": [
{ "type": "Feature", "properties": { "CVEGEO": "1900600010009", "CVE_ENT": "19", "CVE_MUN": "006", "CVE_LOC": "0001", "CVE_ASEN": "0009", "CP": "66640", "FECHA_ACT": "11/2024", "INSTITUCIO": "SECRETARÍA DE DESARROLLO URBANO, OBRAS PÚBLICAS, ECOLOGÍA Y TRANSPORTE DE APODACA", "NOM_ASEN": "BALCONES DE HUINALÁ PRIMER SECTOR", "TIPO": "COLONIA", "Shape_Leng": 1175.1412613, "Shape_Area": 78843.172000699997 }, "geometry": { "type": "Polygon", "coordinates": [ [ [ -100.167771833621032, 25.738486607990364 ], [ -100.167730824093582, 25.738223845363773 ], [ -100.167724765776413, 25.738186194094908 ], [ -100.167719186086927, 25.738151528807116 ], [ -100.167563987282435, 25.736774874868694 ], [ -100.16757439579473, 25.73675303107888 ], [ -100.167577896405959, 25.736567356878673 ], [ -100.167576791922471, 25.736527101703029 ], [ -100.167802530231185, 25.736527959793555 ], [ -100.169289863028325, 25.736548856598489 ], [ -100.169523564609335, 25.736965855077482 ], [ -100.169748475814771, 25.737367170774768 ], [ -100.169978958652692, 25.737778416886314 ], [ -100.170040865108803, 25.737888877274766 ], [ -100.170066289987048, 25.73791641958622 ], [ -100.170296171643045, 25.738165455230838 ], [ -100.170324145411826, 25.738195760682583 ], [ -100.170351152561494, 25.738225017336941 ], [ -100.170591769182863, 25.738485679249958 ], [ -100.17062477764523, 25.738521435902364 ], [ -100.170428020579649, 25.738675633070585 ], [ -100.170273255217168, 25.738796855547204 ], [ -100.170083213247267, 25.738945488244077 ], [ -100.169620326129035, 25.739307751847193 ], [ -100.169358717600076, 25.739504977585565 ], [ -100.169111375135842, 25.739693232405415 ], [ -100.168948460544371, 25.739817225444209 ], [ -100.168437090015544, 25.740195463190954 ], [ -100.16817988106493, 25.740332131291055 ], [ -100.168090803020505, 25.740318428000069 ], [ -100.167998412983451, 25.740019097523767 ], [ -100.167987970576121, 25.739952164435579 ], [ -100.167971677571416, 25.739874450032726 ], [ -100.16796825064489, 25.739511348156558 ], [ -100.167956719576765, 25.739461820696317 ], [ -100.167950809116519, 25.739418505990272 ], [ -100.167771833621032, 25.738486607990364 ] ] ] } },
{ "type": "Feature", "properties": { "CVEGEO": "1900600010010", "CVE_ENT": "19", "CVE_MUN": "006", "CVE_LOC": "0001", "CVE_ASEN": "0010", "CP": "66640", "FECHA_ACT": "11/2024", "INSTITUCIO": "SECRETARÍA DE DESARROLLO URBANO, OBRAS PÚBLICAS, ECOLOGÍA Y TRANSPORTE DE APODACA", "NOM_ASEN": "BALCONES DE HUINALÁ SEGUNDO SECTOR", "TIPO": "COLONIA", "Shape_Leng": 1454.20186195, "Shape_Area": 104673.481705 }, "geometry": { "type": "Polygon", "coordinates": [ [ [ -100.163012617849517, 25.739778194354702 ], [ -100.163008894307481, 25.739504881131104 ], [ -100.163003946274458, 25.739279345933809 ], [ -100.163056330229836, 25.739132874343742 ], [ -100.16312912823804, 25.73892686197016 ], [ -100.163191081193474, 25.738723062005285 ], [ -100.163351374852724, 25.73831431666639 ], [ -100.163383405252972, 25.738258897823677 ], [ -100.163392167170116, 25.738222539344129 ], [ -100.163482011830325, 25.737915717587313 ], [ -100.163522086392419, 25.737738839515433 ], [ -100.164092227393326, 25.737510536469834 ], [ -100.164503759225099, 25.737342262031067 ], [ -100.164515318606817, 25.737373096623699 ], [ -100.164665021312743, 25.737709518051343 ], [ -100.164686811881012, 25.737754208834321 ], [ -100.166304251656712, 25.737198451343314 ], [ -100.16643198484185, 25.7371521109675 ], [ -100.166545373892191, 25.737112412438737 ], [ -100.167313034060598, 25.736846458030339 ], [ -100.167363937922971, 25.736829601701775 ], [ -100.167408882542588, 25.736814076814987 ], [ -100.167496037284479, 25.736781932335873 ], [ -100.16757439579473, 25.73675303107888 ], [ -100.167563987282435, 25.736774874868694 ], [ -100.167719186086927, 25.738151528807116 ], [ -100.167724765776413, 25.738186194094908 ], [ -100.167730824093582, 25.738223845363773 ], [ -100.167771833621032, 25.738486607990364 ], [ -100.165644819189311, 25.739485414066586 ], [ -100.165610853836696, 25.739531815144002 ], [ -100.165531455112941, 25.739497083708695 ], [ -100.165447020610287, 25.739523936233336 ], [ -100.165041811528639, 25.739647744626676 ], [ -100.164640327567525, 25.739761026655998 ], [ -100.164226182724647, 25.739885636393179 ], [ -100.164181651522583, 25.739910494670699 ], [ -100.164094292232335, 25.739959311223949 ], [ -100.164063170615293, 25.739975650283181 ], [ -100.163650382164107, 25.740195341748365 ], [ -100.163030295905415, 25.740171579978831 ], [ -100.163012617849517, 25.739778194354702 ] ] ] } },
{ "type": "Feature", "properties": { "CVEGEO": "1900600010017", "CVE_ENT": "19", "CVE_MUN": "006", "CVE_LOC": "0001", "CVE_ASEN": "0017", "CP": "66600", "FECHA_ACT": "11/2024", "INSTITUCIO": "SECRETARÍA DE DESARROLLO URBANO, OBRAS PÚBLICAS, ECOLOGÍA Y TRANSPORTE DE APODACA", "NOM_ASEN": "CABECERA MUNICIPAL (APODACA)", "TIPO": "COLONIA", "Shape_Leng": 10463.263806000001, "Shape_Area": 1836887.27205 }, "geometry": { "type": "Polygon", "coordinates": [ [ [ -100.182034163305374, 25.785550022273881 ], [ -100.181539498028641, 25.784778329849292 ], [ -100.181093814859892, 25.785009297177549 ], [ -100.179681761334322, 25.782668749640088 ], [ -100.1806736347677, 25.782162646296424 ], [ -100.181041948087795, 25.781974736235895 ], [ -100.181424409727697, 25.781783506750998 ], [ -100.182296991130642, 25.781339526494051 ], [ -100.183166605928434, 25.78089822099437 ], [ -100.184058579087804, 25.780444518209027 ], [ -100.184862722016121, 25.780035249014542 ], [ -100.184619888232874, 25.77964649507209 ], [ -100.18437630562066, 25.779259672972824 ], [ -100.185236026343929, 25.778816769251303 ], [ -100.18499510173406, 25.778431979098141 ], [ -100.184760685067445, 25.778048534611795 ], [ -100.184361707550465, 25.777409253795447 ], [ -100.185282936851124, 25.777111104947192 ], [ -100.186126973738851, 25.776609786003537 ], [ -100.186916841642542, 25.776071530401552 ], [ -100.187700799468089, 25.775486575050234 ], [ -100.188417208812155, 25.77492773331603 ], [ -100.188456061010015, 25.774897744739036 ], [ -100.189220787095863, 25.774326781205279 ], [ -100.18927604206479, 25.774214676546958 ], [ -100.189768393389727, 25.773900470790544 ], [ -100.191247309329142, 25.772858095091038 ], [ -100.191565298790479, 25.772633256519931 ], [ -100.192342194094948, 25.772093246372119 ], [ -100.193355915024085, 25.773716113294174 ], [ -100.193826312999931, 25.774471490508084 ], [ -100.194301308115371, 25.77523667734399 ], [ -100.194796549284945, 25.776030998494925 ], [ -100.195250282528576, 25.775768471289759 ], [ -100.195474157377845, 25.77539306407985 ], [ -100.199985117084779, 25.771563222267901 ], [ -100.20049874891204, 25.772381321978568 ], [ -100.200832079081437, 25.772776770104748 ], [ -100.200649478541251, 25.77316127524454 ], [ -100.200594064429481, 25.773430615909056 ], [ -100.200503716449447, 25.77417110861715 ], [ -100.198014479440459, 25.775416232064067 ], [ -100.197033365524206, 25.775901590303125 ], [ -100.197758923431934, 25.776677129136942 ], [ -100.19578178026876, 25.777619951882226 ], [ -100.196017782968781, 25.778003555708693 ], [ -100.196271593038176, 25.77839905643874 ], [ -100.196571844804737, 25.778240978260584 ], [ -100.19700545248844, 25.77900544724617 ], [ -100.197240277618548, 25.778879775975017 ], [ -100.197595618802467, 25.778693870923945 ], [ -100.198141097889433, 25.778407320961296 ], [ -100.19829558143968, 25.77833188058279 ], [ -100.199748442952114, 25.777619362260516 ], [ -100.199679578734674, 25.777494725850914 ], [ -100.199652131922633, 25.777449735994523 ], [ -100.199502051606459, 25.777203426293333 ], [ -100.199426439250871, 25.777126246103318 ], [ -100.19932689446307, 25.776938196470866 ], [ -100.199305746346369, 25.776903060840532 ], [ -100.198246323856736, 25.777430705401994 ], [ -100.198219240352799, 25.77737891706159 ], [ -100.1983406212413, 25.777087186743433 ], [ -100.198014516315425, 25.776554858200871 ], [ -100.198265275691369, 25.776434802947321 ], [ -100.200382898483468, 25.77538992209514 ], [ -100.200479993607402, 25.775552802818826 ], [ -100.200486198191342, 25.775559096117206 ], [ -100.200708495838953, 25.775784565956439 ], [ -100.200990922836567, 25.776040752194291 ], [ -100.201804465386886, 25.776700796851888 ], [ -100.202037208331163, 25.776889656751088 ], [ -100.20218324197819, 25.777062175114708 ], [ -100.202266125132724, 25.77719198154513 ], [ -100.202302636524934, 25.777256358059944 ], [ -100.20239814198564, 25.777467769058628 ], [ -100.202116396468497, 25.777516517742736 ], [ -100.201924698892697, 25.777579140082103 ], [ -100.201715771343785, 25.777698031575333 ], [ -100.200329674156393, 25.779018162324533 ], [ -100.201286872128961, 25.779496481364976 ], [ -100.200317260847925, 25.779958147387703 ], [ -100.199529570983486, 25.780379118524408 ], [ -100.199265397041984, 25.780546747288245 ], [ -100.198790364476892, 25.780685318256488 ], [ -100.197773126318438, 25.780878438249754 ], [ -100.19702110669364, 25.781083889077898 ], [ -100.196806865073057, 25.7811742523931 ], [ -100.196660384656596, 25.78123993342523 ], [ -100.195962494050576, 25.781600432108156 ], [ -100.195106822312454, 25.782027848008326 ], [ -100.194720549985021, 25.782224251123889 ], [ -100.194256526116675, 25.782456292761104 ], [ -100.194036486498234, 25.782555550748366 ], [ -100.193743887937586, 25.78270536497071 ], [ -100.193736528197661, 25.782767057114526 ], [ -100.193593006354021, 25.783970377860282 ], [ -100.192253122166093, 25.784600591320647 ], [ -100.192212633151271, 25.7846196346811 ], [ -100.192098709342702, 25.784428850763966 ], [ -100.192020776336577, 25.784298336174576 ], [ -100.191816732102609, 25.783968595753414 ], [ -100.191696442380689, 25.783733195303363 ], [ -100.190818862458698, 25.784177775050551 ], [ -100.191230284737898, 25.784763676830519 ], [ -100.191366372723664, 25.784944429287673 ], [ -100.191450698623797, 25.785018291203325 ], [ -100.191692661902408, 25.785323550050741 ], [ -100.191929527653059, 25.785627478675 ], [ -100.190893161147187, 25.786133681464861 ], [ -100.190026664933185, 25.786567571601587 ], [ -100.189783787300286, 25.786169353210244 ], [ -100.189558569924401, 25.78578715198541 ], [ -100.188684848785556, 25.786199906895792 ], [ -100.187779917702741, 25.786620705710579 ], [ -100.187755073687924, 25.78657686853095 ], [ -100.187368114002126, 25.785905659798001 ], [ -100.186535970870935, 25.786321637692712 ], [ -100.186271720767749, 25.785885921341865 ], [ -100.186063245596884, 25.785560266135313 ], [ -100.185183800958583, 25.786004368541587 ], [ -100.185393984253906, 25.786343748773856 ], [ -100.185656522945976, 25.786762426546201 ], [ -100.185610347113254, 25.786787555989918 ], [ -100.184895294324548, 25.787147057413176 ], [ -100.184788156377707, 25.787201828202335 ], [ -100.18416209641947, 25.787516535600336 ], [ -100.183675793935024, 25.787775438761958 ], [ -100.183193905172118, 25.788000215307989 ], [ -100.183085962692871, 25.788101994166652 ], [ -100.18257457298931, 25.787328677393624 ], [ -100.182037026950283, 25.786569830140913 ], [ -100.181862584396171, 25.786267646222807 ], [ -100.181572587212543, 25.78578461047001 ], [ -100.182034163305374, 25.785550022273881 ] ], [ [ -100.183347741327736, 25.784882403688854 ], [ -100.182867679007927, 25.784105549494015 ], [ -100.182415336183851, 25.784335120030796 ], [ -100.181980309729028, 25.784556460360317 ], [ -100.182474254669316, 25.785326349263787 ], [ -100.182914388662454, 25.785108540008519 ], [ -100.183347741327736, 25.784882403688854 ] ], [ [ -100.191744098000342, 25.776538467039934 ], [ -100.191274864243724, 25.7757793740899 ], [ -100.190833090618654, 25.775996947734061 ], [ -100.190394563594907, 25.776216641462554 ], [ -100.1908677735059, 25.776985454262295 ], [ -100.191296569086063, 25.776768523352299 ], [ -100.191744098000342, 25.776538467039934 ] ] ] } },
{ "type": "Feature", "properties": { "CVEGEO": "1900600010022", "CVE_ENT": "19", "CVE_MUN": "006", "CVE_LOC": "0001", "CVE_ASEN": "0022", "CP": "66640", "FECHA_ACT": "11/2024", "INSTITUCIO": "SECRETARÍA DE DESARROLLO URBANO, OBRAS PÚBLICAS, ECOLOGÍA Y TRANSPORTE DE APODACA", "NOM_ASEN": "COLONIAL DE HUINALÁ", "TIPO": "FRACCIONAMIENTO", "Shape_Leng": 761.12400338099997, "Shape_Area": 31920.4199539 }, "geometry": { "type": "Polygon", "coordinates": [ [ [ -100.164906555978789, 25.741276366665829 ], [ -100.164212082460978, 25.741477050767365 ], [ -100.164205730770377, 25.741451715069637 ], [ -100.164114478594939, 25.741071747921286 ], [ -100.164034270159732, 25.741087459785284 ], [ -100.164030392552078, 25.740987277191692 ], [ -100.163709871807313, 25.741014388006317 ], [ -100.163685061733545, 25.741016654431117 ], [ -100.163650382164107, 25.740195341748365 ], [ -100.164063170615293, 25.739975650283181 ], [ -100.164094292232335, 25.739959311223949 ], [ -100.164181651522583, 25.739910494670699 ], [ -100.164226182724647, 25.739885636393179 ], [ -100.164640327567525, 25.739761026655998 ], [ -100.165041811528639, 25.739647744626676 ], [ -100.165447020610287, 25.739523936233336 ], [ -100.165531455112941, 25.739497083708695 ], [ -100.165610853836696, 25.739531815144002 ], [ -100.165591941959491, 25.739922567096311 ], [ -100.165537849182286, 25.740224388852983 ], [ -100.165730606753115, 25.740555384442601 ], [ -100.1659987171425, 25.740968627673649 ], [ -100.164906555978789, 25.741276366665829 ] ] ] } },
{ "type": "Feature", "properties": { "CVEGEO": "1900600010057", "CVE_ENT": "19", "CVE_MUN": "006", "CVE_LOC": "0001", "CVE_ASEN": "0057", "CP": "66600", "FECHA_ACT": "11/2024", "INSTITUCIO": "SECRETARÍA DE DESARROLLO URBANO, OBRAS PÚBLICAS, ECOLOGÍA Y TRANSPORTE DE APODACA", "NOM_ASEN": "FUTURO APODACA", "TIPO": "COLONIA", "Shape_Leng": 786.03416387499999, "Shape_Area": 38603.597633799996 }, "geometry": { "type": "Polygon", "coordinates": [ [ [ -100.180465582240956, 25.780243842424099 ], [ -100.180955120583363, 25.781028862239257 ], [ -100.181186040712504, 25.781403624193896 ], [ -100.181424409727697, 25.781783506750998 ], [ -100.181041948087795, 25.781974736235895 ], [ -100.1806736347677, 25.782162646296424 ], [ -100.179681761334322, 25.782668749640088 ], [ -100.179231584291117, 25.781919714837738 ], [ -100.178745912078284, 25.781120101423742 ], [ -100.179725088219442, 25.780616348045733 ], [ -100.180099863400514, 25.780427616318953 ], [ -100.180465582240956, 25.780243842424099 ] ] ] } },
{ "type": "Feature", "properties": { "CVEGEO": "1900600010071", "CVE_ENT": "19", "CVE_MUN": "006", "CVE_LOC": "0001", "CVE_ASEN": "0071", "CP": "66640", "FECHA_ACT": "11/2024", "INSTITUCIO": "SECRETARÍA DE DESARROLLO URBANO, OBRAS PÚBLICAS, ECOLOGÍA Y TRANSPORTE DE APODACA", "NOM_ASEN": "HUINALÁ", "TIPO": "COLONIA", "Shape_Leng": 7098.8413938399999, "Shape_Area": 975235.65223200002 }, "geometry": { "type": "Polygon", "coordinates": [ [ [ -100.160581908855121, 25.750807804491266 ], [ -100.160868725073414, 25.750515458764429 ], [ -100.16002475603436, 25.750127056704162 ], [ -100.160239734671066, 25.749923936471582 ], [ -100.160676204129601, 25.749515410666653 ], [ -100.161184950897535, 25.749062853298884 ], [ -100.161423157974539, 25.748854861958581 ], [ -100.161473121755165, 25.748810140758909 ], [ -100.162141541855902, 25.748240402068333 ], [ -100.162149550615595, 25.748198030819609 ], [ -100.161828061225123, 25.747766662316526 ], [ -100.161507521871897, 25.747272432136782 ], [ -100.161271420799523, 25.746716422126976 ], [ -100.161131152180133, 25.746360931751521 ], [ -100.160971191274385, 25.745865653002564 ], [ -100.160967708576052, 25.745869012927578 ], [ -100.160787341672432, 25.74604305264058 ], [ -100.16041903201409, 25.746537222112831 ], [ -100.160251572922846, 25.746658577927192 ], [ -100.159645841694683, 25.746881919160394 ], [ -100.159356973487817, 25.747183815798319 ], [ -100.159144122940319, 25.74739444369785 ], [ -100.158931652046064, 25.747552027606094 ], [ -100.158743432901474, 25.747654950378891 ], [ -100.158576051640779, 25.747723557385097 ], [ -100.157730454384122, 25.748693797589553 ], [ -100.157709717756319, 25.748810666207699 ], [ -100.157705741231112, 25.748899593576059 ], [ -100.157727289786422, 25.749093484519687 ], [ -100.157700654662946, 25.749289958553902 ], [ -100.157668601184639, 25.749494766570336 ], [ -100.15765141027164, 25.749585758685768 ], [ -100.157523449560728, 25.749826648887367 ], [ -100.157223927124846, 25.750114107271248 ], [ -100.15701157315668, 25.749946849543381 ], [ -100.156433158571062, 25.748503927963032 ], [ -100.156433533950988, 25.748503870656798 ], [ -100.156797572263315, 25.748448420104701 ], [ -100.156995742240397, 25.747969311289616 ], [ -100.156754561865895, 25.747622438456581 ], [ -100.156660596712143, 25.747449107718097 ], [ -100.158293840965612, 25.746169364130832 ], [ -100.157317659830369, 25.745444428248618 ], [ -100.158469569290318, 25.743929698404443 ], [ -100.15647293344243, 25.742495709805496 ], [ -100.155707165934501, 25.74287774496851 ], [ -100.155688681538948, 25.742830296211071 ], [ -100.15566894299657, 25.742779625653441 ], [ -100.154831439854661, 25.742088576760068 ], [ -100.153970161270919, 25.741376925084523 ], [ -100.154419362708694, 25.740748484884282 ], [ -100.155160702274046, 25.741415883604734 ], [ -100.15566800033227, 25.740677853193898 ], [ -100.156070430853248, 25.739860606536912 ], [ -100.156248830242532, 25.739425918361299 ], [ -100.156522293473273, 25.739013935341617 ], [ -100.156562908114907, 25.738780715354896 ], [ -100.156755985985853, 25.738979135490254 ], [ -100.157589323457032, 25.739835514038106 ], [ -100.158301372774758, 25.74051609294721 ], [ -100.158769885300927, 25.740963793085431 ], [ -100.159446526279737, 25.740077489390657 ], [ -100.159918175853363, 25.739220935686777 ], [ -100.160535724389305, 25.738084779389798 ], [ -100.160603506415171, 25.738119928098488 ], [ -100.160912082082135, 25.73827993591955 ], [ -100.160909330454388, 25.738478519879671 ], [ -100.161307176660429, 25.738652031492112 ], [ -100.16138305985703, 25.738685126110592 ], [ -100.163056330229836, 25.739132874343742 ], [ -100.163003946274458, 25.739279345933809 ], [ -100.163008894307481, 25.739504881131104 ], [ -100.163012617849517, 25.739778194354702 ], [ -100.163030295905415, 25.740171579978831 ], [ -100.163650382164107, 25.740195341748365 ], [ -100.163685061733545, 25.741016654431117 ], [ -100.163709871807313, 25.741014388006317 ], [ -100.164030392552078, 25.740987277191692 ], [ -100.164034270159732, 25.741087459785284 ], [ -100.164114478594939, 25.741071747921286 ], [ -100.164205730770377, 25.741451715069637 ], [ -100.164212082460978, 25.741477050767365 ], [ -100.164906555978789, 25.741276366665829 ], [ -100.1659987171425, 25.740968627673649 ], [ -100.16686228443065, 25.740710195738828 ], [ -100.166834318805215, 25.741560903723805 ], [ -100.166819885908467, 25.741999972626289 ], [ -100.166813971068862, 25.742265079376654 ], [ -100.166800561791447, 25.743339467247715 ], [ -100.1667907915852, 25.743907807392489 ], [ -100.166790042600709, 25.743975632078396 ], [ -100.166777879524346, 25.745077355593818 ], [ -100.167039687115761, 25.744992426518586 ], [ -100.167451800456504, 25.744894431439302 ], [ -100.16777135162188, 25.744856516585422 ], [ -100.16833489062013, 25.744862972641766 ], [ -100.167860600925891, 25.746239111833091 ], [ -100.167685610672009, 25.746983072763328 ], [ -100.167624935067721, 25.747425651765695 ], [ -100.166644597671109, 25.747369019867783 ], [ -100.166577747055541, 25.74792014625735 ], [ -100.166536084103981, 25.748313478422546 ], [ -100.16649546238277, 25.748716607281096 ], [ -100.166425870776862, 25.748653065776889 ], [ -100.164453692814817, 25.747317305299376 ], [ -100.164365205930196, 25.747297600697742 ], [ -100.164191533896357, 25.747630270869823 ], [ -100.16332943378346, 25.749186260994129 ], [ -100.163179790204182, 25.749472537457223 ], [ -100.162761924330738, 25.750231863076536 ], [ -100.162299907909471, 25.751070043104022 ], [ -100.161671929527174, 25.750848682432306 ], [ -100.161492466753359, 25.75077419651312 ], [ -100.161461955001428, 25.750809223592949 ], [ -100.161163241065367, 25.751155202065611 ], [ -100.160604896417809, 25.750858267825159 ], [ -100.160581908855121, 25.750807804491266 ] ] ] } },
{ "type": "Feature", "properties": { "CVEGEO": "1900600010075", "CVE_ENT": "19", "CVE_MUN": "006", "CVE_LOC": "0001", "CVE_ASEN": "0075", "CP": "66645", "FECHA_ACT": "11/2024", "INSTITUCIO": "SECRETARÍA DE DESARROLLO URBANO, OBRAS PÚBLICAS, ECOLOGÍA Y TRANSPORTE DE APODACA", "NOM_ASEN": "PARQUE INDUSTRIAL EL HUINALÁ I", "TIPO": "ZONA INDUSTRIAL", "Shape_Leng": 1375.9022515300001, "Shape_Area": 118582.917023 }, "geometry": { "type": "Polygon", "coordinates": [ [ [ -100.175323499231737, 25.758275972936495 ], [ -100.175970220464563, 25.759860539636325 ], [ -100.176476769693792, 25.761136527810827 ], [ -100.176482046794604, 25.761479017279409 ], [ -100.175171975745286, 25.761965952860564 ], [ -100.173722060361087, 25.762505173102166 ], [ -100.17365553985681, 25.762526456859938 ], [ -100.173555316352477, 25.7622554956193 ], [ -100.173002257481684, 25.760866099549926 ], [ -100.172980159007622, 25.760798819454507 ], [ -100.172841290041859, 25.760443728449548 ], [ -100.172407969803999, 25.759419395280585 ], [ -100.172347414263967, 25.759292638417836 ], [ -100.172500416895076, 25.759238917616912 ], [ -100.173885126512175, 25.758764156024057 ], [ -100.175323499231737, 25.758275972936495 ] ] ] } },
{ "type": "Feature", "properties": { "CVEGEO": "1900600010077", "CVE_ENT": "19", "CVE_MUN": "006", "CVE_LOC": "0001", "CVE_ASEN": "0077", "CP": "66634", "FECHA_ACT": "11/2024", "INSTITUCIO": "SECRETARÍA DE DESARROLLO URBANO, OBRAS PÚBLICAS, ECOLOGÍA Y TRANSPORTE DE APODACA", "NOM_ASEN": "JACARANDAS PRIMER SECTOR", "TIPO": "COLONIA", "Shape_Leng": 1479.2772343, "Shape_Area": 112681.576042 }, "geometry": { "type": "Polygon", "coordinates": [ [ [ -100.187162383415625, 25.745661376292677 ], [ -100.187178174404465, 25.745730152092559 ], [ -100.187439892805727, 25.746870267690738 ], [ -100.187442044486971, 25.746879420415365 ], [ -100.189014963055357, 25.747447507592202 ], [ -100.188901477655079, 25.747601780866983 ], [ -100.188686506919396, 25.747866032077496 ], [ -100.18848013767844, 25.7481284584997 ], [ -100.18840245998517, 25.748206769444103 ], [ -100.188158311620455, 25.748365455481029 ], [ -100.18792799624336, 25.748466664788143 ], [ -100.187662233924272, 25.748535795516993 ], [ -100.187177366149001, 25.748354022044719 ], [ -100.187201566411815, 25.748562341222243 ], [ -100.187221935774204, 25.748737881846484 ], [ -100.185217166378905, 25.748833861293321 ], [ -100.185215878650013, 25.748857355159092 ], [ -100.184873278537168, 25.748874547209144 ], [ -100.18481637196524, 25.748856882253293 ], [ -100.184799810527366, 25.74872147450932 ], [ -100.184742034148229, 25.747376265700662 ], [ -100.184783335719843, 25.747170063619656 ], [ -100.184790745810659, 25.747060140671607 ], [ -100.184790230804751, 25.746828413151945 ], [ -100.184772596485899, 25.746483732273816 ], [ -100.1847194552453, 25.745711626902175 ], [ -100.184697425326704, 25.74525841737832 ], [ -100.186531302602944, 25.745568407433392 ], [ -100.187162383415625, 25.745661376292677 ] ] ] } },
{ "type": "Feature", "properties": { "CVEGEO": "1900600010080", "CVE_ENT": "19", "CVE_MUN": "006", "CVE_LOC": "0001", "CVE_ASEN": "0080", "CP": "66640", "FECHA_ACT": "11/2024", "INSTITUCIO": "SECRETARÍA DE DESARROLLO URBANO, OBRAS PÚBLICAS, ECOLOGÍA Y TRANSPORTE DE APODACA", "NOM_ASEN": "JARDINES DE HUINALÁ E-1", "TIPO": "COLONIA", "Shape_Leng": 2106.6388902399999, "Shape_Area": 161962.689155 }, "geometry": { "type": "Polygon", "coordinates": [ [ [ -100.174097913314725, 25.74493651892487 ], [ -100.173849343196522, 25.744935121881316 ], [ -100.173682984891968, 25.744930743492763 ], [ -100.173052662225246, 25.744919325654259 ], [ -100.173005046226962, 25.744918710979931 ], [ -100.172848481321026, 25.744916764831423 ], [ -100.172815544491868, 25.744832332406059 ], [ -100.17224343381757, 25.74344246831113 ], [ -100.170686016915397, 25.743926429725605 ], [ -100.170208588976934, 25.743581175418743 ], [ -100.169519805551957, 25.743294273256669 ], [ -100.169509112216957, 25.742558055528526 ], [ -100.169507632173207, 25.742471210409786 ], [ -100.169503208101361, 25.742424281391333 ], [ -100.169495095409431, 25.742338213992237 ], [ -100.169312346786356, 25.741020824292896 ], [ -100.169305285009941, 25.740969915593105 ], [ -100.169297629196379, 25.740919517018966 ], [ -100.169144004363091, 25.739908068906974 ], [ -100.169111375135842, 25.739693232405415 ], [ -100.169358717600076, 25.739504977585565 ], [ -100.169620326129035, 25.739307751847193 ], [ -100.170083213247267, 25.738945488244077 ], [ -100.170273255217168, 25.738796855547204 ], [ -100.170349016150695, 25.738971880915134 ], [ -100.170627044695834, 25.739614182784727 ], [ -100.170800909828358, 25.739555140447187 ], [ -100.170830992871302, 25.739544924911254 ], [ -100.170872246440481, 25.73952998589667 ], [ -100.171925294344049, 25.739148643518718 ], [ -100.172206354687404, 25.739676418286599 ], [ -100.172225684531654, 25.739712716879204 ], [ -100.172234658818311, 25.73974962879911 ], [ -100.172315866345656, 25.740083680488048 ], [ -100.172338875687331, 25.740178333255113 ], [ -100.172323212808621, 25.741797757203759 ], [ -100.172326092943521, 25.741840321944895 ], [ -100.172329572205271, 25.741890982311588 ], [ -100.172335986521446, 25.742310252542492 ], [ -100.172372547223688, 25.742515854529014 ], [ -100.17238578102824, 25.742590271365568 ], [ -100.172430469675788, 25.742841576952497 ], [ -100.172436628112905, 25.74287621051138 ], [ -100.172507982359548, 25.742927848291366 ], [ -100.172711605928242, 25.742854838439797 ], [ -100.172771970343817, 25.742944262249988 ], [ -100.173689315073034, 25.744295232795565 ], [ -100.173710542693527, 25.744328548936821 ], [ -100.173734161135442, 25.744365620449489 ], [ -100.174032436762431, 25.744833754621368 ], [ -100.174097913314725, 25.74493651892487 ] ] ] } },
{ "type": "Feature", "properties": { "CVEGEO": "1900600010089", "CVE_ENT": "19", "CVE_MUN": "006", "CVE_LOC": "0001", "CVE_ASEN": "0089", "CP": "66645", "FECHA_ACT": "11/2024", "INSTITUCIO": "SECRETARÍA DE DESARROLLO URBANO, OBRAS PÚBLICAS, ECOLOGÍA Y TRANSPORTE DE APODACA", "NOM_ASEN": "JARDINES DEL VIRREY", "TIPO": "COLONIA", "Shape_Leng": 1736.5035600199999, "Shape_Area": 124490.40078700001 }, "geometry": { "type": "Polygon", "coordinates": [ [ [ -100.172848481321026, 25.744916764831423 ], [ -100.173005046226962, 25.744918710979931 ], [ -100.173052662225246, 25.744919325654259 ], [ -100.173682984891968, 25.744930743492763 ], [ -100.173849343196522, 25.744935121881316 ], [ -100.174097913314725, 25.74493651892487 ], [ -100.174467812866837, 25.744938596011032 ], [ -100.174528257812611, 25.744939145898723 ], [ -100.174733854066616, 25.744940978937382 ], [ -100.174626298737465, 25.745352987878512 ], [ -100.174525599602262, 25.745756968830179 ], [ -100.174428718570752, 25.746104302085481 ], [ -100.174357344527166, 25.746413490341279 ], [ -100.174265747471537, 25.746737953318402 ], [ -100.17417651466323, 25.74702493148083 ], [ -100.174077280766326, 25.747332545590986 ], [ -100.174034703121592, 25.747513394046866 ], [ -100.174042186221229, 25.747782323949423 ], [ -100.174104423425248, 25.747888077311305 ], [ -100.174244027517219, 25.74801461962949 ], [ -100.174350363621912, 25.748082530416145 ], [ -100.174629201252287, 25.748286599250648 ], [ -100.17491030078547, 25.748489483675257 ], [ -100.175186029888934, 25.748682615236273 ], [ -100.175453604195354, 25.748873270526605 ], [ -100.175761022737007, 25.749080960737224 ], [ -100.17594727847036, 25.749205003974957 ], [ -100.176092532340618, 25.74933061730701 ], [ -100.174808541661363, 25.75053194466539 ], [ -100.174656998107864, 25.750669780271412 ], [ -100.174620556856752, 25.750638396952759 ], [ -100.174544592197279, 25.75057074954772 ], [ -100.173204971144244, 25.749377782291408 ], [ -100.173177748301796, 25.749353539666213 ], [ -100.173144250441013, 25.74932370824617 ], [ -100.172069217911471, 25.748388483582019 ], [ -100.172048629646312, 25.748345231218547 ], [ -100.172042016400681, 25.748250181484366 ], [ -100.172825683324604, 25.745059299189354 ], [ -100.17284416915183, 25.744983240435189 ], [ -100.172848481321026, 25.744916764831423 ] ] ] } },
{ "type": "Feature", "properties": { "CVEGEO": "1900600010093", "CVE_ENT": "19", "CVE_MUN": "006", "CVE_LOC": "0001", "CVE_ASEN": "0093", "CP": "66603", "FECHA_ACT": "11/2024", "INSTITUCIO": "SECRETARÍA DE DESARROLLO URBANO, OBRAS PÚBLICAS, ECOLOGÍA Y TRANSPORTE DE APODACA", "NOM_ASEN": "PARQUE INDUSTRIAL KRONOS", "TIPO": "ZONA INDUSTRIAL", "Shape_Leng": 6436.8204981199997, "Shape_Area": 1142901.50312 }, "geometry": { "type": "Polygon", "coordinates": [ [ [ -100.156141009460327, 25.768651301215495 ], [ -100.15766118225666, 25.768535632952119 ], [ -100.164325864420249, 25.768052595420844 ], [ -100.165931918117309, 25.767926739857501 ], [ -100.166185969865722, 25.767897672063533 ], [ -100.166456219657661, 25.76787163570798 ], [ -100.168316848217302, 25.767672845848594 ], [ -100.168366697086554, 25.767984730622199 ], [ -100.166545976403981, 25.768119535918004 ], [ -100.166622855072916, 25.768288044996105 ], [ -100.166102321259373, 25.768322363376345 ], [ -100.165828125988426, 25.768342009946235 ], [ -100.165721082680278, 25.768356276188801 ], [ -100.165619302526196, 25.768405116124864 ], [ -100.165487895279668, 25.768414936938349 ], [ -100.162311753090336, 25.768634114573754 ], [ -100.162336375366721, 25.768665170827333 ], [ -100.16320912591479, 25.76976593953334 ], [ -100.16350622166992, 25.770140327137291 ], [ -100.164003394728809, 25.77089081635668 ], [ -100.164031518879128, 25.77093326837424 ], [ -100.164060364834569, 25.770976813510678 ], [ -100.164610601887588, 25.771807389254946 ], [ -100.163653865757126, 25.772381729641022 ], [ -100.163647514138148, 25.772386464849689 ], [ -100.165790003327402, 25.77474246236066 ], [ -100.166769562526824, 25.77581959604446 ], [ -100.166789110154866, 25.775841096528133 ], [ -100.166867430374637, 25.775927210587561 ], [ -100.169044347264787, 25.77832086942573 ], [ -100.171552481076915, 25.781078556514736 ], [ -100.171601503752569, 25.78116589323335 ], [ -100.168749029335444, 25.782054580757492 ], [ -100.167218211475046, 25.782516976656357 ], [ -100.165018408453804, 25.78317739038695 ], [ -100.16440535188157, 25.782254103218577 ], [ -100.163234275803731, 25.780500553631256 ], [ -100.162534588083048, 25.779545881088026 ], [ -100.161589557965073, 25.77828236820158 ], [ -100.161021146037442, 25.777507327770628 ], [ -100.160613129357927, 25.776959340879245 ], [ -100.159170909292115, 25.775020564102082 ], [ -100.157644008593877, 25.772969625212156 ], [ -100.156073966901545, 25.770887380319856 ], [ -100.154639327307635, 25.768974996494219 ], [ -100.154588248712187, 25.768891915954189 ], [ -100.154523915486138, 25.768767855458766 ], [ -100.155044116380751, 25.76873196764739 ], [ -100.156141009460327, 25.768651301215495 ] ] ] } },
{ "type": "Feature", "properties": { "CVEGEO": "1900600010125", "CVE_ENT": "19", "CVE_MUN": "006", "CVE_LOC": "0001", "CVE_ASEN": "0125", "CP": "66646", "FECHA_ACT": "11/2024", "INSTITUCIO": "SECRETARÍA DE DESARROLLO URBANO, OBRAS PÚBLICAS, ECOLOGÍA Y TRANSPORTE DE APODACA", "NOM_ASEN": "MILENIUM RESIDENCIAL", "TIPO": "COLONIA", "Shape_Leng": 2200.04898164, "Shape_Area": 184721.98815300001 }, "geometry": { "type": "Polygon", "coordinates": [ [ [ -100.151148211363335, 25.757372891493304 ], [ -100.151151367291106, 25.757398997329553 ], [ -100.151344183855457, 25.758937830310423 ], [ -100.151348598210404, 25.758973058879896 ], [ -100.15135290812313, 25.759007462674234 ], [ -100.151368261339499, 25.759129981502891 ], [ -100.151476930005984, 25.760212685707714 ], [ -100.151504240880229, 25.760450451048641 ], [ -100.151509554176542, 25.760502046856704 ], [ -100.151518239362815, 25.760562053606108 ], [ -100.15166441611548, 25.761981486755893 ], [ -100.151666763449882, 25.762014031789604 ], [ -100.151670266650029, 25.762062622381599 ], [ -100.151819752229628, 25.763514140004446 ], [ -100.151824910865372, 25.763564233695153 ], [ -100.151829965761124, 25.763613312152192 ], [ -100.151862145857891, 25.763813498722307 ], [ -100.151992332353089, 25.764482713024858 ], [ -100.152020240345649, 25.764599531236271 ], [ -100.152179197139176, 25.765695786788481 ], [ -100.150718795190997, 25.763736294568144 ], [ -100.149436297266206, 25.762015437895059 ], [ -100.149152193477065, 25.761630905356306 ], [ -100.14749592540754, 25.75940429023931 ], [ -100.147935419439293, 25.759150037942629 ], [ -100.147955968978607, 25.759050394093613 ], [ -100.148249316108888, 25.758835765462333 ], [ -100.148574196831973, 25.758598064422312 ], [ -100.148899724154177, 25.758359887717884 ], [ -100.14922658021284, 25.758120739024974 ], [ -100.149554623347044, 25.757880718263735 ], [ -100.150004552850604, 25.757609154854844 ], [ -100.150123250873918, 25.757574691323107 ], [ -100.15052895627457, 25.757494844817717 ], [ -100.150947145828511, 25.757412822929929 ], [ -100.151148211363335, 25.757372891493304 ] ] ] } },
{ "type": "Feature", "properties": { "CVEGEO": "1900600010131", "CVE_ENT": "19", "CVE_MUN": "006", "CVE_LOC": "0001", "CVE_ASEN": "0131", "CP": "66646", "FECHA_ACT": "11/2024", "INSTITUCIO": "SECRETARÍA DE DESARROLLO URBANO, OBRAS PÚBLICAS, ECOLOGÍA Y TRANSPORTE DE APODACA", "NOM_ASEN": "MISIÓN DE HUINALÁ PRIMER SECTOR", "TIPO": "COLONIA", "Shape_Leng": 2224.14206251, "Shape_Area": 172671.360579 }, "geometry": { "type": "Polygon", "coordinates": [ [ [ -100.157429920835924, 25.75341159927282 ], [ -100.156877886999254, 25.752772357732788 ], [ -100.157462517244255, 25.752409432133994 ], [ -100.158028910799757, 25.751971604090553 ], [ -100.15821571241807, 25.751812123365852 ], [ -100.158597951861381, 25.751453721712252 ], [ -100.158798560368567, 25.751289637211933 ], [ -100.15970439242335, 25.750428386856381 ], [ -100.16002475603436, 25.750127056704162 ], [ -100.160868725073414, 25.750515458764429 ], [ -100.160581908855121, 25.750807804491266 ], [ -100.160458122500827, 25.750953255893322 ], [ -100.160324521905849, 25.751106762555189 ], [ -100.159828905920335, 25.751322756593254 ], [ -100.159563726197192, 25.751448630889158 ], [ -100.159958969625421, 25.752525061312834 ], [ -100.160313219672418, 25.752349751936507 ], [ -100.160649112108345, 25.752194411162744 ], [ -100.160829352143253, 25.753261479778395 ], [ -100.161177230129525, 25.753201120587459 ], [ -100.161376141595554, 25.753160969729048 ], [ -100.162037662197989, 25.753035651427329 ], [ -100.162566111956721, 25.752948690899835 ], [ -100.162929231497969, 25.752954131765247 ], [ -100.162866082670561, 25.753209462233002 ], [ -100.162750138688452, 25.753802649606264 ], [ -100.162726429809126, 25.754102412467784 ], [ -100.162684083388839, 25.75475576019171 ], [ -100.161073109417359, 25.755055170510779 ], [ -100.161152617001846, 25.755426160910382 ], [ -100.160730715805087, 25.75550995341241 ], [ -100.15986572633301, 25.755675714310215 ], [ -100.159500164450904, 25.755745183586935 ], [ -100.1594027562506, 25.755635750185615 ], [ -100.159338002361665, 25.755562992606347 ], [ -100.159031114326922, 25.755217155931113 ], [ -100.158727747080135, 25.75487473352511 ], [ -100.15845441134951, 25.754567689861361 ], [ -100.158096660911198, 25.754155041189517 ], [ -100.157794040909934, 25.753829764043623 ], [ -100.157429920835924, 25.75341159927282 ] ] ] } },
{ "type": "Feature", "properties": { "CVEGEO": "1900600010136", "CVE_ENT": "19", "CVE_MUN": "006", "CVE_LOC": "0001", "CVE_ASEN": "0136", "CP": "66600", "FECHA_ACT": "11/2024", "INSTITUCIO": "SECRETARÍA DE DESARROLLO URBANO, OBRAS PÚBLICAS, ECOLOGÍA Y TRANSPORTE DE APODACA", "NOM_ASEN": "MODERNO APODACA SEGUNDO SECTOR", "TIPO": "COLONIA", "Shape_Leng": 993.47481594600004, "Shape_Area": 58902.742470199999 }, "geometry": { "type": "Polygon", "coordinates": [ [ [ -100.180465582240956, 25.780243842424099 ], [ -100.180891339946356, 25.780023982749452 ], [ -100.18133921098854, 25.779797823775564 ], [ -100.18177461830021, 25.779571261045579 ], [ -100.182203941939932, 25.779355110165223 ], [ -100.182670659468172, 25.779118771448868 ], [ -100.183100333907035, 25.778901675229321 ], [ -100.183576615227494, 25.779673130440838 ], [ -100.183818969542827, 25.780056411419295 ], [ -100.184058579087804, 25.780444518209027 ], [ -100.183166605928434, 25.78089822099437 ], [ -100.182296991130642, 25.781339526494051 ], [ -100.181424409727697, 25.781783506750998 ], [ -100.181186040712504, 25.781403624193896 ], [ -100.180955120583363, 25.781028862239257 ], [ -100.180465582240956, 25.780243842424099 ] ] ] } },
{ "type": "Feature", "properties": { "CVEGEO": "1900600010137", "CVE_ENT": "19", "CVE_MUN": "006", "CVE_LOC": "0001", "CVE_ASEN": "0137", "CP": "66600", "FECHA_ACT": "11/2024", "INSTITUCIO": "SECRETARÍA DE DESARROLLO URBANO, OBRAS PÚBLICAS, ECOLOGÍA Y TRANSPORTE DE APODACA", "NOM_ASEN": "MODERNO APODACA PRIMER SECTOR", "TIPO": "COLONIA", "Shape_Leng": 1638.9048142900001, "Shape_Area": 90313.813643000001 }, "geometry": { "type": "Polygon", "coordinates": [ [ [ -100.183844527248027, 25.777568139670809 ], [ -100.184361707550465, 25.777409253795447 ], [ -100.184760685067445, 25.778048534611795 ], [ -100.18499510173406, 25.778431979098141 ], [ -100.185236026343929, 25.778816769251303 ], [ -100.18437630562066, 25.779259672972824 ], [ -100.184619888232874, 25.77964649507209 ], [ -100.184862722016121, 25.780035249014542 ], [ -100.184058579087804, 25.780444518209027 ], [ -100.183818969542827, 25.780056411419295 ], [ -100.183576615227494, 25.779673130440838 ], [ -100.183100333907035, 25.778901675229321 ], [ -100.182670659468172, 25.779118771448868 ], [ -100.182203941939932, 25.779355110165223 ], [ -100.18177461830021, 25.779571261045579 ], [ -100.18133921098854, 25.779797823775564 ], [ -100.180891339946356, 25.780023982749452 ], [ -100.180465582240956, 25.780243842424099 ], [ -100.180235258258378, 25.7798705823825 ], [ -100.179992107264042, 25.779480019849547 ], [ -100.179612430749884, 25.778868001011229 ], [ -100.179730763667393, 25.77883165950314 ], [ -100.180363678444863, 25.77863727509169 ], [ -100.180577318367781, 25.77857166204339 ], [ -100.181048373817575, 25.778426986589512 ], [ -100.181534219452232, 25.778277766850895 ], [ -100.182517201461991, 25.777975853536027 ], [ -100.183405434159098, 25.777703035468448 ], [ -100.183844527248027, 25.777568139670809 ] ] ] } },
{ "type": "Feature", "properties": { "CVEGEO": "1900600010142", "CVE_ENT": "19", "CVE_MUN": "006", "CVE_LOC": "0001", "CVE_ASEN": "0142", "CP": "66603", "FECHA_ACT": "11/2024", "INSTITUCIO": "SECRETARÍA DE DESARROLLO URBANO, OBRAS PÚBLICAS, ECOLOGÍA Y TRANSPORTE DE APODACA", "NOM_ASEN": "PARQUE INDUSTRIAL MONTERREY", "TIPO": "ZONA INDUSTRIAL", "Shape_Leng": 4585.7059447800002, "Shape_Area": 943880.602312 }, "geometry": { "type": "Polygon", "coordinates": [ [ [ -100.166545976403981, 25.768119535918004 ], [ -100.168366697086554, 25.767984730622199 ], [ -100.168474613305293, 25.768083237025724 ], [ -100.171014075192531, 25.770896084396661 ], [ -100.171051536940737, 25.770937284299805 ], [ -100.171076066911269, 25.770964262035886 ], [ -100.175773750692628, 25.776130520969041 ], [ -100.175811377220498, 25.776171899201834 ], [ -100.173404560384952, 25.777973288409115 ], [ -100.174709189822423, 25.779417693812093 ], [ -100.175277517280605, 25.780043432705948 ], [ -100.174727870466896, 25.780200434515596 ], [ -100.173678028327259, 25.780524646506333 ], [ -100.172957912350199, 25.780747030790721 ], [ -100.171601503752569, 25.78116589323335 ], [ -100.171552481076915, 25.781078556514736 ], [ -100.169044347264787, 25.77832086942573 ], [ -100.166867430374637, 25.775927210587561 ], [ -100.166789110154866, 25.775841096528133 ], [ -100.166769562526824, 25.77581959604446 ], [ -100.165790003327402, 25.77474246236066 ], [ -100.163647514138148, 25.772386464849689 ], [ -100.163653865757126, 25.772381729641022 ], [ -100.164610601887588, 25.771807389254946 ], [ -100.164060364834569, 25.770976813510678 ], [ -100.164031518879128, 25.77093326837424 ], [ -100.164003394728809, 25.77089081635668 ], [ -100.16350622166992, 25.770140327137291 ], [ -100.16320912591479, 25.76976593953334 ], [ -100.162336375366721, 25.768665170827333 ], [ -100.162311753090336, 25.768634114573754 ], [ -100.165487895279668, 25.768414936938349 ], [ -100.165619302526196, 25.768405116124864 ], [ -100.165721082680278, 25.768356276188801 ], [ -100.165828125988426, 25.768342009946235 ], [ -100.166102321259373, 25.768322363376345 ], [ -100.166622855072916, 25.768288044996105 ], [ -100.166545976403981, 25.768119535918004 ] ] ] } },
{ "type": "Feature", "properties": { "CVEGEO": "1900600010155", "CVE_ENT": "19", "CVE_MUN": "006", "CVE_LOC": "0001", "CVE_ASEN": "0155", "CP": "66645", "FECHA_ACT": "11/2024", "INSTITUCIO": "SECRETARÍA DE DESARROLLO URBANO, OBRAS PÚBLICAS, ECOLOGÍA Y TRANSPORTE DE APODACA", "NOM_ASEN": "PADILLA", "TIPO": "COLONIA", "Shape_Leng": 734.63863681099997, "Shape_Area": 26922.508628200001 }, "geometry": { "type": "Polygon", "coordinates": [ [ [ -100.179966793908193, 25.744987531678738 ], [ -100.179933900268722, 25.745058988538357 ], [ -100.179448015949589, 25.74561452540571 ], [ -100.178513838896961, 25.746625133886695 ], [ -100.178403970090372, 25.746762196580214 ], [ -100.178349168832014, 25.746830404263839 ], [ -100.178229624159641, 25.74682530938107 ], [ -100.178143037643409, 25.746827654633705 ], [ -100.177576968155094, 25.745042971577334 ], [ -100.177553876003174, 25.744970161585968 ], [ -100.178439484761014, 25.744982506558131 ], [ -100.179966793908193, 25.744987531678738 ] ] ] } },
{ "type": "Feature", "properties": { "CVEGEO": "1900600010164", "CVE_ENT": "19", "CVE_MUN": "006", "CVE_LOC": "0001", "CVE_ASEN": "0164", "CP": "66646", "FECHA_ACT": "11/2024", "INSTITUCIO": "SECRETARÍA DE DESARROLLO URBANO, OBRAS PÚBLICAS, ECOLOGÍA Y TRANSPORTE DE APODACA", "NOM_ASEN": "PORTAL DE HUINALÁ", "TIPO": "COLONIA", "Shape_Leng": 1920.8607418199999, "Shape_Area": 200694.46565599999 }, "geometry": { "type": "Polygon", "coordinates": [ [ [ -100.159500164450904, 25.755745183586935 ], [ -100.159314617856509, 25.755780495268073 ], [ -100.158909456677122, 25.755861874399056 ], [ -100.158459864516033, 25.755952204922192 ], [ -100.158029451162037, 25.756033260948076 ], [ -100.15752592692786, 25.756129388525775 ], [ -100.157470424299476, 25.756137961532957 ], [ -100.156962244158649, 25.756239293751822 ], [ -100.156553468680116, 25.756317259825241 ], [ -100.156144173608538, 25.75639679697521 ], [ -100.155735739311524, 25.756475492326121 ], [ -100.1553120840113, 25.756558032780113 ], [ -100.155065774994185, 25.756607330545144 ], [ -100.154996285605677, 25.75662170961801 ], [ -100.15484685711003, 25.756649143238921 ], [ -100.154816281426989, 25.756627679284602 ], [ -100.154571780471159, 25.75650544913422 ], [ -100.154476076644073, 25.756457605217783 ], [ -100.153082189379177, 25.75576076196543 ], [ -100.152928795748338, 25.755684074620874 ], [ -100.152785113756664, 25.755557092904908 ], [ -100.152438120724767, 25.755372727799436 ], [ -100.151710467868654, 25.755024905918749 ], [ -100.151857714984544, 25.754500354724083 ], [ -100.151979993650798, 25.75430693044488 ], [ -100.152105483386265, 25.754161059548913 ], [ -100.15201074423446, 25.754062215467467 ], [ -100.152006831849732, 25.754009164595221 ], [ -100.152001292336749, 25.75393405457427 ], [ -100.152025326948817, 25.753748283435563 ], [ -100.152037345230511, 25.75365539786603 ], [ -100.152510432938058, 25.753761901571185 ], [ -100.152780028936576, 25.753786176036883 ], [ -100.153053465343206, 25.75375760570514 ], [ -100.153446955998348, 25.753666204529221 ], [ -100.155438385483052, 25.753125875695535 ], [ -100.15638115660613, 25.75287006467045 ], [ -100.156877886999254, 25.752772357732788 ], [ -100.157429920835924, 25.75341159927282 ], [ -100.157794040909934, 25.753829764043623 ], [ -100.158096660911198, 25.754155041189517 ], [ -100.15845441134951, 25.754567689861361 ], [ -100.158727747080135, 25.75487473352511 ], [ -100.159031114326922, 25.755217155931113 ], [ -100.159338002361665, 25.755562992606347 ], [ -100.1594027562506, 25.755635750185615 ], [ -100.159500164450904, 25.755745183586935 ] ] ] } },
{ "type": "Feature", "properties": { "CVEGEO": "1900600010171", "CVE_ENT": "19", "CVE_MUN": "006", "CVE_LOC": "0001", "CVE_ASEN": "0171", "CP": "66646", "FECHA_ACT": "11/2024", "INSTITUCIO": "SECRETARÍA DE DESARROLLO URBANO, OBRAS PÚBLICAS, ECOLOGÍA Y TRANSPORTE DE APODACA", "NOM_ASEN": "PUEBLO NUEVO PRIMER SECTOR", "TIPO": "COLONIA", "Shape_Leng": 1838.9417030699999, "Shape_Area": 194677.52374800001 }, "geometry": { "type": "Polygon", "coordinates": [ [ [ -100.167256089414181, 25.759585438904963 ], [ -100.167348471408019, 25.759987269976129 ], [ -100.167435926805084, 25.7603626448104 ], [ -100.167526600912424, 25.760716579956732 ], [ -100.1675527418939, 25.760767900049913 ], [ -100.167594578138079, 25.761011162459734 ], [ -100.167677766960537, 25.761391726273072 ], [ -100.167758639802841, 25.76176169300124 ], [ -100.167835766298111, 25.762139806396959 ], [ -100.168145761974245, 25.76211746313686 ], [ -100.168275876593583, 25.762248809852633 ], [ -100.168594974189418, 25.762540391200027 ], [ -100.169478362254836, 25.763416917854808 ], [ -100.169101877208817, 25.763616545267084 ], [ -100.168729478997832, 25.763807340458605 ], [ -100.168537452489673, 25.763905187692711 ], [ -100.168419779587254, 25.764053693979722 ], [ -100.16831213051185, 25.764217912754802 ], [ -100.167994297741316, 25.764204636954648 ], [ -100.166576411591691, 25.764130638873468 ], [ -100.166123491728399, 25.76413041617781 ], [ -100.164875341639259, 25.764052976992772 ], [ -100.164466345654802, 25.764012643310565 ], [ -100.16441885827038, 25.763961050944751 ], [ -100.164330336420932, 25.76389695984124 ], [ -100.164268005722377, 25.763913051236617 ], [ -100.164228454033662, 25.763912995494952 ], [ -100.164179225436328, 25.763682605247002 ], [ -100.164110476288272, 25.763560260204123 ], [ -100.164102829429481, 25.763487880482842 ], [ -100.163769062847564, 25.760328495445474 ], [ -100.163771744902746, 25.760273542584116 ], [ -100.164022444768818, 25.760229036764084 ], [ -100.164471964762924, 25.760140460258885 ], [ -100.164860392329501, 25.760065423496282 ], [ -100.165265609060384, 25.759982250426486 ], [ -100.165666797617462, 25.759904480715392 ], [ -100.166096485807486, 25.759822131344453 ], [ -100.166440211256614, 25.759748778877306 ], [ -100.166839590889737, 25.759668920928839 ], [ -100.166971397186529, 25.759639559675058 ], [ -100.167256089414181, 25.759585438904963 ] ] ] } },
{ "type": "Feature", "properties": { "CVEGEO": "1900600010172", "CVE_ENT": "19", "CVE_MUN": "006", "CVE_LOC": "0001", "CVE_ASEN": "0172", "CP": "66646", "FECHA_ACT": "11/2024", "INSTITUCIO": "SECRETARÍA DE DESARROLLO URBANO, OBRAS PÚBLICAS, ECOLOGÍA Y TRANSPORTE DE APODACA", "NOM_ASEN": "PUEBLO NUEVO SEGUNDO SECTOR", "TIPO": "COLONIA", "Shape_Leng": 1911.4663302199999, "Shape_Area": 199098.31680299999 }, "geometry": { "type": "Polygon", "coordinates": [ [ [ -100.158909456677122, 25.755861874399056 ], [ -100.159314617856509, 25.755780495268073 ], [ -100.159547777833041, 25.756737273084461 ], [ -100.159667859028687, 25.757048122318185 ], [ -100.159750539151261, 25.757203648499392 ], [ -100.15978011338801, 25.757273305044521 ], [ -100.160109207125444, 25.757830825403659 ], [ -100.160237334041668, 25.758000015268625 ], [ -100.160430634610933, 25.758187806348541 ], [ -100.159048941383887, 25.758471357032846 ], [ -100.159205163073111, 25.759135475766314 ], [ -100.159292618595003, 25.759493599099894 ], [ -100.158847586977984, 25.759589755739484 ], [ -100.15844414779697, 25.759674707205711 ], [ -100.158520773465696, 25.760064248452281 ], [ -100.1583641969697, 25.760096300484303 ], [ -100.157894260832663, 25.760187361365102 ], [ -100.156685581862291, 25.760421815178457 ], [ -100.15625837188999, 25.760501586606445 ], [ -100.15550910952426, 25.760644745955599 ], [ -100.155308901713454, 25.760683550039889 ], [ -100.155304332482444, 25.760651811778278 ], [ -100.15523665739893, 25.760181679557849 ], [ -100.155225633921376, 25.760105093069804 ], [ -100.155224152766564, 25.760036894990403 ], [ -100.155223674604457, 25.760001456649405 ], [ -100.155219328258738, 25.759814845652638 ], [ -100.155218382814368, 25.759771266091271 ], [ -100.15522190443653, 25.759724589466416 ], [ -100.155014924601147, 25.758141328929696 ], [ -100.155010904391517, 25.758110578361229 ], [ -100.155007951149443, 25.758082699083261 ], [ -100.154858979113612, 25.756676572481464 ], [ -100.15484685711003, 25.756649143238921 ], [ -100.154996285605677, 25.75662170961801 ], [ -100.155065774994185, 25.756607330545144 ], [ -100.1553120840113, 25.756558032780113 ], [ -100.155735739311524, 25.756475492326121 ], [ -100.156144173608538, 25.75639679697521 ], [ -100.156553468680116, 25.756317259825241 ], [ -100.156962244158649, 25.756239293751822 ], [ -100.157470424299476, 25.756137961532957 ], [ -100.15752592692786, 25.756129388525775 ], [ -100.158029451162037, 25.756033260948076 ], [ -100.158459864516033, 25.755952204922192 ], [ -100.158909456677122, 25.755861874399056 ] ] ] } },
{ "type": "Feature", "properties": { "CVEGEO": "1900600010173", "CVE_ENT": "19", "CVE_MUN": "006", "CVE_LOC": "0001", "CVE_ASEN": "0173", "CP": "66646", "FECHA_ACT": "11/2024", "INSTITUCIO": "SECRETARÍA DE DESARROLLO URBANO, OBRAS PÚBLICAS, ECOLOGÍA Y TRANSPORTE DE APODACA", "NOM_ASEN": "PUEBLO NUEVO TERCER SECTOR", "TIPO": "COLONIA", "Shape_Leng": 2765.7195235700001, "Shape_Area": 317270.33355500002 }, "geometry": { "type": "Polygon", "coordinates": [ [ [ -100.160430634610933, 25.758187806348541 ], [ -100.161163256834854, 25.758850972382771 ], [ -100.161489608173341, 25.75916001148158 ], [ -100.161770161038987, 25.759443853336276 ], [ -100.162090601241516, 25.759687257378467 ], [ -100.162417935654872, 25.759927193438223 ], [ -100.162680283745956, 25.760113497827401 ], [ -100.16276231013542, 25.760161566102941 ], [ -100.162916732880674, 25.760262572946022 ], [ -100.163065491279255, 25.760340814518589 ], [ -100.163107283159121, 25.760353709690381 ], [ -100.163284836026619, 25.760373449051237 ], [ -100.163538371952583, 25.760333111886379 ], [ -100.163625610390909, 25.760299493428878 ], [ -100.163771744902746, 25.760273542584116 ], [ -100.163769062847564, 25.760328495445474 ], [ -100.164102829429481, 25.763487880482842 ], [ -100.164110476288272, 25.763560260204123 ], [ -100.164179225436328, 25.763682605247002 ], [ -100.164228454033662, 25.763912995494952 ], [ -100.164200937457153, 25.763920202778813 ], [ -100.164079702786523, 25.763971004032413 ], [ -100.164031281116095, 25.763987066100544 ], [ -100.163918290149454, 25.763942768327905 ], [ -100.162280955536403, 25.763041805589676 ], [ -100.161912978446708, 25.762843775782336 ], [ -100.161181248387209, 25.762449982837257 ], [ -100.160955943102095, 25.762805076617056 ], [ -100.160108471601575, 25.762853074418931 ], [ -100.15964970730704, 25.762901701280903 ], [ -100.158574143552642, 25.7629789991189 ], [ -100.158169129961252, 25.763003155534062 ], [ -100.157742658502769, 25.763036974770852 ], [ -100.157313505134226, 25.763063545602808 ], [ -100.156887032991122, 25.763099780580315 ], [ -100.155792692913721, 25.7631794949104 ], [ -100.155583480609351, 25.763201235454734 ], [ -100.155534454978323, 25.763174715365047 ], [ -100.155389261107118, 25.761496433259762 ], [ -100.155385843956708, 25.761456919153904 ], [ -100.155382140006068, 25.761419685523709 ], [ -100.15531378181727, 25.760732608311052 ], [ -100.155308901713454, 25.760683550039889 ], [ -100.15550910952426, 25.760644745955599 ], [ -100.15625837188999, 25.760501586606445 ], [ -100.156685581862291, 25.760421815178457 ], [ -100.157894260832663, 25.760187361365102 ], [ -100.1583641969697, 25.760096300484303 ], [ -100.158520773465696, 25.760064248452281 ], [ -100.15844414779697, 25.759674707205711 ], [ -100.158847586977984, 25.759589755739484 ], [ -100.159292618595003, 25.759493599099894 ], [ -100.159205163073111, 25.759135475766314 ], [ -100.159048941383887, 25.758471357032846 ], [ -100.160430634610933, 25.758187806348541 ] ] ] } },
{ "type": "Feature", "properties": { "CVEGEO": "1900600010174", "CVE_ENT": "19", "CVE_MUN": "006", "CVE_LOC": "0001", "CVE_ASEN": "0174", "CP": "66646", "FECHA_ACT": "11/2024", "INSTITUCIO": "SECRETARÍA DE DESARROLLO URBANO, OBRAS PÚBLICAS, ECOLOGÍA Y TRANSPORTE DE APODACA", "NOM_ASEN": "PUEBLO NUEVO CUARTO SECTOR", "TIPO": "COLONIA", "Shape_Leng": 3878.9388214000001, "Shape_Area": 384352.43033300003 }, "geometry": { "type": "Polygon", "coordinates": [ [ [ -100.174954429389089, 25.765097710805605 ], [ -100.172659620471336, 25.765578407722579 ], [ -100.172628392415177, 25.765556823799535 ], [ -100.171024466723509, 25.764448220417055 ], [ -100.170950538387203, 25.764397128306921 ], [ -100.170384148853117, 25.764377538217342 ], [ -100.169782448294029, 25.764352937776376 ], [ -100.169785331150919, 25.764405803449048 ], [ -100.168387121833405, 25.764368969086419 ], [ -100.168365256636449, 25.764327743695642 ], [ -100.168341082931704, 25.764282168871134 ], [ -100.16831213051185, 25.764217912754802 ], [ -100.168419779587254, 25.764053693979722 ], [ -100.168537452489673, 25.763905187692711 ], [ -100.168729478997832, 25.763807340458605 ], [ -100.169101877208817, 25.763616545267084 ], [ -100.169478362254836, 25.763416917854808 ], [ -100.168594974189418, 25.762540391200027 ], [ -100.168275876593583, 25.762248809852633 ], [ -100.168145761974245, 25.76211746313686 ], [ -100.167835766298111, 25.762139806396959 ], [ -100.167758639802841, 25.76176169300124 ], [ -100.167677766960537, 25.761391726273072 ], [ -100.167594578138079, 25.761011162459734 ], [ -100.1675527418939, 25.760767900049913 ], [ -100.167526600912424, 25.760716579956732 ], [ -100.167435926805084, 25.7603626448104 ], [ -100.167348471408019, 25.759987269976129 ], [ -100.167256089414181, 25.759585438904963 ], [ -100.168466137413731, 25.759346027157569 ], [ -100.168993039183292, 25.75923822096734 ], [ -100.16939468385398, 25.759156042713638 ], [ -100.169806499141387, 25.759080193909195 ], [ -100.169963399848143, 25.759047296266537 ], [ -100.170384440700801, 25.758966074302844 ], [ -100.171327477260448, 25.758776889901725 ], [ -100.171094235686255, 25.758309672314752 ], [ -100.170914416896139, 25.757951078339655 ], [ -100.170739589308738, 25.757602558584534 ], [ -100.170571133993718, 25.757239300853144 ], [ -100.170490515850602, 25.757081954019281 ], [ -100.170389858623224, 25.756879085536532 ], [ -100.170222897909298, 25.756532295614655 ], [ -100.170042030353613, 25.756172987753555 ], [ -100.169864765729514, 25.755817639444622 ], [ -100.169687887918329, 25.755471441480733 ], [ -100.169502379876064, 25.755100208208582 ], [ -100.169465287999472, 25.755018060565419 ], [ -100.169335364374874, 25.754763033994955 ], [ -100.169169133331295, 25.754410629146573 ], [ -100.16913116878861, 25.754346364596131 ], [ -100.168855458714233, 25.75373418824379 ], [ -100.169383932062573, 25.753597944257116 ], [ -100.169481475581023, 25.753507039284603 ], [ -100.169990665215067, 25.754545461296168 ], [ -100.170229983601914, 25.75506556870646 ], [ -100.171092717449071, 25.756833321121889 ], [ -100.172000291945636, 25.758642481936864 ], [ -100.172195892625922, 25.759017241493282 ], [ -100.172347414263967, 25.759292638417836 ], [ -100.172407969803999, 25.759419395280585 ], [ -100.172841290041859, 25.760443728449548 ], [ -100.172980159007622, 25.760798819454507 ], [ -100.173002257481684, 25.760866099549926 ], [ -100.173555316352477, 25.7622554956193 ], [ -100.17365553985681, 25.762526456859938 ], [ -100.173945170283403, 25.763242795460037 ], [ -100.174207340267529, 25.763729510459438 ], [ -100.174924459312706, 25.765019525548652 ], [ -100.174954429389089, 25.765097710805605 ] ] ] } },
{ "type": "Feature", "properties": { "CVEGEO": "1900600010175", "CVE_ENT": "19", "CVE_MUN": "006", "CVE_LOC": "0001", "CVE_ASEN": "0175", "CP": "66646", "FECHA_ACT": "11/2024", "INSTITUCIO": "SECRETARÍA DE DESARROLLO URBANO, OBRAS PÚBLICAS, ECOLOGÍA Y TRANSPORTE DE APODACA", "NOM_ASEN": "PUEBLO NUEVO QUINTO SECTOR", "TIPO": "COLONIA", "Shape_Leng": 3083.1966139199999, "Shape_Area": 559003.02493399999 }, "geometry": { "type": "Polygon", "coordinates": [ [ [ -100.164014956764575, 25.75491733299592 ], [ -100.164330291393114, 25.754797694444967 ], [ -100.16475940166805, 25.754642983133831 ], [ -100.165146994441187, 25.754513211044259 ], [ -100.165259725128934, 25.754487328880209 ], [ -100.165574322046012, 25.754457341776824 ], [ -100.16595345482024, 25.754366111581888 ], [ -100.166575988787756, 25.75420584779738 ], [ -100.167177045647179, 25.754056099100588 ], [ -100.167431365435178, 25.754001405990664 ], [ -100.167595671070373, 25.753980510678122 ], [ -100.16794855370334, 25.753946045010156 ], [ -100.168411037297858, 25.753860236522875 ], [ -100.168855458714233, 25.75373418824379 ], [ -100.16913116878861, 25.754346364596131 ], [ -100.169169133331295, 25.754410629146573 ], [ -100.169335364374874, 25.754763033994955 ], [ -100.169465287999472, 25.755018060565419 ], [ -100.169502379876064, 25.755100208208582 ], [ -100.169687887918329, 25.755471441480733 ], [ -100.169864765729514, 25.755817639444622 ], [ -100.170042030353613, 25.756172987753555 ], [ -100.170222897909298, 25.756532295614655 ], [ -100.170389858623224, 25.756879085536532 ], [ -100.170490515850602, 25.757081954019281 ], [ -100.170571133993718, 25.757239300853144 ], [ -100.170739589308738, 25.757602558584534 ], [ -100.170914416896139, 25.757951078339655 ], [ -100.171094235686255, 25.758309672314752 ], [ -100.171327477260448, 25.758776889901725 ], [ -100.170384440700801, 25.758966074302844 ], [ -100.169963399848143, 25.759047296266537 ], [ -100.169806499141387, 25.759080193909195 ], [ -100.16939468385398, 25.759156042713638 ], [ -100.168993039183292, 25.75923822096734 ], [ -100.168466137413731, 25.759346027157569 ], [ -100.167256089414181, 25.759585438904963 ], [ -100.166971397186529, 25.759639559675058 ], [ -100.166839590889737, 25.759668920928839 ], [ -100.166440211256614, 25.759748778877306 ], [ -100.166096485807486, 25.759822131344453 ], [ -100.165666797617462, 25.759904480715392 ], [ -100.165265609060384, 25.759982250426486 ], [ -100.164860392329501, 25.760065423496282 ], [ -100.164471964762924, 25.760140460258885 ], [ -100.164022444768818, 25.760229036764084 ], [ -100.163771744902746, 25.760273542584116 ], [ -100.163625610390909, 25.760299493428878 ], [ -100.163538371952583, 25.760333111886379 ], [ -100.163284836026619, 25.760373449051237 ], [ -100.163107283159121, 25.760353709690381 ], [ -100.163065491279255, 25.760340814518589 ], [ -100.162916732880674, 25.760262572946022 ], [ -100.16276231013542, 25.760161566102941 ], [ -100.162680283745956, 25.760113497827401 ], [ -100.162417935654872, 25.759927193438223 ], [ -100.162090601241516, 25.759687257378467 ], [ -100.161770161038987, 25.759443853336276 ], [ -100.161489608173341, 25.75916001148158 ], [ -100.161163256834854, 25.758850972382771 ], [ -100.160430634610933, 25.758187806348541 ], [ -100.160237334041668, 25.758000015268625 ], [ -100.160109207125444, 25.757830825403659 ], [ -100.15978011338801, 25.757273305044521 ], [ -100.159750539151261, 25.757203648499392 ], [ -100.159667859028687, 25.757048122318185 ], [ -100.159547777833041, 25.756737273084461 ], [ -100.159314617856509, 25.755780495268073 ], [ -100.159500164450904, 25.755745183586935 ], [ -100.15986572633301, 25.755675714310215 ], [ -100.160730715805087, 25.75550995341241 ], [ -100.161152617001846, 25.755426160910382 ], [ -100.162150937293816, 25.755233950334357 ], [ -100.162982354189211, 25.755129799163097 ], [ -100.163218136427759, 25.755098514269292 ], [ -100.163470288005485, 25.755075170086602 ], [ -100.163709765677439, 25.755027884289742 ], [ -100.163940073495027, 25.754943146970081 ], [ -100.164014956764575, 25.75491733299592 ] ] ] } },
{ "type": "Feature", "properties": { "CVEGEO": "1900600010177", "CVE_ENT": "19", "CVE_MUN": "006", "CVE_LOC": "0001", "CVE_ASEN": "0177", "CP": "66644", "FECHA_ACT": "11/2024", "INSTITUCIO": "SECRETARÍA DE DESARROLLO URBANO, OBRAS PÚBLICAS, ECOLOGÍA Y TRANSPORTE DE APODACA", "NOM_ASEN": "REAL HACIENDA DE HUINALÁ PRIMER SECTOR E-1", "TIPO": "COLONIA", "Shape_Leng": 1295.5886369, "Shape_Area": 96833.842503099993 }, "geometry": { "type": "Polygon", "coordinates": [ [ [ -100.156755985985853, 25.738979135490254 ], [ -100.156846158582795, 25.738860938331548 ], [ -100.15736090008113, 25.738295548985406 ], [ -100.157190991692033, 25.738083139061636 ], [ -100.157169722997295, 25.738057462495927 ], [ -100.157144992508847, 25.738025634178456 ], [ -100.156958412279863, 25.737792382650476 ], [ -100.157087400415975, 25.737534497945159 ], [ -100.157150448308258, 25.737408443870134 ], [ -100.157495927417216, 25.736717707688936 ], [ -100.157695595447834, 25.736796209323668 ], [ -100.157772771502223, 25.736819066081576 ], [ -100.158049151690662, 25.736929439745829 ], [ -100.158107980616123, 25.736957038831445 ], [ -100.159485789269269, 25.737607703397867 ], [ -100.159499787487348, 25.737614048315251 ], [ -100.160427629210204, 25.738034602927566 ], [ -100.160535724389305, 25.738084779389798 ], [ -100.159918175853363, 25.739220935686777 ], [ -100.159446526279737, 25.740077489390657 ], [ -100.158769885300927, 25.740963793085431 ], [ -100.158301372774758, 25.74051609294721 ], [ -100.157589323457032, 25.739835514038106 ], [ -100.156755985985853, 25.738979135490254 ] ] ] } },
{ "type": "Feature", "properties": { "CVEGEO": "1900600010190", "CVE_ENT": "19", "CVE_MUN": "006", "CVE_LOC": "0001", "CVE_ASEN": "0190", "CP": "66640", "FECHA_ACT": "11/2024", "INSTITUCIO": "SECRETARÍA DE DESARROLLO URBANO, OBRAS PÚBLICAS, ECOLOGÍA Y TRANSPORTE DE APODACA", "NOM_ASEN": "SAN ANDRÉS PRIMER SECTOR", "TIPO": "COLONIA", "Shape_Leng": 2241.2839899300002, "Shape_Area": 166857.90289900001 }, "geometry": { "type": "Polygon", "coordinates": [ [ [ -100.174467812866837, 25.744938596011032 ], [ -100.174097913314725, 25.74493651892487 ], [ -100.174032436762431, 25.744833754621368 ], [ -100.173734161135442, 25.744365620449489 ], [ -100.173710542693527, 25.744328548936821 ], [ -100.173689315073034, 25.744295232795565 ], [ -100.172771970343817, 25.742944262249988 ], [ -100.172711605928242, 25.742854838439797 ], [ -100.172507982359548, 25.742927848291366 ], [ -100.172436628112905, 25.74287621051138 ], [ -100.172430469675788, 25.742841576952497 ], [ -100.17238578102824, 25.742590271365568 ], [ -100.172372547223688, 25.742515854529014 ], [ -100.172335986521446, 25.742310252542492 ], [ -100.172329572205271, 25.741890982311588 ], [ -100.172326092943521, 25.741840321944895 ], [ -100.172323212808621, 25.741797757203759 ], [ -100.172338875687331, 25.740178333255113 ], [ -100.172315866345656, 25.740083680488048 ], [ -100.172234658818311, 25.73974962879911 ], [ -100.172225684531654, 25.739712716879204 ], [ -100.172206354687404, 25.739676418286599 ], [ -100.171925294344049, 25.739148643518718 ], [ -100.170872246440481, 25.73952998589667 ], [ -100.170830992871302, 25.739544924911254 ], [ -100.170800909828358, 25.739555140447187 ], [ -100.170627044695834, 25.739614182784727 ], [ -100.170349016150695, 25.738971880915134 ], [ -100.170273255217168, 25.738796855547204 ], [ -100.170428020579649, 25.738675633070585 ], [ -100.17062477764523, 25.738521435902364 ], [ -100.170905143417613, 25.738301716676041 ], [ -100.171106091449417, 25.738144951464548 ], [ -100.171475022332217, 25.737861484341799 ], [ -100.17163889818093, 25.737727760161015 ], [ -100.171801065924797, 25.737836467836509 ], [ -100.172529427329735, 25.738309763182301 ], [ -100.172569797439863, 25.738337076662805 ], [ -100.172611034539202, 25.738364978811667 ], [ -100.173688663726722, 25.739094096298899 ], [ -100.173727669315909, 25.739120486711432 ], [ -100.173770269919189, 25.739149311272726 ], [ -100.174634379062297, 25.739733948266771 ], [ -100.174801448738563, 25.740489197340729 ], [ -100.174814964895035, 25.740550304238347 ], [ -100.174827714642149, 25.740607941146081 ], [ -100.175043833368932, 25.74158490186921 ], [ -100.175052259152721, 25.741622999051966 ], [ -100.175060464755433, 25.741660088728807 ], [ -100.175146885371134, 25.742034124983018 ], [ -100.175003725109704, 25.742115029251011 ], [ -100.174815919932541, 25.742205016764967 ], [ -100.174600670541224, 25.742287008943165 ], [ -100.174475706787646, 25.742323557503468 ], [ -100.174478896348944, 25.742353135561917 ], [ -100.174497861110211, 25.742416908324735 ], [ -100.174968046863512, 25.744274616963164 ], [ -100.175026927017811, 25.744332698264312 ], [ -100.175038099088866, 25.744376778795679 ], [ -100.175147612667672, 25.744808907504588 ], [ -100.175118925323588, 25.744944823900447 ], [ -100.174733854066616, 25.744940978937382 ], [ -100.174528257812611, 25.744939145898723 ], [ -100.174467812866837, 25.744938596011032 ] ] ] } },
{ "type": "Feature", "properties": { "CVEGEO": "1900600010194", "CVE_ENT": "19", "CVE_MUN": "006", "CVE_LOC": "0001", "CVE_ASEN": "0194", "CP": "66646", "FECHA_ACT": "11/2024", "INSTITUCIO": "SECRETARÍA DE DESARROLLO URBANO, OBRAS PÚBLICAS, ECOLOGÍA Y TRANSPORTE DE APODACA", "NOM_ASEN": "SAN ISIDRO I", "TIPO": "COLONIA", "Shape_Leng": 1331.3291442300001, "Shape_Area": 112520.329902 }, "geometry": { "type": "Polygon", "coordinates": [ [ [ -100.151368261339499, 25.759129981502891 ], [ -100.15135290812313, 25.759007462674234 ], [ -100.151348598210404, 25.758973058879896 ], [ -100.151344183855457, 25.758937830310423 ], [ -100.151151367291106, 25.757398997329553 ], [ -100.151148211363335, 25.757372891493304 ], [ -100.151377054541044, 25.757331562566979 ], [ -100.15334779917201, 25.756949251035469 ], [ -100.153848469557218, 25.756854095721987 ], [ -100.154263534775268, 25.756776804923977 ], [ -100.154657662332824, 25.75668387727417 ], [ -100.15484685711003, 25.756649143238921 ], [ -100.154858979113612, 25.756676572481464 ], [ -100.155007951149443, 25.758082699083261 ], [ -100.155010904391517, 25.758110578361229 ], [ -100.155014924601147, 25.758141328929696 ], [ -100.15522190443653, 25.759724589466416 ], [ -100.155218382814368, 25.759771266091271 ], [ -100.155141619018593, 25.759813220280421 ], [ -100.154987523987316, 25.759897437569133 ], [ -100.15484665141696, 25.75996420755969 ], [ -100.154686031514544, 25.760018540955997 ], [ -100.15444238668222, 25.760071311697914 ], [ -100.154164189577543, 25.760086784504864 ], [ -100.15389804364473, 25.760046176140605 ], [ -100.153746503307616, 25.759990212841739 ], [ -100.153559353534803, 25.759895121744329 ], [ -100.153493983025712, 25.759869896029297 ], [ -100.153430288060775, 25.759845315651592 ], [ -100.153106410546215, 25.75972032957014 ], [ -100.151368261339499, 25.759129981502891 ] ] ] } },
{ "type": "Feature", "properties": { "CVEGEO": "1900600010195", "CVE_ENT": "19", "CVE_MUN": "006", "CVE_LOC": "0001", "CVE_ASEN": "0195", "CP": "66646", "FECHA_ACT": "11/2024", "INSTITUCIO": "SECRETARÍA DE DESARROLLO URBANO, OBRAS PÚBLICAS, ECOLOGÍA Y TRANSPORTE DE APODACA", "NOM_ASEN": "SAN ISIDRO II", "TIPO": "COLONIA", "Shape_Leng": 1715.90194802, "Shape_Area": 162218.02342700001 }, "geometry": { "type": "Polygon", "coordinates": [ [ [ -100.155389261107118, 25.761496433259762 ], [ -100.155534454978323, 25.763174715365047 ], [ -100.155583480609351, 25.763201235454734 ], [ -100.155588904952637, 25.763285050568417 ], [ -100.155603606958039, 25.763444145478797 ], [ -100.155536876030538, 25.763448400343734 ], [ -100.151862145857891, 25.763813498722307 ], [ -100.151829965761124, 25.763613312152192 ], [ -100.151824910865372, 25.763564233695153 ], [ -100.151819752229628, 25.763514140004446 ], [ -100.151670266650029, 25.762062622381599 ], [ -100.151666763449882, 25.762014031789604 ], [ -100.15166441611548, 25.761981486755893 ], [ -100.151518239362815, 25.760562053606108 ], [ -100.151509554176542, 25.760502046856704 ], [ -100.151504240880229, 25.760450451048641 ], [ -100.151476930005984, 25.760212685707714 ], [ -100.151368261339499, 25.759129981502891 ], [ -100.153106410546215, 25.75972032957014 ], [ -100.153430288060775, 25.759845315651592 ], [ -100.153493983025712, 25.759869896029297 ], [ -100.153559353534803, 25.759895121744329 ], [ -100.153746503307616, 25.759990212841739 ], [ -100.15389804364473, 25.760046176140605 ], [ -100.154164189577543, 25.760086784504864 ], [ -100.15444238668222, 25.760071311697914 ], [ -100.154686031514544, 25.760018540955997 ], [ -100.15484665141696, 25.75996420755969 ], [ -100.154987523987316, 25.759897437569133 ], [ -100.155141619018593, 25.759813220280421 ], [ -100.155218382814368, 25.759771266091271 ], [ -100.155219328258738, 25.759814845652638 ], [ -100.155223674604457, 25.760001456649405 ], [ -100.155224152766564, 25.760036894990403 ], [ -100.155225633921376, 25.760105093069804 ], [ -100.15523665739893, 25.760181679557849 ], [ -100.155304332482444, 25.760651811778278 ], [ -100.155308901713454, 25.760683550039889 ], [ -100.15531378181727, 25.760732608311052 ], [ -100.155382140006068, 25.761419685523709 ], [ -100.155385843956708, 25.761456919153904 ], [ -100.155389261107118, 25.761496433259762 ] ] ] } },
{ "type": "Feature", "properties": { "CVEGEO": "1900600010227", "CVE_ENT": "19", "CVE_MUN": "006", "CVE_LOC": "0001", "CVE_ASEN": "0227", "CP": "00000", "FECHA_ACT": "11/2024", "INSTITUCIO": "SECRETARÍA DE DESARROLLO URBANO, OBRAS PÚBLICAS, ECOLOGÍA Y TRANSPORTE DE APODACA", "NOM_ASEN": "NINGUNO", "TIPO": "NINGUNO", "Shape_Leng": 4736.69916225, "Shape_Area": 834216.94993899995 }, "geometry": { "type": "Polygon", "coordinates": [ [ [ -100.155603606958039, 25.763444145478797 ], [ -100.155588904952637, 25.763285050568417 ], [ -100.155583480609351, 25.763201235454734 ], [ -100.155792692913721, 25.7631794949104 ], [ -100.156887032991122, 25.763099780580315 ], [ -100.157313505134226, 25.763063545602808 ], [ -100.157742658502769, 25.763036974770852 ], [ -100.158169129961252, 25.763003155534062 ], [ -100.158574143552642, 25.7629789991189 ], [ -100.15964970730704, 25.762901701280903 ], [ -100.160108471601575, 25.762853074418931 ], [ -100.160955943102095, 25.762805076617056 ], [ -100.161181248387209, 25.762449982837257 ], [ -100.161912978446708, 25.762843775782336 ], [ -100.162280955536403, 25.763041805589676 ], [ -100.163918290149454, 25.763942768327905 ], [ -100.164031281116095, 25.763987066100544 ], [ -100.164079702786523, 25.763971004032413 ], [ -100.164200937457153, 25.763920202778813 ], [ -100.164228454033662, 25.763912995494952 ], [ -100.164268005722377, 25.763913051236617 ], [ -100.164330336420932, 25.76389695984124 ], [ -100.16441885827038, 25.763961050944751 ], [ -100.164466345654802, 25.764012643310565 ], [ -100.164875341639259, 25.764052976992772 ], [ -100.166123491728399, 25.76413041617781 ], [ -100.166576411591691, 25.764130638873468 ], [ -100.167994297741316, 25.764204636954648 ], [ -100.16831213051185, 25.764217912754802 ], [ -100.168341082931704, 25.764282168871134 ], [ -100.168365256636449, 25.764327743695642 ], [ -100.168387121833405, 25.764368969086419 ], [ -100.169785331150919, 25.764405803449048 ], [ -100.169782448294029, 25.764352937776376 ], [ -100.170384148853117, 25.764377538217342 ], [ -100.170950538387203, 25.764397128306921 ], [ -100.171006045668989, 25.764435487552046 ], [ -100.171024466723509, 25.764448220417055 ], [ -100.172628392415177, 25.765556823799535 ], [ -100.172659620471336, 25.765578407722579 ], [ -100.174954429389089, 25.765097710805605 ], [ -100.174983330922728, 25.765173674305284 ], [ -100.174989817549729, 25.765397471371411 ], [ -100.174957694994774, 25.765596878908621 ], [ -100.174862575454611, 25.765902570968823 ], [ -100.174769943474232, 25.76605362592327 ], [ -100.174496661961072, 25.766233026469425 ], [ -100.174390527932147, 25.766320749960077 ], [ -100.174346312453622, 25.766437497956211 ], [ -100.174220066384137, 25.766488787834586 ], [ -100.172633212825289, 25.767117358455515 ], [ -100.171907428019097, 25.767384486767163 ], [ -100.171461399190932, 25.767523066932878 ], [ -100.170632017476848, 25.767728353704808 ], [ -100.169937191498917, 25.767839608642927 ], [ -100.169374487548964, 25.767908668935569 ], [ -100.168891568864311, 25.767949644116594 ], [ -100.168366697086554, 25.767984730622199 ], [ -100.168316848217302, 25.767672845848594 ], [ -100.166456219657661, 25.76787163570798 ], [ -100.166185969865722, 25.767897672063533 ], [ -100.165931918117309, 25.767926739857501 ], [ -100.164325864420249, 25.768052595420844 ], [ -100.15766118225666, 25.768535632952119 ], [ -100.156141009460327, 25.768651301215495 ], [ -100.155603606958039, 25.763444145478797 ] ] ] } },
{ "type": "Feature", "properties": { "CVEGEO": "1900600010229", "CVE_ENT": "19", "CVE_MUN": "006", "CVE_LOC": "0001", "CVE_ASEN": "0229", "CP": "66640", "FECHA_ACT": "11/2024", "INSTITUCIO": "SECRETARÍA DE DESARROLLO URBANO, OBRAS PÚBLICAS, ECOLOGÍA Y TRANSPORTE DE APODACA", "NOM_ASEN": "REAL HACIENDA DE HUINALÁ", "TIPO": "COLONIA", "Shape_Leng": 2429.9797224099998, "Shape_Area": 320261.13823400001 }, "geometry": { "type": "Polygon", "coordinates": [ [ [ -100.162299907909471, 25.751070043104022 ], [ -100.162761924330738, 25.750231863076536 ], [ -100.163179790204182, 25.749472537457223 ], [ -100.16332943378346, 25.749186260994129 ], [ -100.164191533896357, 25.747630270869823 ], [ -100.164365205930196, 25.747297600697742 ], [ -100.164453692814817, 25.747317305299376 ], [ -100.166425870776862, 25.748653065776889 ], [ -100.16649546238277, 25.748716607281096 ], [ -100.166624640378814, 25.748842148537925 ], [ -100.167009680862208, 25.749409111195419 ], [ -100.167109502942807, 25.7495263840474 ], [ -100.167177080380213, 25.749668340528949 ], [ -100.167307412250082, 25.749870426575779 ], [ -100.16770602339875, 25.750480341021735 ], [ -100.168603742375694, 25.751860035448882 ], [ -100.169449517040704, 25.753227854004248 ], [ -100.169427479364245, 25.753283105941122 ], [ -100.169481475581023, 25.753507039284603 ], [ -100.169383932062573, 25.753597944257116 ], [ -100.168855458714233, 25.75373418824379 ], [ -100.168411037297858, 25.753860236522875 ], [ -100.16794855370334, 25.753946045010156 ], [ -100.167595671070373, 25.753980510678122 ], [ -100.167431365435178, 25.754001405990664 ], [ -100.167177045647179, 25.754056099100588 ], [ -100.166575988787756, 25.75420584779738 ], [ -100.16595345482024, 25.754366111581888 ], [ -100.165574322046012, 25.754457341776824 ], [ -100.165259725128934, 25.754487328880209 ], [ -100.165146994441187, 25.754513211044259 ], [ -100.16475940166805, 25.754642983133831 ], [ -100.164330291393114, 25.754797694444967 ], [ -100.164014956764575, 25.75491733299592 ], [ -100.16399978240203, 25.754832789675678 ], [ -100.163786287946891, 25.753002837000391 ], [ -100.16378264869455, 25.752747508136647 ], [ -100.163666522768011, 25.75181508886801 ], [ -100.163640507838508, 25.751766422166988 ], [ -100.163606188061053, 25.751495209364304 ], [ -100.162299907909471, 25.751070043104022 ] ] ] } },
{ "type": "Feature", "properties": { "CVEGEO": "1900600010235", "CVE_ENT": "19", "CVE_MUN": "006", "CVE_LOC": "0001", "CVE_ASEN": "0235", "CP": "00000", "FECHA_ACT": "11/2024", "INSTITUCIO": "SECRETARÍA DE DESARROLLO URBANO, OBRAS PÚBLICAS, ECOLOGÍA Y TRANSPORTE DE APODACA", "NOM_ASEN": "NINGUNO", "TIPO": "NINGUNO", "Shape_Leng": 1736.19136488, "Shape_Area": 172890.44372400001 }, "geometry": { "type": "Polygon", "coordinates": [ [ [ -100.152179197139176, 25.765695786788481 ], [ -100.152020240345649, 25.764599531236271 ], [ -100.151992332353089, 25.764482713024858 ], [ -100.151862145857891, 25.763813498722307 ], [ -100.155536876030538, 25.763448400343734 ], [ -100.155603606958039, 25.763444145478797 ], [ -100.156141009460327, 25.768651301215495 ], [ -100.155044116380751, 25.76873196764739 ], [ -100.154523915486138, 25.768767855458766 ], [ -100.152179197139176, 25.765695786788481 ] ] ] } },
{ "type": "Feature", "properties": { "CVEGEO": "1900600010238", "CVE_ENT": "19", "CVE_MUN": "006", "CVE_LOC": "0001", "CVE_ASEN": "0238", "CP": "66637", "FECHA_ACT": "11/2024", "INSTITUCIO": "SECRETARÍA DE DESARROLLO URBANO, OBRAS PÚBLICAS, ECOLOGÍA Y TRANSPORTE DE APODACA", "NOM_ASEN": "PARQUE INDUSTRIAL MARTEL", "TIPO": "ZONA INDUSTRIAL", "Shape_Leng": 6651.8908830700002, "Shape_Area": 1265346.7303299999 }, "geometry": { "type": "Polygon", "coordinates": [ [ [ -100.179344533798314, 25.760415955634802 ], [ -100.178741866305501, 25.758922994790407 ], [ -100.178103373325101, 25.757331986485212 ], [ -100.180898484872401, 25.756379665529138 ], [ -100.181115922729717, 25.756367342667502 ], [ -100.181314801301554, 25.756409525577322 ], [ -100.181354685484777, 25.756413707738947 ], [ -100.181449966667245, 25.756427762904497 ], [ -100.182212098899271, 25.754274991016178 ], [ -100.182452536764558, 25.753521820651788 ], [ -100.182654133567397, 25.752896362967675 ], [ -100.182858430625728, 25.752436543232037 ], [ -100.183392852298326, 25.751171991013056 ], [ -100.183556717365775, 25.750727131361415 ], [ -100.183737282720088, 25.750475568297059 ], [ -100.183797952005762, 25.750400671818227 ], [ -100.184257932743733, 25.749853756198359 ], [ -100.184381508902916, 25.749680432634324 ], [ -100.184404347953318, 25.749653827248878 ], [ -100.184549598195346, 25.749484617673662 ], [ -100.184814835921685, 25.749163206857368 ], [ -100.184822754262001, 25.749401881184959 ], [ -100.184844743363797, 25.749576321355462 ], [ -100.184876920906547, 25.749854320136265 ], [ -100.184925404599866, 25.750071247698386 ], [ -100.185439114339161, 25.751128091963071 ], [ -100.185548504138481, 25.751191146656069 ], [ -100.186539182543015, 25.751069479146494 ], [ -100.186580137295522, 25.751064449893104 ], [ -100.186654168164026, 25.751073226636056 ], [ -100.186892290467341, 25.751054422753082 ], [ -100.188070022865404, 25.750931424285376 ], [ -100.188170806309515, 25.750758015847349 ], [ -100.188332998662432, 25.7507156043241 ], [ -100.189317693330253, 25.750218379379724 ], [ -100.189306960158916, 25.750177060616821 ], [ -100.189374812612968, 25.750148097652072 ], [ -100.189465239734247, 25.749898550400324 ], [ -100.189579733804905, 25.749583854288641 ], [ -100.189689488627636, 25.749275302299111 ], [ -100.189798939994844, 25.748961179508832 ], [ -100.189834869521661, 25.748894123706894 ], [ -100.190024332041602, 25.748689739323805 ], [ -100.190255664796027, 25.748435643262319 ], [ -100.190480006356722, 25.748179085141594 ], [ -100.190517094974496, 25.748216413107727 ], [ -100.190664158016929, 25.748058295786432 ], [ -100.189509843390056, 25.747636005743811 ], [ -100.189245906999133, 25.747543033048039 ], [ -100.189014963055357, 25.747447507592202 ], [ -100.187442044486971, 25.746879420415365 ], [ -100.187439892805727, 25.746870267690738 ], [ -100.187178174404465, 25.745730152092559 ], [ -100.187162383415625, 25.745661376292677 ], [ -100.190611093390743, 25.746236961778152 ], [ -100.191936322413156, 25.746458115802177 ], [ -100.191492342887983, 25.746816616831453 ], [ -100.191284521919442, 25.747063720234934 ], [ -100.191251988171203, 25.747199711280111 ], [ -100.191218171509433, 25.748042388774866 ], [ -100.19125974831222, 25.748563182500316 ], [ -100.19128387835795, 25.748877482536791 ], [ -100.191292383329781, 25.748968232809055 ], [ -100.191281857712156, 25.751017808668557 ], [ -100.191148854872509, 25.751875377362463 ], [ -100.191029080362824, 25.752624965726575 ], [ -100.190829792970732, 25.753882762173667 ], [ -100.190603483506422, 25.755265503052378 ], [ -100.190481687009466, 25.756009665643596 ], [ -100.190759950417473, 25.756576529362665 ], [ -100.19165078547951, 25.75843597400609 ], [ -100.191988762586931, 25.759150284344102 ], [ -100.189935797184674, 25.760055077886648 ], [ -100.189832478617419, 25.76009585276649 ], [ -100.186254296121106, 25.761525293804205 ], [ -100.183102683635795, 25.762785330387253 ], [ -100.18295681251783, 25.762844376444932 ], [ -100.182844071243423, 25.762889515535473 ], [ -100.18253944267002, 25.76224617231167 ], [ -100.18240499372078, 25.761911662800514 ], [ -100.182236755110011, 25.761221938129555 ], [ -100.182113723833567, 25.760474462799269 ], [ -100.182074764665373, 25.759404114559402 ], [ -100.179344533798314, 25.760415955634802 ] ] ] } },
{ "type": "Feature", "properties": { "CVEGEO": "1900600010240", "CVE_ENT": "19", "CVE_MUN": "006", "CVE_LOC": "0001", "CVE_ASEN": "0240", "CP": "66600", "FECHA_ACT": "11/2024", "INSTITUCIO": "SECRETARÍA DE DESARROLLO URBANO, OBRAS PÚBLICAS, ECOLOGÍA Y TRANSPORTE DE APODACA", "NOM_ASEN": "NINGUNO", "TIPO": "NINGUNO", "Shape_Leng": 2629.2390024599999, "Shape_Area": 232120.56033099999 }, "geometry": { "type": "Polygon", "coordinates": [ [ [ -100.180465582240956, 25.780243842424099 ], [ -100.180099863400514, 25.780427616318953 ], [ -100.179725088219442, 25.780616348045733 ], [ -100.178745912078284, 25.781120101423742 ], [ -100.179231584291117, 25.781919714837738 ], [ -100.179681761334322, 25.782668749640088 ], [ -100.181093814859892, 25.785009297177549 ], [ -100.181572587212543, 25.78578461047001 ], [ -100.181862584396171, 25.786267646222807 ], [ -100.182037026950283, 25.786569830140913 ], [ -100.181367319119943, 25.786880554772068 ], [ -100.181102514941728, 25.787123846244747 ], [ -100.180512389888193, 25.78740383749528 ], [ -100.180351298023254, 25.787502439146273 ], [ -100.180301563118419, 25.7875328809404 ], [ -100.178892062310595, 25.785330945877739 ], [ -100.176839574161775, 25.781972693947033 ], [ -100.176450231111957, 25.781386279389423 ], [ -100.175641151727064, 25.779987896593202 ], [ -100.177718419552406, 25.779438198629748 ], [ -100.178167660587349, 25.779311710671291 ], [ -100.17861382486484, 25.779174688651612 ], [ -100.179612430749884, 25.778868001011229 ], [ -100.179992107264042, 25.779480019849547 ], [ -100.180235258258378, 25.7798705823825 ], [ -100.180465582240956, 25.780243842424099 ] ] ] } },
{ "type": "Feature", "properties": { "CVEGEO": "1900600010241", "CVE_ENT": "19", "CVE_MUN": "006", "CVE_LOC": "0001", "CVE_ASEN": "0241", "CP": "00000", "FECHA_ACT": "11/2024", "INSTITUCIO": "SECRETARÍA DE DESARROLLO URBANO, OBRAS PÚBLICAS, ECOLOGÍA Y TRANSPORTE DE APODACA", "NOM_ASEN": "NINGUNO", "TIPO": "NINGUNO", "Shape_Leng": 9310.7570935599997, "Shape_Area": 3306396.4154300001 }, "geometry": { "type": "Polygon", "coordinates": [ [ [ -100.191247309329142, 25.772858095091038 ], [ -100.189768393389727, 25.773900470790544 ], [ -100.18927604206479, 25.774214676546958 ], [ -100.189220787095863, 25.774326781205279 ], [ -100.188456061010015, 25.774897744739036 ], [ -100.188417208812155, 25.77492773331603 ], [ -100.187700799468089, 25.775486575050234 ], [ -100.186916841642542, 25.776071530401552 ], [ -100.186126973738851, 25.776609786003537 ], [ -100.185282936851124, 25.777111104947192 ], [ -100.184361707550465, 25.777409253795447 ], [ -100.183844527248027, 25.777568139670809 ], [ -100.183405434159098, 25.777703035468448 ], [ -100.182517201461991, 25.777975853536027 ], [ -100.181534219452232, 25.778277766850895 ], [ -100.181048373817575, 25.778426986589512 ], [ -100.180577318367781, 25.77857166204339 ], [ -100.180363678444863, 25.77863727509169 ], [ -100.179730763667393, 25.77883165950314 ], [ -100.179612430749884, 25.778868001011229 ], [ -100.17861382486484, 25.779174688651612 ], [ -100.178167660587349, 25.779311710671291 ], [ -100.177718419552406, 25.779438198629748 ], [ -100.175641151727064, 25.779987896593202 ], [ -100.175610107894457, 25.779935024826582 ], [ -100.175277517280605, 25.780043432705948 ], [ -100.174709189822423, 25.779417693812093 ], [ -100.173404560384952, 25.777973288409115 ], [ -100.175811377220498, 25.776171899201834 ], [ -100.175773750692628, 25.776130520969041 ], [ -100.171076066911269, 25.770964262035886 ], [ -100.171051536940737, 25.770937284299805 ], [ -100.171014075192531, 25.770896084396661 ], [ -100.168474613305293, 25.768083237025724 ], [ -100.168366697086554, 25.767984730622199 ], [ -100.168891568864311, 25.767949644116594 ], [ -100.169374487548964, 25.767908668935569 ], [ -100.169937191498917, 25.767839608642927 ], [ -100.170632017476848, 25.767728353704808 ], [ -100.171461399190932, 25.767523066932878 ], [ -100.171907428019097, 25.767384486767163 ], [ -100.172633212825289, 25.767117358455515 ], [ -100.174220066384137, 25.766488787834586 ], [ -100.174346312453622, 25.766437497956211 ], [ -100.174390527932147, 25.766320749960077 ], [ -100.174496661961072, 25.766233026469425 ], [ -100.174769943474232, 25.76605362592327 ], [ -100.174862575454611, 25.765902570968823 ], [ -100.174957694994774, 25.765596878908621 ], [ -100.174989817549729, 25.765397471371411 ], [ -100.174983330922728, 25.765173674305284 ], [ -100.174954429389089, 25.765097710805605 ], [ -100.174924459312706, 25.765019525548652 ], [ -100.174207340267529, 25.763729510459438 ], [ -100.173945170283403, 25.763242795460037 ], [ -100.17365553985681, 25.762526456859938 ], [ -100.173722060361087, 25.762505173102166 ], [ -100.175171975745286, 25.761965952860564 ], [ -100.176482046794604, 25.761479017279409 ], [ -100.177857341710208, 25.764617516678612 ], [ -100.17796997201998, 25.764880784498622 ], [ -100.178132966414339, 25.764810696978667 ], [ -100.17869025499364, 25.764573521181163 ], [ -100.182002066094313, 25.763230836959529 ], [ -100.182844071243423, 25.762889515535473 ], [ -100.18295681251783, 25.762844376444932 ], [ -100.183102683635795, 25.762785330387253 ], [ -100.186254296121106, 25.761525293804205 ], [ -100.189832478617419, 25.76009585276649 ], [ -100.189935797184674, 25.760055077886648 ], [ -100.191988762586931, 25.759150284344102 ], [ -100.192111500787078, 25.759323613733173 ], [ -100.195394510746752, 25.758010582701818 ], [ -100.196387706537266, 25.757611147572071 ], [ -100.195171186212704, 25.759916061884056 ], [ -100.19439096861845, 25.761299770796871 ], [ -100.194325352477094, 25.7614244417599 ], [ -100.193845629520425, 25.762276791190704 ], [ -100.193476415889648, 25.762933694345037 ], [ -100.192999699189329, 25.763826891030007 ], [ -100.19175893875925, 25.766144864911254 ], [ -100.191366976398598, 25.766872217771244 ], [ -100.191300001715447, 25.76699649778617 ], [ -100.191756169486226, 25.76726060669294 ], [ -100.192082606737443, 25.767417917433537 ], [ -100.192376710876999, 25.767517111364079 ], [ -100.192140235731657, 25.76843623489043 ], [ -100.192000338652832, 25.769006996551447 ], [ -100.191637563351961, 25.770461869580206 ], [ -100.191602489435951, 25.770663485950138 ], [ -100.191527893433104, 25.771123636513643 ], [ -100.191501905117804, 25.771274069135995 ], [ -100.191247309329142, 25.772858095091038 ] ] ] } },
{ "type": "Feature", "properties": { "CVEGEO": "1900600010242", "CVE_ENT": "19", "CVE_MUN": "006", "CVE_LOC": "0001", "CVE_ASEN": "0242", "CP": "66634", "FECHA_ACT": "11/2024", "INSTITUCIO": "SECRETARÍA DE DESARROLLO URBANO, OBRAS PÚBLICAS, ECOLOGÍA Y TRANSPORTE DE APODACA", "NOM_ASEN": "PARQUE INDUSTRIAL VILLAS DE HUINALÁ I", "TIPO": "ZONA INDUSTRIAL", "Shape_Leng": 2960.7818807100002, "Shape_Area": 241984.31082700001 }, "geometry": { "type": "Polygon", "coordinates": [ [ [ -100.184614329328426, 25.741963330062404 ], [ -100.185419630368571, 25.742795461827441 ], [ -100.185455175318921, 25.742831960807376 ], [ -100.185486147043548, 25.742863767121165 ], [ -100.185964853415328, 25.74335535176505 ], [ -100.18601336659728, 25.743392362872495 ], [ -100.18606794328295, 25.743413844709774 ], [ -100.186445264842106, 25.743611899723124 ], [ -100.186505420224492, 25.743644691278398 ], [ -100.186565422681895, 25.743677822092994 ], [ -100.188842457570118, 25.744764166058921 ], [ -100.188909266603446, 25.744764445841533 ], [ -100.188976073609084, 25.744764727386727 ], [ -100.191292792845033, 25.74427390076486 ], [ -100.191363810910943, 25.744256267051341 ], [ -100.191700116032564, 25.744797019247383 ], [ -100.192168840863076, 25.745541372176465 ], [ -100.192320795776169, 25.745784225183108 ], [ -100.192832194974613, 25.746604619723481 ], [ -100.191936322413156, 25.746458115802177 ], [ -100.190611093390743, 25.746236961778152 ], [ -100.187162383415625, 25.745661376292677 ], [ -100.186531302602944, 25.745568407433392 ], [ -100.184697425326704, 25.74525841737832 ], [ -100.18346357672587, 25.74506696640794 ], [ -100.182906729774771, 25.745029514353085 ], [ -100.180780151778336, 25.744999152836737 ], [ -100.180400280149442, 25.744993731547218 ], [ -100.180331716174067, 25.744992750475355 ], [ -100.179966793908193, 25.744987531678738 ], [ -100.17999975263902, 25.744941087175718 ], [ -100.180869628624265, 25.744271443334341 ], [ -100.181742077140697, 25.743603532796541 ], [ -100.18220362745825, 25.743297218547635 ], [ -100.182583790196844, 25.74306733840373 ], [ -100.183041837640701, 25.742790363040687 ], [ -100.183620751620424, 25.74248033369615 ], [ -100.184367628899025, 25.742085432902403 ], [ -100.184614329328426, 25.741963330062404 ] ] ] } },
{ "type": "Feature", "properties": { "CVEGEO": "1900600010253", "CVE_ENT": "19", "CVE_MUN": "006", "CVE_LOC": "0001", "CVE_ASEN": "0253", "CP": "66640", "FECHA_ACT": "11/2024", "INSTITUCIO": "SECRETARÍA DE DESARROLLO URBANO, OBRAS PÚBLICAS, ECOLOGÍA Y TRANSPORTE DE APODACA", "NOM_ASEN": "NINGUNO", "TIPO": "NINGUNO", "Shape_Leng": 1335.329786, "Shape_Area": 91731.171106299997 }, "geometry": { "type": "Polygon", "coordinates": [ [ [ -100.159029980425998, 25.748925127154827 ], [ -100.158988825494916, 25.748958233302577 ], [ -100.158780195537545, 25.748969942453439 ], [ -100.15851223874256, 25.74894582948869 ], [ -100.158286964546235, 25.748901812112365 ], [ -100.158066188613304, 25.748867448296274 ], [ -100.1578117175453, 25.748873487492503 ], [ -100.157705741231112, 25.748899593576059 ], [ -100.157709717756319, 25.748810666207699 ], [ -100.157730454384122, 25.748693797589553 ], [ -100.158576051640779, 25.747723557385097 ], [ -100.158743432901474, 25.747654950378891 ], [ -100.158931652046064, 25.747552027606094 ], [ -100.159144122940319, 25.74739444369785 ], [ -100.159356973487817, 25.747183815798319 ], [ -100.159645841694683, 25.746881919160394 ], [ -100.160251572922846, 25.746658577927192 ], [ -100.16041903201409, 25.746537222112831 ], [ -100.160787341672432, 25.74604305264058 ], [ -100.160967708576052, 25.745869012927578 ], [ -100.160971191274385, 25.745865653002564 ], [ -100.161131152180133, 25.746360931751521 ], [ -100.161271420799523, 25.746716422126976 ], [ -100.161507521871897, 25.747272432136782 ], [ -100.161828061225123, 25.747766662316526 ], [ -100.162149550615595, 25.748198030819609 ], [ -100.162141541855902, 25.748240402068333 ], [ -100.161473121755165, 25.748810140758909 ], [ -100.161423157974539, 25.748854861958581 ], [ -100.161184950897535, 25.749062853298884 ], [ -100.160676204129601, 25.749515410666653 ], [ -100.160239734671066, 25.749923936471582 ], [ -100.159029980425998, 25.748925127154827 ] ] ] } },
{ "type": "Feature", "properties": { "CVEGEO": "1900600010286", "CVE_ENT": "19", "CVE_MUN": "006", "CVE_LOC": "0001", "CVE_ASEN": "0286", "CP": "66643", "FECHA_ACT": "11/2024", "INSTITUCIO": "SECRETARÍA DE DESARROLLO URBANO, OBRAS PÚBLICAS, ECOLOGÍA Y TRANSPORTE DE APODACA", "NOM_ASEN": "PARQUE INDUSTRIAL LA SILLA", "TIPO": "ZONA INDUSTRIAL", "Shape_Leng": 3771.6716592500002, "Shape_Area": 826957.068295 }, "geometry": { "type": "Polygon", "coordinates": [ [ [ -100.142596221087743, 25.761824843892953 ], [ -100.142428510854131, 25.761670175712013 ], [ -100.14093968633577, 25.76024235484919 ], [ -100.140603756784344, 25.759939218529013 ], [ -100.139001202302538, 25.758451259854244 ], [ -100.13869324710403, 25.7581576382943 ], [ -100.138134466473346, 25.75764995843684 ], [ -100.137772726951255, 25.757338669037654 ], [ -100.137797795453153, 25.757291740802586 ], [ -100.137470723034284, 25.756977269237385 ], [ -100.135830880403105, 25.755453829730044 ], [ -100.135768286503165, 25.755490584761041 ], [ -100.134909708455169, 25.754650250257409 ], [ -100.134008234168419, 25.753791620417243 ], [ -100.134003540634438, 25.753766123650436 ], [ -100.134144376603373, 25.753698014507108 ], [ -100.13429482257132, 25.753621314843326 ], [ -100.134845235509118, 25.75336524795841 ], [ -100.135970102091875, 25.752868320640491 ], [ -100.137580735154614, 25.752190555223898 ], [ -100.138465245638201, 25.751846613748196 ], [ -100.138555663464999, 25.751725261742937 ], [ -100.139634326231118, 25.751455582931232 ], [ -100.140587767180932, 25.751214802099774 ], [ -100.142452783240557, 25.751248130663232 ], [ -100.144409307054048, 25.754636633021455 ], [ -100.14604455302981, 25.757367701212665 ], [ -100.147296190771783, 25.759123715520619 ], [ -100.14749592540754, 25.75940429023931 ], [ -100.147349553623059, 25.759568723851075 ], [ -100.147032099208005, 25.759813084874583 ], [ -100.146894444876764, 25.759914166410386 ], [ -100.146865450680892, 25.75993675243673 ], [ -100.146832979435004, 25.759959301399018 ], [ -100.146086821130254, 25.760513542323867 ], [ -100.145504668694514, 25.760796044361875 ], [ -100.145462965030461, 25.760816988376614 ], [ -100.145427506724673, 25.760838119796652 ], [ -100.145133390350907, 25.760998243338687 ], [ -100.145100901480149, 25.761015534767456 ], [ -100.145058455124683, 25.761034610629533 ], [ -100.143625796503926, 25.761728875724245 ], [ -100.143580668178416, 25.761749015400387 ], [ -100.143534233202246, 25.761771574127707 ], [ -100.143222350524596, 25.76191832344799 ], [ -100.143181225669792, 25.761939785183767 ], [ -100.143129583125116, 25.761963815560527 ], [ -100.142919975579602, 25.762061356104368 ], [ -100.142834731131387, 25.761992405185339 ], [ -100.142639693543899, 25.761834634130025 ], [ -100.142596221087743, 25.761824843892953 ] ] ] } },
{ "type": "Feature", "properties": { "CVEGEO": "1900600010288", "CVE_ENT": "19", "CVE_MUN": "006", "CVE_LOC": "0001", "CVE_ASEN": "0288", "CP": "66646", "FECHA_ACT": "11/2024", "INSTITUCIO": "SECRETARÍA DE DESARROLLO URBANO, OBRAS PÚBLICAS, ECOLOGÍA Y TRANSPORTE DE APODACA", "NOM_ASEN": "TRÉBOLES", "TIPO": "COLONIA", "Shape_Leng": 5089.2168142500004, "Shape_Area": 727381.484131 }, "geometry": { "type": "Polygon", "coordinates": [ [ [ -100.139559226375908, 25.763097197380556 ], [ -100.139760690492352, 25.763057444754857 ], [ -100.140039062722025, 25.763049915514294 ], [ -100.140529067162291, 25.762976475886266 ], [ -100.140746686262545, 25.762932019342259 ], [ -100.141054394661893, 25.762795821496997 ], [ -100.141205857398276, 25.762730405292945 ], [ -100.141365937664062, 25.762655492234707 ], [ -100.142834731131387, 25.761992405185339 ], [ -100.142919975579602, 25.762061356104368 ], [ -100.143129583125116, 25.761963815560527 ], [ -100.143181225669792, 25.761939785183767 ], [ -100.143222350524596, 25.76191832344799 ], [ -100.143534233202246, 25.761771574127707 ], [ -100.143580668178416, 25.761749015400387 ], [ -100.143625796503926, 25.761728875724245 ], [ -100.145058455124683, 25.761034610629533 ], [ -100.145100901480149, 25.761015534767456 ], [ -100.145133390350907, 25.760998243338687 ], [ -100.145427506724673, 25.760838119796652 ], [ -100.145462965030461, 25.760816988376614 ], [ -100.145504668694514, 25.760796044361875 ], [ -100.146086821130254, 25.760513542323867 ], [ -100.146832979435004, 25.759959301399018 ], [ -100.146865450680892, 25.75993675243673 ], [ -100.146894444876764, 25.759914166410386 ], [ -100.147032099208005, 25.759813084874583 ], [ -100.147349553623059, 25.759568723851075 ], [ -100.14749592540754, 25.75940429023931 ], [ -100.149152193477065, 25.761630905356306 ], [ -100.149436297266206, 25.762015437895059 ], [ -100.150718795190997, 25.763736294568144 ], [ -100.152179197139176, 25.765695786788481 ], [ -100.154523915486138, 25.768767855458766 ], [ -100.154588248712187, 25.768891915954189 ], [ -100.151109602756975, 25.769082185255829 ], [ -100.149458752821175, 25.769197117437848 ], [ -100.149205713705456, 25.767054988865322 ], [ -100.149589437665426, 25.766925741835866 ], [ -100.14933199023551, 25.766765172747945 ], [ -100.149299570533273, 25.766602824883492 ], [ -100.149215424608897, 25.766471604609169 ], [ -100.148702104466935, 25.765783649380474 ], [ -100.14790546993666, 25.764771014637994 ], [ -100.147022211794223, 25.763526638073326 ], [ -100.146938278102297, 25.763370314861398 ], [ -100.146675369906134, 25.763136482394827 ], [ -100.14553558039222, 25.76435921040785 ], [ -100.145242260516028, 25.764652368456126 ], [ -100.14494856183012, 25.764945165927699 ], [ -100.144659360524017, 25.765253434394996 ], [ -100.144352056104864, 25.765576139942141 ], [ -100.144062364432713, 25.765884038650668 ], [ -100.143787681330252, 25.766194937049704 ], [ -100.143500601816513, 25.766510362432779 ], [ -100.143196674119423, 25.766786481956284 ], [ -100.142811369420286, 25.766974838282962 ], [ -100.142565870131605, 25.767069575416642 ], [ -100.142383721892656, 25.767132492334284 ], [ -100.142105178993006, 25.767184257840974 ], [ -100.141899603236453, 25.767211073139752 ], [ -100.141400621458516, 25.767236736379921 ], [ -100.140910639877276, 25.767263274640033 ], [ -100.140387052901744, 25.767283898665863 ], [ -100.140242224187944, 25.767536145381133 ], [ -100.139550213436735, 25.767579624167798 ], [ -100.139426831485238, 25.767487836433428 ], [ -100.138970375942492, 25.766919874459255 ], [ -100.138028681185361, 25.76585326081441 ], [ -100.137402266716151, 25.765218497651443 ], [ -100.13731229174526, 25.765144139742624 ], [ -100.137922689037083, 25.764939116847206 ], [ -100.138184084330618, 25.764821151368903 ], [ -100.138299639626311, 25.764752411690264 ], [ -100.138332361538673, 25.764698871813508 ], [ -100.138370238503683, 25.764636903043606 ], [ -100.138511156403069, 25.764429016172961 ], [ -100.138554969895097, 25.764367537968504 ], [ -100.139409189411865, 25.763168854380105 ], [ -100.139519239701187, 25.763059279569426 ], [ -100.139559226375908, 25.763097197380556 ] ] ] } },
{ "type": "Feature", "properties": { "CVEGEO": "1900600010309", "CVE_ENT": "19", "CVE_MUN": "006", "CVE_LOC": "0001", "CVE_ASEN": "0309", "CP": "66634", "FECHA_ACT": "11/2024", "INSTITUCIO": "SECRETARÍA DE DESARROLLO URBANO, OBRAS PÚBLICAS, ECOLOGÍA Y TRANSPORTE DE APODACA", "NOM_ASEN": "ENCINOS RESIDENCIAL PRIMER SECTOR", "TIPO": "FRACCIONAMIENTO", "Shape_Leng": 3544.9831589599999, "Shape_Area": 441291.76764699997 }, "geometry": { "type": "Polygon", "coordinates": [ [ [ -100.180504602128423, 25.738347194608441 ], [ -100.179960916261379, 25.738549108993229 ], [ -100.179790354053168, 25.738591962022426 ], [ -100.179682908193456, 25.738618956674863 ], [ -100.179244305919028, 25.738923092257213 ], [ -100.17860940255116, 25.739237692231193 ], [ -100.178028536866989, 25.739603774761434 ], [ -100.177455932049867, 25.740034645425297 ], [ -100.177255800794754, 25.740180652518529 ], [ -100.176972648241275, 25.740397344661837 ], [ -100.176748045320792, 25.740703094961987 ], [ -100.176623303655575, 25.740843681853395 ], [ -100.1765362410097, 25.740913750777398 ], [ -100.175795465994355, 25.741393438309551 ], [ -100.175658666839496, 25.741407981649328 ], [ -100.175061048056193, 25.741621139389498 ], [ -100.175052259152721, 25.741622999051966 ], [ -100.175043833368932, 25.74158490186921 ], [ -100.174827714642149, 25.740607941146081 ], [ -100.174814964895035, 25.740550304238347 ], [ -100.174801448738563, 25.740489197340729 ], [ -100.174634379062297, 25.739733948266771 ], [ -100.173770269919189, 25.739149311272726 ], [ -100.173727669315909, 25.739120486711432 ], [ -100.173688663726722, 25.739094096298899 ], [ -100.172611034539202, 25.738364978811667 ], [ -100.172569797439863, 25.738337076662805 ], [ -100.172529427329735, 25.738309763182301 ], [ -100.171801065924797, 25.737836467836509 ], [ -100.17163889818093, 25.737727760161015 ], [ -100.172054260456903, 25.737466811936262 ], [ -100.172851755794952, 25.736993247975651 ], [ -100.174020114767089, 25.736312289217768 ], [ -100.174258814352299, 25.736279136703455 ], [ -100.174486600024665, 25.736248715094884 ], [ -100.175306162956133, 25.736270529872009 ], [ -100.175585238266109, 25.736289783493614 ], [ -100.175585224586328, 25.736239565627447 ], [ -100.175596183397317, 25.736129246671769 ], [ -100.17559214182738, 25.736122961664712 ], [ -100.175622251817316, 25.735968287265006 ], [ -100.175651541318842, 25.735847213690828 ], [ -100.175686078431383, 25.735732253971666 ], [ -100.17573123798968, 25.735607631753812 ], [ -100.175766737569603, 25.735522959213412 ], [ -100.175820744357083, 25.735409538919203 ], [ -100.175884018302398, 25.735293680277234 ], [ -100.175938044527072, 25.735211379806739 ], [ -100.176006146435654, 25.735127229703146 ], [ -100.176024384171825, 25.735105402975467 ], [ -100.176043891002465, 25.735082056196386 ], [ -100.176135860680432, 25.734978769049633 ], [ -100.17622690127611, 25.734883015687238 ], [ -100.176340572714594, 25.734773340842025 ], [ -100.176421886416023, 25.734700337533614 ], [ -100.176539591649245, 25.734601758242764 ], [ -100.176689855283044, 25.734473722071836 ], [ -100.176801358496135, 25.734370356491379 ], [ -100.176911408121896, 25.734261666238361 ], [ -100.17701401813504, 25.734153048067103 ], [ -100.177035686093006, 25.734129100193169 ], [ -100.177060322216747, 25.734101868628127 ], [ -100.17713960246941, 25.734011865817028 ], [ -100.177147337845213, 25.734014966161038 ], [ -100.177668742215786, 25.733490837600506 ], [ -100.177729499138593, 25.733431008096524 ], [ -100.177862704179915, 25.73344833585503 ], [ -100.178275872341757, 25.73350203808344 ], [ -100.178194191972167, 25.733999154801122 ], [ -100.178146283737519, 25.734293972942691 ], [ -100.179904487990527, 25.734437997323884 ], [ -100.179971920984585, 25.734443111616059 ], [ -100.179820748556182, 25.734175297511978 ], [ -100.179542609605164, 25.7336679465398 ], [ -100.179563246316121, 25.733607361190717 ], [ -100.179678519036386, 25.732842198621686 ], [ -100.179717351764197, 25.732648917390083 ], [ -100.179781524570075, 25.732575903867161 ], [ -100.179842052098039, 25.732534345443302 ], [ -100.180160033807738, 25.732314159895996 ], [ -100.180200489989289, 25.73228613188094 ], [ -100.180238508780263, 25.732259819126593 ], [ -100.180777652998842, 25.73188648831804 ], [ -100.180801389506513, 25.732011925655119 ], [ -100.180813014716975, 25.732073480544241 ], [ -100.180886258693164, 25.732460426075697 ], [ -100.18096082782013, 25.732854602887489 ], [ -100.181030393240306, 25.733222119293064 ], [ -100.181099536261044, 25.733587504659305 ], [ -100.18117097152539, 25.733965001278833 ], [ -100.181243035644528, 25.734345819200673 ], [ -100.181400079292118, 25.735175692451286 ], [ -100.181413268564967, 25.735261616602475 ], [ -100.181182757130344, 25.735393979703261 ], [ -100.181084594652134, 25.735434179257254 ], [ -100.180923607705793, 25.735479514493228 ], [ -100.18076158360158, 25.735502940525905 ], [ -100.180595114705909, 25.735508097043819 ], [ -100.180121777295355, 25.736745755289331 ], [ -100.180104752563579, 25.736847003546561 ], [ -100.18043028332734, 25.738021523386159 ], [ -100.180504602128423, 25.738347194608441 ] ] ] } },
{ "type": "Feature", "properties": { "CVEGEO": "1900600010310", "CVE_ENT": "19", "CVE_MUN": "006", "CVE_LOC": "0001", "CVE_ASEN": "0310", "CP": "66634", "FECHA_ACT": "11/2024", "INSTITUCIO": "SECRETARÍA DE DESARROLLO URBANO, OBRAS PÚBLICAS, ECOLOGÍA Y TRANSPORTE DE APODACA", "NOM_ASEN": "ENCINOS RESIDENCIAL SEGUNDO SECTOR", "TIPO": "COLONIA", "Shape_Leng": 2547.82439445, "Shape_Area": 391999.12128000002 }, "geometry": { "type": "Polygon", "coordinates": [ [ [ -100.175052259152721, 25.741622999051966 ], [ -100.175061048056193, 25.741621139389498 ], [ -100.175658666839496, 25.741407981649328 ], [ -100.175795465994355, 25.741393438309551 ], [ -100.1765362410097, 25.740913750777398 ], [ -100.176623303655575, 25.740843681853395 ], [ -100.176748045320792, 25.740703094961987 ], [ -100.176972648241275, 25.740397344661837 ], [ -100.177255800794754, 25.740180652518529 ], [ -100.177455932049867, 25.740034645425297 ], [ -100.178028536866989, 25.739603774761434 ], [ -100.17860940255116, 25.739237692231193 ], [ -100.179244305919028, 25.738923092257213 ], [ -100.179682908193456, 25.738618956674863 ], [ -100.179790354053168, 25.738591962022426 ], [ -100.179871634976067, 25.738657256075648 ], [ -100.179874457464976, 25.738664657080339 ], [ -100.180190893343109, 25.739494381683233 ], [ -100.180324581836217, 25.739545431797215 ], [ -100.180506644964183, 25.739585845154156 ], [ -100.180616137777577, 25.739596929829421 ], [ -100.180645332540237, 25.739599884724349 ], [ -100.180854572048105, 25.739630643696966 ], [ -100.1809523844843, 25.73969347132314 ], [ -100.181070394299368, 25.739805489508708 ], [ -100.181448003761261, 25.740200002605874 ], [ -100.181536365007929, 25.740292317027517 ], [ -100.182015534220838, 25.740796181183985 ], [ -100.182101035768966, 25.74088608785312 ], [ -100.182214500651028, 25.740922139807516 ], [ -100.182316369233519, 25.741035014688869 ], [ -100.182706738776957, 25.741468450864673 ], [ -100.18308796742248, 25.741891731354542 ], [ -100.183620751620424, 25.74248033369615 ], [ -100.183041837640701, 25.742790363040687 ], [ -100.182583790196844, 25.74306733840373 ], [ -100.18220362745825, 25.743297218547635 ], [ -100.181742077140697, 25.743603532796541 ], [ -100.180869628624265, 25.744271443334341 ], [ -100.17999975263902, 25.744941087175718 ], [ -100.179966793908193, 25.744987531678738 ], [ -100.178439484761014, 25.744982506558131 ], [ -100.177553876003174, 25.744970161585968 ], [ -100.177016866375851, 25.744962672369777 ], [ -100.176714378729741, 25.744960742544329 ], [ -100.175170746935891, 25.74494534128322 ], [ -100.175118925323588, 25.744944823900447 ], [ -100.175147612667672, 25.744808907504588 ], [ -100.175038099088866, 25.744376778795679 ], [ -100.175026927017811, 25.744332698264312 ], [ -100.174968046863512, 25.744274616963164 ], [ -100.174497861110211, 25.742416908324735 ], [ -100.174478896348944, 25.742353135561917 ], [ -100.174475706787646, 25.742323557503468 ], [ -100.174600670541224, 25.742287008943165 ], [ -100.174815919932541, 25.742205016764967 ], [ -100.175003725109704, 25.742115029251011 ], [ -100.175146885371134, 25.742034124983018 ], [ -100.175060464755433, 25.741660088728807 ], [ -100.175052259152721, 25.741622999051966 ] ] ] } },
{ "type": "Feature", "properties": { "CVEGEO": "1900600010313", "CVE_ENT": "19", "CVE_MUN": "006", "CVE_LOC": "0001", "CVE_ASEN": "0313", "CP": "66645", "FECHA_ACT": "11/2024", "INSTITUCIO": "SECRETARÍA DE DESARROLLO URBANO, OBRAS PÚBLICAS, ECOLOGÍA Y TRANSPORTE DE APODACA", "NOM_ASEN": "HACIENDA DEL CARMEN", "TIPO": "COLONIA", "Shape_Leng": 1461.45235981, "Shape_Area": 141071.27377 }, "geometry": { "type": "Polygon", "coordinates": [ [ [ -100.177553876003174, 25.744970161585968 ], [ -100.177576968155094, 25.745042971577334 ], [ -100.178143037643409, 25.746827654633705 ], [ -100.178229624159641, 25.74682530938107 ], [ -100.178349168832014, 25.746830404263839 ], [ -100.177717818491374, 25.747618290798606 ], [ -100.176944788420371, 25.748467619197292 ], [ -100.176377055505611, 25.749062741655916 ], [ -100.176092532340618, 25.74933061730701 ], [ -100.17594727847036, 25.749205003974957 ], [ -100.175761022737007, 25.749080960737224 ], [ -100.175453604195354, 25.748873270526605 ], [ -100.175186029888934, 25.748682615236273 ], [ -100.17491030078547, 25.748489483675257 ], [ -100.174629201252287, 25.748286599250648 ], [ -100.174350363621912, 25.748082530416145 ], [ -100.174244027517219, 25.74801461962949 ], [ -100.174104423425248, 25.747888077311305 ], [ -100.174042186221229, 25.747782323949423 ], [ -100.174034703121592, 25.747513394046866 ], [ -100.174077280766326, 25.747332545590986 ], [ -100.17417651466323, 25.74702493148083 ], [ -100.174265747471537, 25.746737953318402 ], [ -100.174357344527166, 25.746413490341279 ], [ -100.174428718570752, 25.746104302085481 ], [ -100.174525599602262, 25.745756968830179 ], [ -100.174626298737465, 25.745352987878512 ], [ -100.174733854066616, 25.744940978937382 ], [ -100.175118925323588, 25.744944823900447 ], [ -100.175170746935891, 25.74494534128322 ], [ -100.176714378729741, 25.744960742544329 ], [ -100.177016866375851, 25.744962672369777 ], [ -100.177553876003174, 25.744970161585968 ] ] ] } },
{ "type": "Feature", "properties": { "CVEGEO": "1900600010325", "CVE_ENT": "19", "CVE_MUN": "006", "CVE_LOC": "0001", "CVE_ASEN": "0325", "CP": "66640", "FECHA_ACT": "11/2024", "INSTITUCIO": "SECRETARÍA DE DESARROLLO URBANO, OBRAS PÚBLICAS, ECOLOGÍA Y TRANSPORTE DE APODACA", "NOM_ASEN": "HACIENDA SAN GERARDO", "TIPO": "FRACCIONAMIENTO", "Shape_Leng": 859.39996881499997, "Shape_Area": 44298.063829699997 }, "geometry": { "type": "Polygon", "coordinates": [ [ [ -100.16817988106493, 25.740332131291055 ], [ -100.16810979586343, 25.740352700554872 ], [ -100.16784762020967, 25.74042964927359 ], [ -100.167747712071233, 25.740458709404226 ], [ -100.167451038399875, 25.74054499594455 ], [ -100.167151938080778, 25.740628921006895 ], [ -100.16686228443065, 25.740710195738828 ], [ -100.1659987171425, 25.740968627673649 ], [ -100.165730606753115, 25.740555384442601 ], [ -100.165537849182286, 25.740224388852983 ], [ -100.165591941959491, 25.739922567096311 ], [ -100.165610853836696, 25.739531815144002 ], [ -100.165644819189311, 25.739485414066586 ], [ -100.167771833621032, 25.738486607990364 ], [ -100.167950809116519, 25.739418505990272 ], [ -100.167956719576765, 25.739461820696317 ], [ -100.16796825064489, 25.739511348156558 ], [ -100.167971677571416, 25.739874450032726 ], [ -100.167987970576121, 25.739952164435579 ], [ -100.167998412983451, 25.740019097523767 ], [ -100.168090803020505, 25.740318428000069 ], [ -100.16817988106493, 25.740332131291055 ] ] ] } },
{ "type": "Feature", "properties": { "CVEGEO": "1900600010326", "CVE_ENT": "19", "CVE_MUN": "006", "CVE_LOC": "0001", "CVE_ASEN": "0326", "CP": "66634", "FECHA_ACT": "11/2024", "INSTITUCIO": "SECRETARÍA DE DESARROLLO URBANO, OBRAS PÚBLICAS, ECOLOGÍA Y TRANSPORTE DE APODACA", "NOM_ASEN": "JACARANDAS SEGUNDO SECTOR", "TIPO": "COLONIA", "Shape_Leng": 1670.94795305, "Shape_Area": 132377.567339 }, "geometry": { "type": "Polygon", "coordinates": [ [ [ -100.189014963055357, 25.747447507592202 ], [ -100.189245906999133, 25.747543033048039 ], [ -100.189509843390056, 25.747636005743811 ], [ -100.190664158016929, 25.748058295786432 ], [ -100.190517094974496, 25.748216413107727 ], [ -100.190480006356722, 25.748179085141594 ], [ -100.190255664796027, 25.748435643262319 ], [ -100.190024332041602, 25.748689739323805 ], [ -100.189834869521661, 25.748894123706894 ], [ -100.189798939994844, 25.748961179508832 ], [ -100.189689488627636, 25.749275302299111 ], [ -100.189579733804905, 25.749583854288641 ], [ -100.189465239734247, 25.749898550400324 ], [ -100.189374812612968, 25.750148097652072 ], [ -100.189306960158916, 25.750177060616821 ], [ -100.189317693330253, 25.750218379379724 ], [ -100.188332998662432, 25.7507156043241 ], [ -100.188170806309515, 25.750758015847349 ], [ -100.188070022865404, 25.750931424285376 ], [ -100.186892290467341, 25.751054422753082 ], [ -100.186654168164026, 25.751073226636056 ], [ -100.186580137295522, 25.751064449893104 ], [ -100.186539182543015, 25.751069479146494 ], [ -100.185548504138481, 25.751191146656069 ], [ -100.185439114339161, 25.751128091963071 ], [ -100.184925404599866, 25.750071247698386 ], [ -100.184876920906547, 25.749854320136265 ], [ -100.184844743363797, 25.749576321355462 ], [ -100.184822754262001, 25.749401881184959 ], [ -100.184814835921685, 25.749163206857368 ], [ -100.184816291749286, 25.748892790509277 ], [ -100.18481637196524, 25.748856882253293 ], [ -100.184873278537168, 25.748874547209144 ], [ -100.185215878650013, 25.748857355159092 ], [ -100.185217166378905, 25.748833861293321 ], [ -100.187221935774204, 25.748737881846484 ], [ -100.187201566411815, 25.748562341222243 ], [ -100.187177366149001, 25.748354022044719 ], [ -100.187662233924272, 25.748535795516993 ], [ -100.18792799624336, 25.748466664788143 ], [ -100.188158311620455, 25.748365455481029 ], [ -100.18840245998517, 25.748206769444103 ], [ -100.18848013767844, 25.7481284584997 ], [ -100.188686506919396, 25.747866032077496 ], [ -100.188901477655079, 25.747601780866983 ], [ -100.189014963055357, 25.747447507592202 ] ] ] } },
{ "type": "Feature", "properties": { "CVEGEO": "1900600010334", "CVE_ENT": "19", "CVE_MUN": "006", "CVE_LOC": "0001", "CVE_ASEN": "0334", "CP": "66646", "FECHA_ACT": "11/2024", "INSTITUCIO": "SECRETARÍA DE DESARROLLO URBANO, OBRAS PÚBLICAS, ECOLOGÍA Y TRANSPORTE DE APODACA", "NOM_ASEN": "LOMAS DE SAN ISIDRO", "TIPO": "COLONIA", "Shape_Leng": 1219.16085387, "Shape_Area": 53511.267617199999 }, "geometry": { "type": "Polygon", "coordinates": [ [ [ -100.150004552850604, 25.757609154854844 ], [ -100.150086793932701, 25.757256819091722 ], [ -100.150230914187148, 25.757065795818136 ], [ -100.150640848881395, 25.756826128717123 ], [ -100.151465210025123, 25.756405109397996 ], [ -100.151482184473736, 25.756300703143463 ], [ -100.15162155850021, 25.755521904539865 ], [ -100.151710467868654, 25.755024905918749 ], [ -100.152438120724767, 25.755372727799436 ], [ -100.152785113756664, 25.755557092904908 ], [ -100.152928795748338, 25.755684074620874 ], [ -100.153082189379177, 25.75576076196543 ], [ -100.154476076644073, 25.756457605217783 ], [ -100.154571780471159, 25.75650544913422 ], [ -100.154816281426989, 25.756627679284602 ], [ -100.15484685711003, 25.756649143238921 ], [ -100.154657662332824, 25.75668387727417 ], [ -100.154263534775268, 25.756776804923977 ], [ -100.153848469557218, 25.756854095721987 ], [ -100.15334779917201, 25.756949251035469 ], [ -100.151377054541044, 25.757331562566979 ], [ -100.151148211363335, 25.757372891493304 ], [ -100.150947145828511, 25.757412822929929 ], [ -100.15052895627457, 25.757494844817717 ], [ -100.150123250873918, 25.757574691323107 ], [ -100.150004552850604, 25.757609154854844 ] ] ] } },
{ "type": "Feature", "properties": { "CVEGEO": "1900600010340", "CVE_ENT": "19", "CVE_MUN": "006", "CVE_LOC": "0001", "CVE_ASEN": "0340", "CP": "66640", "FECHA_ACT": "11/2024", "INSTITUCIO": "SECRETARÍA DE DESARROLLO URBANO, OBRAS PÚBLICAS, ECOLOGÍA Y TRANSPORTE DE APODACA", "NOM_ASEN": "LOS PRADOS RESIDENCIAL PRIMER SECTOR", "TIPO": "FRACCIONAMIENTO", "Shape_Leng": 1333.18986496, "Shape_Area": 87586.404823999997 }, "geometry": { "type": "Polygon", "coordinates": [ [ [ -100.166800561791447, 25.743339467247715 ], [ -100.166813971068862, 25.742265079376654 ], [ -100.166819885908467, 25.741999972626289 ], [ -100.166834318805215, 25.741560903723805 ], [ -100.16686228443065, 25.740710195738828 ], [ -100.167151938080778, 25.740628921006895 ], [ -100.167451038399875, 25.74054499594455 ], [ -100.167747712071233, 25.740458709404226 ], [ -100.16784762020967, 25.74042964927359 ], [ -100.16810979586343, 25.740352700554872 ], [ -100.16817988106493, 25.740332131291055 ], [ -100.168437090015544, 25.740195463190954 ], [ -100.168948460544371, 25.739817225444209 ], [ -100.169111375135842, 25.739693232405415 ], [ -100.169144004363091, 25.739908068906974 ], [ -100.169297629196379, 25.740919517018966 ], [ -100.169305285009941, 25.740969915593105 ], [ -100.169312346786356, 25.741020824292896 ], [ -100.169495095409431, 25.742338213992237 ], [ -100.169503208101361, 25.742424281391333 ], [ -100.169507632173207, 25.742471210409786 ], [ -100.169509112216957, 25.742558055528526 ], [ -100.169519805551957, 25.743294273256669 ], [ -100.169285372119504, 25.743208622553592 ], [ -100.169193818348006, 25.743140780976905 ], [ -100.169027348925695, 25.74292017448861 ], [ -100.167974470819487, 25.743410655556747 ], [ -100.166835212956002, 25.743954085677156 ], [ -100.166790042600709, 25.743975632078396 ], [ -100.1667907915852, 25.743907807392489 ], [ -100.166800561791447, 25.743339467247715 ] ] ] } },
{ "type": "Feature", "properties": { "CVEGEO": "1900600010352", "CVE_ENT": "19", "CVE_MUN": "006", "CVE_LOC": "0001", "CVE_ASEN": "0352", "CP": "66640", "FECHA_ACT": "11/2024", "INSTITUCIO": "SECRETARÍA DE DESARROLLO URBANO, OBRAS PÚBLICAS, ECOLOGÍA Y TRANSPORTE DE APODACA", "NOM_ASEN": "PARQUE INDUSTRIAL SAN ANDRÉS", "TIPO": "ZONA INDUSTRIAL", "Shape_Leng": 1524.03276501, "Shape_Area": 87810.367068599997 }, "geometry": { "type": "Polygon", "coordinates": [ [ [ -100.169519805551957, 25.743294273256669 ], [ -100.170208588976934, 25.743581175418743 ], [ -100.170686016915397, 25.743926429725605 ], [ -100.17224343381757, 25.74344246831113 ], [ -100.172815544491868, 25.744832332406059 ], [ -100.172848481321026, 25.744916764831423 ], [ -100.171199387810674, 25.744896080812872 ], [ -100.170095150059424, 25.744883124510046 ], [ -100.169539611452436, 25.744876767201003 ], [ -100.16833489062013, 25.744862972641766 ], [ -100.16777135162188, 25.744856516585422 ], [ -100.167451800456504, 25.744894431439302 ], [ -100.167039687115761, 25.744992426518586 ], [ -100.166777879524346, 25.745077355593818 ], [ -100.166790042600709, 25.743975632078396 ], [ -100.166835212956002, 25.743954085677156 ], [ -100.167974470819487, 25.743410655556747 ], [ -100.169027348925695, 25.74292017448861 ], [ -100.169193818348006, 25.743140780976905 ], [ -100.169285372119504, 25.743208622553592 ], [ -100.169519805551957, 25.743294273256669 ] ] ] } },
{ "type": "Feature", "properties": { "CVEGEO": "1900600010361", "CVE_ENT": "19", "CVE_MUN": "006", "CVE_LOC": "0001", "CVE_ASEN": "0361", "CP": "66634", "FECHA_ACT": "11/2024", "INSTITUCIO": "SECRETARÍA DE DESARROLLO URBANO, OBRAS PÚBLICAS, ECOLOGÍA Y TRANSPORTE DE APODACA", "NOM_ASEN": "PRIVADA ILTAMARINDO", "TIPO": "FRACCIONAMIENTO", "Shape_Leng": 1522.3656180099999, "Shape_Area": 105236.94970700001 }, "geometry": { "type": "Polygon", "coordinates": [ [ [ -100.184697425326704, 25.74525841737832 ], [ -100.1847194552453, 25.745711626902175 ], [ -100.184772596485899, 25.746483732273816 ], [ -100.184790230804751, 25.746828413151945 ], [ -100.184790745810659, 25.747060140671607 ], [ -100.184783335719843, 25.747170063619656 ], [ -100.184742034148229, 25.747376265700662 ], [ -100.184799810527366, 25.74872147450932 ], [ -100.18481637196524, 25.748856882253293 ], [ -100.184816291749286, 25.748892790509277 ], [ -100.184814835921685, 25.749163206857368 ], [ -100.184549598195346, 25.749484617673662 ], [ -100.184404347953318, 25.749653827248878 ], [ -100.183775671226314, 25.748839302615618 ], [ -100.183578862589357, 25.74858558209424 ], [ -100.183555421110455, 25.748555367568528 ], [ -100.183521701172566, 25.74851190171989 ], [ -100.182442027211891, 25.74709171166338 ], [ -100.182428178262597, 25.747036261680879 ], [ -100.182282552840064, 25.746838767728775 ], [ -100.182100521447097, 25.74659189914626 ], [ -100.181408875714169, 25.745686916093849 ], [ -100.181257343985791, 25.745495112606708 ], [ -100.18115585453522, 25.745362918065069 ], [ -100.180965349130759, 25.745115950500299 ], [ -100.180888265574694, 25.745057470076251 ], [ -100.180780151778336, 25.744999152836737 ], [ -100.182906729774771, 25.745029514353085 ], [ -100.18346357672587, 25.74506696640794 ], [ -100.184697425326704, 25.74525841737832 ] ] ] } },
{ "type": "Feature", "properties": { "CVEGEO": "1900600010393", "CVE_ENT": "19", "CVE_MUN": "006", "CVE_LOC": "0001", "CVE_ASEN": "0393", "CP": "66645", "FECHA_ACT": "11/2024", "INSTITUCIO": "SECRETARÍA DE DESARROLLO URBANO, OBRAS PÚBLICAS, ECOLOGÍA Y TRANSPORTE DE APODACA", "NOM_ASEN": "BOSQUES DE HUINALÁ PRIMER SECTOR", "TIPO": "FRACCIONAMIENTO", "Shape_Leng": 985.09485570300001, "Shape_Area": 52906.902010600003 }, "geometry": { "type": "Polygon", "coordinates": [ [ [ -100.167307412250082, 25.749870426575779 ], [ -100.167673367822658, 25.749733444487998 ], [ -100.167777855398953, 25.749900870141843 ], [ -100.168847183107644, 25.749492554889514 ], [ -100.168977102018516, 25.749439731217457 ], [ -100.169085605883453, 25.749438302853658 ], [ -100.169171446348344, 25.749469057754844 ], [ -100.170841845016724, 25.749780387406091 ], [ -100.170791083932031, 25.750053868606166 ], [ -100.170653551391609, 25.750570450126599 ], [ -100.170521665532419, 25.750801983754972 ], [ -100.170420603363425, 25.750863599845019 ], [ -100.168942067388215, 25.751448228480676 ], [ -100.168791969716963, 25.751551469389462 ], [ -100.168733267302429, 25.751608742603519 ], [ -100.168686394400083, 25.75169887362425 ], [ -100.168603742375694, 25.751860035448882 ], [ -100.16770602339875, 25.750480341021735 ], [ -100.167307412250082, 25.749870426575779 ] ] ] } },
{ "type": "Feature", "properties": { "CVEGEO": "1900600010394", "CVE_ENT": "19", "CVE_MUN": "006", "CVE_LOC": "0001", "CVE_ASEN": "0394", "CP": "66645", "FECHA_ACT": "11/2024", "INSTITUCIO": "SECRETARÍA DE DESARROLLO URBANO, OBRAS PÚBLICAS, ECOLOGÍA Y TRANSPORTE DE APODACA", "NOM_ASEN": "BOSQUES DE HUINALÁ SEGUNDO SECTOR", "TIPO": "FRACCIONAMIENTO", "Shape_Leng": 1227.35403918, "Shape_Area": 68999.676639600002 }, "geometry": { "type": "Polygon", "coordinates": [ [ [ -100.167307412250082, 25.749870426575779 ], [ -100.167177080380213, 25.749668340528949 ], [ -100.167109502942807, 25.7495263840474 ], [ -100.167009680862208, 25.749409111195419 ], [ -100.166624640378814, 25.748842148537925 ], [ -100.16649546238277, 25.748716607281096 ], [ -100.166536084103981, 25.748313478422546 ], [ -100.167958395573379, 25.748222042458476 ], [ -100.167980032735571, 25.748230526576073 ], [ -100.16809166486135, 25.748253415626486 ], [ -100.168431099144598, 25.747977015624464 ], [ -100.168839963420268, 25.747544982830497 ], [ -100.169576390157303, 25.747763058770854 ], [ -100.170347055637819, 25.74803369232507 ], [ -100.170465340951367, 25.748478834794494 ], [ -100.170572666815829, 25.748815593949306 ], [ -100.170372365422253, 25.748857840046924 ], [ -100.170464186780308, 25.74908447386029 ], [ -100.170564280185829, 25.749279881558639 ], [ -100.170634753897232, 25.74945971838957 ], [ -100.170728396615971, 25.74956278731506 ], [ -100.170861040567274, 25.749676963969733 ], [ -100.170841845016724, 25.749780387406091 ], [ -100.169171446348344, 25.749469057754844 ], [ -100.169085605883453, 25.749438302853658 ], [ -100.168977102018516, 25.749439731217457 ], [ -100.168847183107644, 25.749492554889514 ], [ -100.167777855398953, 25.749900870141843 ], [ -100.167673367822658, 25.749733444487998 ], [ -100.167307412250082, 25.749870426575779 ] ] ] } },
{ "type": "Feature", "properties": { "CVEGEO": "1900600010407", "CVE_ENT": "19", "CVE_MUN": "006", "CVE_LOC": "0001", "CVE_ASEN": "0407", "CP": "66646", "FECHA_ACT": "11/2024", "INSTITUCIO": "SECRETARÍA DE DESARROLLO URBANO, OBRAS PÚBLICAS, ECOLOGÍA Y TRANSPORTE DE APODACA", "NOM_ASEN": "MISIÓN DE HUINALÁ SEGUNDO SECTOR", "TIPO": "FRACCIONAMIENTO", "Shape_Leng": 2090.0228282100002, "Shape_Area": 110242.65126499999 }, "geometry": { "type": "Polygon", "coordinates": [ [ [ -100.159563726197192, 25.751448630889158 ], [ -100.159828905920335, 25.751322756593254 ], [ -100.160324521905849, 25.751106762555189 ], [ -100.160458122500827, 25.750953255893322 ], [ -100.160581908855121, 25.750807804491266 ], [ -100.160604896417809, 25.750858267825159 ], [ -100.161163241065367, 25.751155202065611 ], [ -100.161461955001428, 25.750809223592949 ], [ -100.161492466753359, 25.75077419651312 ], [ -100.161671929527174, 25.750848682432306 ], [ -100.162299907909471, 25.751070043104022 ], [ -100.163606188061053, 25.751495209364304 ], [ -100.163640507838508, 25.751766422166988 ], [ -100.163666522768011, 25.75181508886801 ], [ -100.16378264869455, 25.752747508136647 ], [ -100.163786287946891, 25.753002837000391 ], [ -100.16399978240203, 25.754832789675678 ], [ -100.164014956764575, 25.75491733299592 ], [ -100.163940073495027, 25.754943146970081 ], [ -100.163709765677439, 25.755027884289742 ], [ -100.163470288005485, 25.755075170086602 ], [ -100.163218136427759, 25.755098514269292 ], [ -100.162982354189211, 25.755129799163097 ], [ -100.162150937293816, 25.755233950334357 ], [ -100.161152617001846, 25.755426160910382 ], [ -100.161073109417359, 25.755055170510779 ], [ -100.162684083388839, 25.75475576019171 ], [ -100.162726429809126, 25.754102412467784 ], [ -100.162750138688452, 25.753802649606264 ], [ -100.162866082670561, 25.753209462233002 ], [ -100.162929231497969, 25.752954131765247 ], [ -100.162566111956721, 25.752948690899835 ], [ -100.162037662197989, 25.753035651427329 ], [ -100.161376141595554, 25.753160969729048 ], [ -100.161177230129525, 25.753201120587459 ], [ -100.160829352143253, 25.753261479778395 ], [ -100.160649112108345, 25.752194411162744 ], [ -100.160313219672418, 25.752349751936507 ], [ -100.159958969625421, 25.752525061312834 ], [ -100.159563726197192, 25.751448630889158 ] ] ] } },
{ "type": "Feature", "properties": { "CVEGEO": "1900600010411", "CVE_ENT": "19", "CVE_MUN": "006", "CVE_LOC": "0001", "CVE_ASEN": "0411", "CP": "66645", "FECHA_ACT": "11/2024", "INSTITUCIO": "SECRETARÍA DE DESARROLLO URBANO, OBRAS PÚBLICAS, ECOLOGÍA Y TRANSPORTE DE APODACA", "NOM_ASEN": "PARQUE INDUSTRIAL EL HUINALÁ II", "TIPO": "ZONA INDUSTRIAL", "Shape_Leng": 1340.8319442500001, "Shape_Area": 108647.895516 }, "geometry": { "type": "Polygon", "coordinates": [ [ [ -100.175323499231737, 25.758275972936495 ], [ -100.178103373325101, 25.757331986485212 ], [ -100.178741866305501, 25.758922994790407 ], [ -100.179344533798314, 25.760415955634802 ], [ -100.176482046794604, 25.761479017279409 ], [ -100.176476769693792, 25.761136527810827 ], [ -100.175970220464563, 25.759860539636325 ], [ -100.175323499231737, 25.758275972936495 ] ] ] } },
{ "type": "Feature", "properties": { "CVEGEO": "1900600010412", "CVE_ENT": "19", "CVE_MUN": "006", "CVE_LOC": "0001", "CVE_ASEN": "0412", "CP": "66645", "FECHA_ACT": "11/2024", "INSTITUCIO": "SECRETARÍA DE DESARROLLO URBANO, OBRAS PÚBLICAS, ECOLOGÍA Y TRANSPORTE DE APODACA", "NOM_ASEN": "PARQUE INDUSTRIAL EL SABINAL", "TIPO": "ZONA INDUSTRIAL", "Shape_Leng": 4442.3587141099997, "Shape_Area": 1094081.1213100001 }, "geometry": { "type": "Polygon", "coordinates": [ [ [ -100.178513838896961, 25.746625133886695 ], [ -100.178689242754629, 25.746654811450444 ], [ -100.17972620340737, 25.747592915835455 ], [ -100.181131110073025, 25.748967515429385 ], [ -100.181334667389891, 25.748886252996716 ], [ -100.182352189056417, 25.748852255282475 ], [ -100.183775671226314, 25.748839302615618 ], [ -100.184404347953318, 25.749653827248878 ], [ -100.184381508902916, 25.749680432634324 ], [ -100.184257932743733, 25.749853756198359 ], [ -100.183797952005762, 25.750400671818227 ], [ -100.183737282720088, 25.750475568297059 ], [ -100.183556717365775, 25.750727131361415 ], [ -100.183392852298326, 25.751171991013056 ], [ -100.182858430625728, 25.752436543232037 ], [ -100.182654133567397, 25.752896362967675 ], [ -100.182452536764558, 25.753521820651788 ], [ -100.182212098899271, 25.754274991016178 ], [ -100.181449966667245, 25.756427762904497 ], [ -100.181354685484777, 25.756413707738947 ], [ -100.181314801301554, 25.756409525577322 ], [ -100.181115922729717, 25.756367342667502 ], [ -100.180898484872401, 25.756379665529138 ], [ -100.178103373325101, 25.757331986485212 ], [ -100.175323499231737, 25.758275972936495 ], [ -100.173885126512175, 25.758764156024057 ], [ -100.172500416895076, 25.759238917616912 ], [ -100.172347414263967, 25.759292638417836 ], [ -100.172195892625922, 25.759017241493282 ], [ -100.172000291945636, 25.758642481936864 ], [ -100.171092717449071, 25.756833321121889 ], [ -100.170229983601914, 25.75506556870646 ], [ -100.169990665215067, 25.754545461296168 ], [ -100.169481475581023, 25.753507039284603 ], [ -100.169427479364245, 25.753283105941122 ], [ -100.170759792002215, 25.752755455684312 ], [ -100.17133594879769, 25.752535422900284 ], [ -100.171931997431997, 25.752297802296738 ], [ -100.172499229058872, 25.752073880923398 ], [ -100.17347490629993, 25.751689444065221 ], [ -100.173618767266703, 25.751624057682001 ], [ -100.174117130841708, 25.751160809917753 ], [ -100.174656998107864, 25.750669780271412 ], [ -100.174808541661363, 25.75053194466539 ], [ -100.176092532340618, 25.74933061730701 ], [ -100.176377055505611, 25.749062741655916 ], [ -100.176944788420371, 25.748467619197292 ], [ -100.177717818491374, 25.747618290798606 ], [ -100.178349168832014, 25.746830404263839 ], [ -100.178403970090372, 25.746762196580214 ], [ -100.178513838896961, 25.746625133886695 ] ] ] } },
{ "type": "Feature", "properties": { "CVEGEO": "1900600010418", "CVE_ENT": "19", "CVE_MUN": "006", "CVE_LOC": "0001", "CVE_ASEN": "0418", "CP": "66645", "FECHA_ACT": "11/2024", "INSTITUCIO": "SECRETARÍA DE DESARROLLO URBANO, OBRAS PÚBLICAS, ECOLOGÍA Y TRANSPORTE DE APODACA", "NOM_ASEN": "PARQUE INDUSTRIAL LAS AMÉRICAS", "TIPO": "ZONA INDUSTRIAL", "Shape_Leng": 2002.6583922899999, "Shape_Area": 176161.600767 }, "geometry": { "type": "Polygon", "coordinates": [ [ [ -100.166536084103981, 25.748313478422546 ], [ -100.166577747055541, 25.74792014625735 ], [ -100.166644597671109, 25.747369019867783 ], [ -100.167624935067721, 25.747425651765695 ], [ -100.167685610672009, 25.746983072763328 ], [ -100.167860600925891, 25.746239111833091 ], [ -100.16833489062013, 25.744862972641766 ], [ -100.169539611452436, 25.744876767201003 ], [ -100.170095150059424, 25.744883124510046 ], [ -100.171199387810674, 25.744896080812872 ], [ -100.172848481321026, 25.744916764831423 ], [ -100.17284416915183, 25.744983240435189 ], [ -100.172825683324604, 25.745059299189354 ], [ -100.172042016400681, 25.748250181484366 ], [ -100.172048629646312, 25.748345231218547 ], [ -100.171550388326622, 25.748539021036919 ], [ -100.171074980047422, 25.748709127154246 ], [ -100.170572666815829, 25.748815593949306 ], [ -100.170465340951367, 25.748478834794494 ], [ -100.170347055637819, 25.74803369232507 ], [ -100.169576390157303, 25.747763058770854 ], [ -100.168839963420268, 25.747544982830497 ], [ -100.168431099144598, 25.747977015624464 ], [ -100.16809166486135, 25.748253415626486 ], [ -100.167980032735571, 25.748230526576073 ], [ -100.167958395573379, 25.748222042458476 ], [ -100.166536084103981, 25.748313478422546 ] ] ] } },
{ "type": "Feature", "properties": { "CVEGEO": "1900600010421", "CVE_ENT": "19", "CVE_MUN": "006", "CVE_LOC": "0001", "CVE_ASEN": "0421", "CP": "66603", "FECHA_ACT": "11/2024", "INSTITUCIO": "SECRETARÍA DE DESARROLLO URBANO, OBRAS PÚBLICAS, ECOLOGÍA Y TRANSPORTE DE APODACA", "NOM_ASEN": "PARQUE INDUSTRIAL REGIOMONTANO", "TIPO": "ZONA INDUSTRIAL", "Shape_Leng": 1936.54806332, "Shape_Area": 217302.9321 }, "geometry": { "type": "Polygon", "coordinates": [ [ [ -100.176482046794604, 25.761479017279409 ], [ -100.179344533798314, 25.760415955634802 ], [ -100.182074764665373, 25.759404114559402 ], [ -100.182113723833567, 25.760474462799269 ], [ -100.182236755110011, 25.761221938129555 ], [ -100.18240499372078, 25.761911662800514 ], [ -100.18253944267002, 25.76224617231167 ], [ -100.182844071243423, 25.762889515535473 ], [ -100.182002066094313, 25.763230836959529 ], [ -100.17869025499364, 25.764573521181163 ], [ -100.178132966414339, 25.764810696978667 ], [ -100.17796997201998, 25.764880784498622 ], [ -100.177857341710208, 25.764617516678612 ], [ -100.176482046794604, 25.761479017279409 ] ] ] } },
{ "type": "Feature", "properties": { "CVEGEO": "1900600010422", "CVE_ENT": "19", "CVE_MUN": "006", "CVE_LOC": "0001", "CVE_ASEN": "0422", "CP": "66646", "FECHA_ACT": "11/2024", "INSTITUCIO": "SECRETARÍA DE DESARROLLO URBANO, OBRAS PÚBLICAS, ECOLOGÍA Y TRANSPORTE DE APODACA", "NOM_ASEN": "PARQUE INDUSTRIAL S G", "TIPO": "ZONA INDUSTRIAL", "Shape_Leng": 890.72579792399995, "Shape_Area": 48173.962796599997 }, "geometry": { "type": "Polygon", "coordinates": [ [ [ -100.1578117175453, 25.748873487492503 ], [ -100.158066188613304, 25.748867448296274 ], [ -100.158286964546235, 25.748901812112365 ], [ -100.15851223874256, 25.74894582948869 ], [ -100.158780195537545, 25.748969942453439 ], [ -100.158988825494916, 25.748958233302577 ], [ -100.159029980425998, 25.748925127154827 ], [ -100.160239734671066, 25.749923936471582 ], [ -100.16002475603436, 25.750127056704162 ], [ -100.15970439242335, 25.750428386856381 ], [ -100.158798560368567, 25.751289637211933 ], [ -100.158597951861381, 25.751453721712252 ], [ -100.158241829822074, 25.750989671291514 ], [ -100.157219756302936, 25.750166797436709 ], [ -100.157254289619758, 25.750135410587866 ], [ -100.157223927124846, 25.750114107271248 ], [ -100.157523449560728, 25.749826648887367 ], [ -100.15765141027164, 25.749585758685768 ], [ -100.157668601184639, 25.749494766570336 ], [ -100.157700654662946, 25.749289958553902 ], [ -100.157727289786422, 25.749093484519687 ], [ -100.157705741231112, 25.748899593576059 ], [ -100.1578117175453, 25.748873487492503 ] ] ] } },
{ "type": "Feature", "properties": { "CVEGEO": "1900600010443", "CVE_ENT": "19", "CVE_MUN": "006", "CVE_LOC": "0001", "CVE_ASEN": "0443", "CP": "66643", "FECHA_ACT": "11/2024", "INSTITUCIO": "SECRETARÍA DE DESARROLLO URBANO, OBRAS PÚBLICAS, ECOLOGÍA Y TRANSPORTE DE APODACA", "NOM_ASEN": "PASEO DE LAS FLORES TERCER SECTOR", "TIPO": "FRACCIONAMIENTO", "Shape_Leng": 2308.0234209099999, "Shape_Area": 202943.37431300001 }, "geometry": { "type": "Polygon", "coordinates": [ [ [ -100.136058996571904, 25.763698427123895 ], [ -100.13587220810102, 25.7635758847433 ], [ -100.135680865781225, 25.763301157948476 ], [ -100.135608768495416, 25.763109848951299 ], [ -100.13563305839719, 25.76292298148897 ], [ -100.135754887003372, 25.762760227336905 ], [ -100.135918561363184, 25.76260876613242 ], [ -100.135986789037361, 25.762451689943269 ], [ -100.135938009756472, 25.76204028036847 ], [ -100.135858059806722, 25.761779493516091 ], [ -100.135657169060693, 25.761542838490652 ], [ -100.135531057000563, 25.761441711043421 ], [ -100.135497213919635, 25.761383979442225 ], [ -100.135294706284867, 25.760987411873483 ], [ -100.13532801944028, 25.760825609166435 ], [ -100.13549220163577, 25.760692359445898 ], [ -100.135781306269109, 25.760488914468951 ], [ -100.136751454853353, 25.759625484364701 ], [ -100.136927800829113, 25.75963030993335 ], [ -100.136992258335866, 25.759792333599684 ], [ -100.137072186260468, 25.760028196600558 ], [ -100.137111346057665, 25.760136421427841 ], [ -100.137144751795773, 25.760246244709641 ], [ -100.137400645020293, 25.760697051570869 ], [ -100.137718253780832, 25.761057872836528 ], [ -100.138003488487328, 25.761347759151668 ], [ -100.138334416417095, 25.761666979179765 ], [ -100.138379819468227, 25.761716468091088 ], [ -100.138588863609428, 25.761536429973702 ], [ -100.139271683537061, 25.760945610266184 ], [ -100.139568773857263, 25.760686771210686 ], [ -100.13990249414806, 25.760435459958092 ], [ -100.140270403980892, 25.760228771084677 ], [ -100.140603756784344, 25.759939218529013 ], [ -100.14093968633577, 25.76024235484919 ], [ -100.142428510854131, 25.761670175712013 ], [ -100.142596221087743, 25.761824843892953 ], [ -100.142639693543899, 25.761834634130025 ], [ -100.142834731131387, 25.761992405185339 ], [ -100.141365937664062, 25.762655492234707 ], [ -100.141205857398276, 25.762730405292945 ], [ -100.141054394661893, 25.762795821496997 ], [ -100.140746686262545, 25.762932019342259 ], [ -100.140529067162291, 25.762976475886266 ], [ -100.140039062722025, 25.763049915514294 ], [ -100.139760690492352, 25.763057444754857 ], [ -100.139559226375908, 25.763097197380556 ], [ -100.139519239701187, 25.763059279569426 ], [ -100.139409189411865, 25.763168854380105 ], [ -100.138554969895097, 25.764367537968504 ], [ -100.138511156403069, 25.764429016172961 ], [ -100.138370238503683, 25.764636903043606 ], [ -100.138220332069508, 25.764550052014926 ], [ -100.137257054903188, 25.763782898345383 ], [ -100.136759746140257, 25.763652028054043 ], [ -100.136571770754685, 25.763675821872624 ], [ -100.136425432947732, 25.763759101907581 ], [ -100.136257681263061, 25.763784087481014 ], [ -100.136058996571904, 25.763698427123895 ] ] ] } },
{ "type": "Feature", "properties": { "CVEGEO": "1900600010445", "CVE_ENT": "19", "CVE_MUN": "006", "CVE_LOC": "0001", "CVE_ASEN": "0445", "CP": "66645", "FECHA_ACT": "11/2024", "INSTITUCIO": "SECRETARÍA DE DESARROLLO URBANO, OBRAS PÚBLICAS, ECOLOGÍA Y TRANSPORTE DE APODACA", "NOM_ASEN": "URBI 21 PARQUE INDUSTRIAL HUINALÁ", "TIPO": "ZONA INDUSTRIAL", "Shape_Leng": 1792.0267166900001, "Shape_Area": 157943.57047899999 }, "geometry": { "type": "Polygon", "coordinates": [ [ [ -100.171550388326622, 25.748539021036919 ], [ -100.172048629646312, 25.748345231218547 ], [ -100.172069217911471, 25.748388483582019 ], [ -100.173144250441013, 25.74932370824617 ], [ -100.173177748301796, 25.749353539666213 ], [ -100.173204971144244, 25.749377782291408 ], [ -100.174544592197279, 25.75057074954772 ], [ -100.174620556856752, 25.750638396952759 ], [ -100.174656998107864, 25.750669780271412 ], [ -100.174117130841708, 25.751160809917753 ], [ -100.173618767266703, 25.751624057682001 ], [ -100.17347490629993, 25.751689444065221 ], [ -100.172499229058872, 25.752073880923398 ], [ -100.171931997431997, 25.752297802296738 ], [ -100.17133594879769, 25.752535422900284 ], [ -100.170759792002215, 25.752755455684312 ], [ -100.169427479364245, 25.753283105941122 ], [ -100.169449517040704, 25.753227854004248 ], [ -100.168603742375694, 25.751860035448882 ], [ -100.168686394400083, 25.75169887362425 ], [ -100.168733263245784, 25.751608746184619 ], [ -100.168791969716963, 25.751551469389462 ], [ -100.168942067388215, 25.751448228480676 ], [ -100.170420603363425, 25.750863599845019 ], [ -100.170521665532419, 25.750801983754972 ], [ -100.170653551391609, 25.750570450126599 ], [ -100.170791083932031, 25.750053868606166 ], [ -100.170841845016724, 25.749780387406091 ], [ -100.170861040567274, 25.749676963969733 ], [ -100.170728396615971, 25.74956278731506 ], [ -100.170634753897232, 25.74945971838957 ], [ -100.170564280185829, 25.749279881558639 ], [ -100.170464186780308, 25.74908447386029 ], [ -100.170372365422253, 25.748857840046924 ], [ -100.170572666815829, 25.748815593949306 ], [ -100.171074980047422, 25.748709127154246 ], [ -100.171550388326622, 25.748539021036919 ] ] ] } },
{ "type": "Feature", "properties": { "CVEGEO": "1900600010449", "CVE_ENT": "19", "CVE_MUN": "006", "CVE_LOC": "0001", "CVE_ASEN": "0449", "CP": "66646", "FECHA_ACT": "11/2024", "INSTITUCIO": "SECRETARÍA DE DESARROLLO URBANO, OBRAS PÚBLICAS, ECOLOGÍA Y TRANSPORTE DE APODACA", "NOM_ASEN": "SAN BENITO", "TIPO": "FRACCIONAMIENTO", "Shape_Leng": 1930.6870828000001, "Shape_Area": 211276.24677600001 }, "geometry": { "type": "Polygon", "coordinates": [ [ [ -100.149618796624566, 25.752833057440842 ], [ -100.149637757888499, 25.752670956207965 ], [ -100.149740916566657, 25.751429910718002 ], [ -100.149747072165766, 25.751360161434878 ], [ -100.149765824644248, 25.750542147922424 ], [ -100.149769758770645, 25.750340372538382 ], [ -100.149841703497415, 25.749540662816113 ], [ -100.149897615041354, 25.748645054285923 ], [ -100.149933288757765, 25.748426274789669 ], [ -100.150644908921933, 25.74823060489657 ], [ -100.150889807703066, 25.748245462654172 ], [ -100.151156865016389, 25.74833257511462 ], [ -100.151386808647786, 25.748467247202022 ], [ -100.151552933522709, 25.748664171039856 ], [ -100.151714850152985, 25.74892403712624 ], [ -100.152211482082251, 25.749637772714561 ], [ -100.1523054335551, 25.749785854645115 ], [ -100.152432032871445, 25.749967316075914 ], [ -100.152536816228221, 25.75005253268785 ], [ -100.152628309091739, 25.750140590923923 ], [ -100.152759501448358, 25.750232114385586 ], [ -100.152874988590327, 25.750263457971879 ], [ -100.153057010471784, 25.750274580322216 ], [ -100.153265695005842, 25.750274015537141 ], [ -100.15344949667103, 25.750309438714513 ], [ -100.155212191353613, 25.752959189458391 ], [ -100.155438385483052, 25.753125875695535 ], [ -100.153446955998348, 25.753666204529221 ], [ -100.153053465343206, 25.75375760570514 ], [ -100.152780028936576, 25.753786176036883 ], [ -100.152510432938058, 25.753761901571185 ], [ -100.152037345230511, 25.75365539786603 ], [ -100.150423227839013, 25.753117363889672 ], [ -100.149618796624566, 25.752833057440842 ] ] ] } },
{ "type": "Feature", "properties": { "CVEGEO": "1900600010476", "CVE_ENT": "19", "CVE_MUN": "006", "CVE_LOC": "0001", "CVE_ASEN": "0476", "CP": "66603", "FECHA_ACT": "11/2024", "INSTITUCIO": "SECRETARÍA DE DESARROLLO URBANO, OBRAS PÚBLICAS, ECOLOGÍA Y TRANSPORTE DE APODACA", "NOM_ASEN": "PARQUE INDUSTRIAL AGUA FRÍA", "TIPO": "ZONA INDUSTRIAL", "Shape_Leng": 11371.738709699999, "Shape_Area": 3496621.3430400002 }, "geometry": { "type": "Polygon", "coordinates": [ [ [ -100.167218211475046, 25.782516976656357 ], [ -100.168749029335444, 25.782054580757492 ], [ -100.171601503752569, 25.78116589323335 ], [ -100.172957912350199, 25.780747030790721 ], [ -100.173678028327259, 25.780524646506333 ], [ -100.174727870466896, 25.780200434515596 ], [ -100.175277517280605, 25.780043432705948 ], [ -100.175610107894457, 25.779935024826582 ], [ -100.175641151727064, 25.779987896593202 ], [ -100.176450231111957, 25.781386279389423 ], [ -100.176839574161775, 25.781972693947033 ], [ -100.178892062310595, 25.785330945877739 ], [ -100.180301563118419, 25.7875328809404 ], [ -100.180351298023254, 25.787502439146273 ], [ -100.180512389888193, 25.78740383749528 ], [ -100.181102514941728, 25.787123846244747 ], [ -100.180894583256219, 25.787493368333084 ], [ -100.180470234484517, 25.788111631870766 ], [ -100.180234955145508, 25.788488770199823 ], [ -100.17977721423253, 25.787758522617015 ], [ -100.175310564955581, 25.789938630720641 ], [ -100.171911260539403, 25.791597647771351 ], [ -100.171262655251297, 25.791914183030819 ], [ -100.170432077553897, 25.792377673158072 ], [ -100.169832514949675, 25.792927071613356 ], [ -100.169880794763898, 25.792970541855372 ], [ -100.169718930923963, 25.793100585446322 ], [ -100.168952316970504, 25.793384061564673 ], [ -100.168145407433173, 25.793702280256948 ], [ -100.16776185099917, 25.793895477252097 ], [ -100.167709956843424, 25.793740554015891 ], [ -100.166588823479771, 25.793331128973897 ], [ -100.163464879219845, 25.795862621020166 ], [ -100.162211547140203, 25.794516253881497 ], [ -100.158952547869291, 25.796056486556139 ], [ -100.160915923781189, 25.798036706147155 ], [ -100.156774806135743, 25.798611022599321 ], [ -100.156809352393722, 25.798344931665333 ], [ -100.156825337303218, 25.798221817009868 ], [ -100.156841058938312, 25.798100730888635 ], [ -100.156866945318228, 25.797901344631182 ], [ -100.156878320493476, 25.7978137204279 ], [ -100.1568783338017, 25.797813629885777 ], [ -100.156941281225059, 25.797372381425394 ], [ -100.157144739300207, 25.795964719722711 ], [ -100.15414334744446, 25.797395553612709 ], [ -100.15406827434208, 25.797273886793718 ], [ -100.154055691321631, 25.797257206110647 ], [ -100.151718631579769, 25.793798511789678 ], [ -100.148727969343781, 25.789738879962758 ], [ -100.144125299776604, 25.791274842078813 ], [ -100.143216561118436, 25.791694623726908 ], [ -100.141490824478026, 25.79338490465134 ], [ -100.141060529450442, 25.793274995194643 ], [ -100.140421024223556, 25.793937879360005 ], [ -100.140043234191523, 25.793824320748723 ], [ -100.139024489434405, 25.791126241468657 ], [ -100.141565682861511, 25.790352170533794 ], [ -100.142962121976879, 25.789952360928446 ], [ -100.144003106184527, 25.789654309609848 ], [ -100.145491180397727, 25.789197898378209 ], [ -100.147880157008501, 25.788465130354879 ], [ -100.152634393900385, 25.78688730089171 ], [ -100.159638958660608, 25.784562301763824 ], [ -100.160965142432971, 25.784220903867332 ], [ -100.161290879783394, 25.784137047503314 ], [ -100.165018408453804, 25.78317739038695 ], [ -100.167218211475046, 25.782516976656357 ] ] ] } },
{ "type": "Feature", "properties": { "CVEGEO": "1900600010479", "CVE_ENT": "19", "CVE_MUN": "006", "CVE_LOC": "0001", "CVE_ASEN": "0479", "CP": "66626", "FECHA_ACT": "11/2024", "INSTITUCIO": "SECRETARÍA DE DESARROLLO URBANO, OBRAS PÚBLICAS, ECOLOGÍA Y TRANSPORTE DE APODACA", "NOM_ASEN": "PARQUE INDUSTRIAL STIVA", "TIPO": "ZONA INDUSTRIAL", "Shape_Leng": 10942.2945578, "Shape_Area": 5326225.1582000004 }, "geometry": { "type": "Polygon", "coordinates": [ [ [ -100.129821071790772, 25.776757635260232 ], [ -100.129598225233181, 25.770572887021856 ], [ -100.125185366348092, 25.770934677025874 ], [ -100.125071059908279, 25.769105916755304 ], [ -100.126764561968685, 25.768576665548618 ], [ -100.128994153307161, 25.767779157582623 ], [ -100.131218381297316, 25.767073433290417 ], [ -100.132494960956265, 25.766972306788293 ], [ -100.132857829462324, 25.766935425657689 ], [ -100.133150502580762, 25.766881887441841 ], [ -100.133336099562243, 25.766822401189309 ], [ -100.133583564193728, 25.766705806582273 ], [ -100.134831173760986, 25.766118497268774 ], [ -100.13658129681609, 25.765431213994702 ], [ -100.13731229174526, 25.765144139742624 ], [ -100.137402266716151, 25.765218497651443 ], [ -100.138028681185361, 25.76585326081441 ], [ -100.138970375942492, 25.766919874459255 ], [ -100.139426831485238, 25.767487836433428 ], [ -100.139550213436735, 25.767579624167798 ], [ -100.140242224187944, 25.767536145381133 ], [ -100.140387052901744, 25.767283898665863 ], [ -100.140910639877276, 25.767263274640033 ], [ -100.141400621458516, 25.767236736379921 ], [ -100.141899603236453, 25.767211073139752 ], [ -100.142105178993006, 25.767184257840974 ], [ -100.142383721892656, 25.767132492334284 ], [ -100.142565870131605, 25.767069575416642 ], [ -100.142811369420286, 25.766974838282962 ], [ -100.143196674119423, 25.766786481956284 ], [ -100.143500601816513, 25.766510362432779 ], [ -100.143787681330252, 25.766194937049704 ], [ -100.144062364432713, 25.765884038650668 ], [ -100.144352056104864, 25.765576139942141 ], [ -100.144659360524017, 25.765253434394996 ], [ -100.14494856183012, 25.764945165927699 ], [ -100.145242260516028, 25.764652368456126 ], [ -100.14553558039222, 25.76435921040785 ], [ -100.146675369906134, 25.763136482394827 ], [ -100.146938278102297, 25.763370314861398 ], [ -100.147022211794223, 25.763526638073326 ], [ -100.14790546993666, 25.764771014637994 ], [ -100.148702104466935, 25.765783649380474 ], [ -100.149215424608897, 25.766471604609169 ], [ -100.149299570533273, 25.766602824883492 ], [ -100.14933199023551, 25.766765172747945 ], [ -100.149589437665426, 25.766925741835866 ], [ -100.149205713705456, 25.767054988865322 ], [ -100.149458752821175, 25.769197117437848 ], [ -100.151109602756975, 25.769082185255829 ], [ -100.154588248712187, 25.768891915954189 ], [ -100.154639327307635, 25.768974996494219 ], [ -100.156073966901545, 25.770887380319856 ], [ -100.157644008593877, 25.772969625212156 ], [ -100.159170909292115, 25.775020564102082 ], [ -100.160613129357927, 25.776959340879245 ], [ -100.161021146037442, 25.777507327770628 ], [ -100.161589557965073, 25.77828236820158 ], [ -100.162534588083048, 25.779545881088026 ], [ -100.163234275803731, 25.780500553631256 ], [ -100.16440535188157, 25.782254103218577 ], [ -100.165018408453804, 25.78317739038695 ], [ -100.161290879783394, 25.784137047503314 ], [ -100.160965142432971, 25.784220903867332 ], [ -100.159638958660608, 25.784562301763824 ], [ -100.152634393900385, 25.78688730089171 ], [ -100.151705971500036, 25.786217619987561 ], [ -100.151468650683839, 25.786130859075495 ], [ -100.149320215815266, 25.785301866804762 ], [ -100.14763489854171, 25.78452625643628 ], [ -100.144668654187768, 25.783281719826629 ], [ -100.143051277295456, 25.782540810128538 ], [ -100.140628303700012, 25.781456504962421 ], [ -100.139837750793873, 25.781135258978484 ], [ -100.137980683237814, 25.780330255508066 ], [ -100.137611754237085, 25.780170328702571 ], [ -100.135981316476816, 25.779444199217707 ], [ -100.133635193311477, 25.778430187835969 ], [ -100.133502964759344, 25.77837303513531 ], [ -100.133417368473772, 25.778334638692051 ], [ -100.131351797938009, 25.777408048235596 ], [ -100.130316487677348, 25.776943605276045 ], [ -100.129821071790772, 25.776757635260232 ] ] ] } },
{ "type": "Feature", "properties": { "CVEGEO": "1900600010481", "CVE_ENT": "19", "CVE_MUN": "006", "CVE_LOC": "0001", "CVE_ASEN": "0481", "CP": "66646", "FECHA_ACT": "11/2024", "INSTITUCIO": "SECRETARÍA DE DESARROLLO URBANO, OBRAS PÚBLICAS, ECOLOGÍA Y TRANSPORTE DE APODACA", "NOM_ASEN": "PRIVADAS CANTERAS", "TIPO": "FRACCIONAMIENTO", "Shape_Leng": 2391.5833352499999, "Shape_Area": 250492.49694899999 }, "geometry": { "type": "Polygon", "coordinates": [ [ [ -100.154419362708694, 25.740748484884282 ], [ -100.153970161270919, 25.741376925084523 ], [ -100.153788489619586, 25.741661411729474 ], [ -100.152779618947946, 25.743241620219681 ], [ -100.152650065333773, 25.74344066693704 ], [ -100.151368604843341, 25.743427282712268 ], [ -100.150702840205824, 25.743428506414624 ], [ -100.15006846910363, 25.743445669262261 ], [ -100.149968779453033, 25.743448390222198 ], [ -100.149493233209952, 25.74346126945326 ], [ -100.14938739639787, 25.743464135892268 ], [ -100.149270975972257, 25.743498770860043 ], [ -100.14925588347424, 25.743431878410043 ], [ -100.14845831296202, 25.741507708916249 ], [ -100.147997580178142, 25.741782077784944 ], [ -100.147801167049124, 25.741905403360583 ], [ -100.147471793059623, 25.741395658999839 ], [ -100.146993851790327, 25.740627147806546 ], [ -100.146072929085904, 25.740523366697836 ], [ -100.146072640128267, 25.740523334290266 ], [ -100.146129355327361, 25.740454863984489 ], [ -100.146175744008332, 25.740398495662529 ], [ -100.146258485807536, 25.740269542005613 ], [ -100.146325126127948, 25.73984965311503 ], [ -100.146357323224237, 25.739359665930799 ], [ -100.146349265812944, 25.739292144214314 ], [ -100.146503241843646, 25.739261972625695 ], [ -100.147216645513126, 25.739126981028338 ], [ -100.147375204879268, 25.739102627201529 ], [ -100.149072733035851, 25.738841883806586 ], [ -100.149119570560757, 25.739375075008294 ], [ -100.149181974672814, 25.739909694150523 ], [ -100.150154703027113, 25.739734963723333 ], [ -100.150124195641467, 25.739314281093318 ], [ -100.150412979001729, 25.739391581628933 ], [ -100.151063886542786, 25.739594450694394 ], [ -100.151485933624414, 25.739726356459059 ], [ -100.152910990901418, 25.740171732957315 ], [ -100.153155371664255, 25.740255917095787 ], [ -100.154240902582828, 25.74067567414383 ], [ -100.154419362708694, 25.740748484884282 ] ] ] } },
{ "type": "Feature", "properties": { "CVEGEO": "1900600010484", "CVE_ENT": "19", "CVE_MUN": "006", "CVE_LOC": "0001", "CVE_ASEN": "0484", "CP": "66646", "FECHA_ACT": "11/2024", "INSTITUCIO": "SECRETARÍA DE DESARROLLO URBANO, OBRAS PÚBLICAS, ECOLOGÍA Y TRANSPORTE DE APODACA", "NOM_ASEN": "SANTA SOFÍA RESIDENCIAL", "TIPO": "FRACCIONAMIENTO", "Shape_Leng": 2021.37344033, "Shape_Area": 264068.92654299998 }, "geometry": { "type": "Polygon", "coordinates": [ [ [ -100.146862131422495, 25.752562767152451 ], [ -100.146864070723808, 25.752439558854562 ], [ -100.147036716502129, 25.752444943140265 ], [ -100.147123942375075, 25.752447664371278 ], [ -100.147859747768607, 25.752509068546647 ], [ -100.148691948200735, 25.752609149803479 ], [ -100.149265940646131, 25.752700950439749 ], [ -100.149618796624566, 25.752833057440842 ], [ -100.150423227839013, 25.753117363889672 ], [ -100.152037345230511, 25.75365539786603 ], [ -100.152025326948817, 25.753748283435563 ], [ -100.152001292336749, 25.75393405457427 ], [ -100.152006831849732, 25.754009164595221 ], [ -100.15201074423446, 25.754062215467467 ], [ -100.152105483386265, 25.754161059548913 ], [ -100.151979993650798, 25.75430693044488 ], [ -100.151857714984544, 25.754500354724083 ], [ -100.151710467868654, 25.755024905918749 ], [ -100.15162155850021, 25.755521904539865 ], [ -100.151482184473736, 25.756300703143463 ], [ -100.151465210025123, 25.756405109397996 ], [ -100.150640848881395, 25.756826128717123 ], [ -100.150230914187148, 25.757065795818136 ], [ -100.150086793932701, 25.757256819091722 ], [ -100.150004552850604, 25.757609154854844 ], [ -100.149554623347044, 25.757880718263735 ], [ -100.14922658021284, 25.758120739024974 ], [ -100.147610058648681, 25.756783476378029 ], [ -100.146860042405649, 25.756149335471466 ], [ -100.146442786422639, 25.755693195546502 ], [ -100.145570271077574, 25.754676736543242 ], [ -100.145216351504786, 25.754302186427566 ], [ -100.145213962267363, 25.754298786208217 ], [ -100.145317313710422, 25.754294337861936 ], [ -100.146435082233111, 25.752705969135345 ], [ -100.146717574753666, 25.752640281407171 ], [ -100.146862131422495, 25.752562767152451 ] ] ] } },
{ "type": "Feature", "properties": { "CVEGEO": "1900600010485", "CVE_ENT": "19", "CVE_MUN": "006", "CVE_LOC": "0001", "CVE_ASEN": "0485", "CP": "66646", "FECHA_ACT": "11/2024", "INSTITUCIO": "SECRETARÍA DE DESARROLLO URBANO, OBRAS PÚBLICAS, ECOLOGÍA Y TRANSPORTE DE APODACA", "NOM_ASEN": "PRIVALIA HUINALÁ CUARTO SECTOR", "TIPO": "FRACCIONAMIENTO", "Shape_Leng": 782.97608763599999, "Shape_Area": 32856.139024600001 }, "geometry": { "type": "Polygon", "coordinates": [ [ [ -100.146019253566948, 25.749512282312917 ], [ -100.145983472265954, 25.749494102399517 ], [ -100.14580014032947, 25.749417082504241 ], [ -100.1457453122554, 25.749421622238039 ], [ -100.146205952058494, 25.74860414278022 ], [ -100.14654859258961, 25.748172271403892 ], [ -100.146894805276261, 25.747811782535837 ], [ -100.147235054348329, 25.747638794020631 ], [ -100.147246692316244, 25.747983899534567 ], [ -100.147252563106278, 25.748268944406668 ], [ -100.147319629224086, 25.748443712943299 ], [ -100.147407077649731, 25.748582724408983 ], [ -100.147527987138602, 25.748698129664341 ], [ -100.147675690019852, 25.748792849209444 ], [ -100.147836983162108, 25.748863729984627 ], [ -100.147871676998633, 25.749052983574597 ], [ -100.147873103819762, 25.749250003840658 ], [ -100.14782139405321, 25.749382821457804 ], [ -100.147828559601365, 25.749522108930158 ], [ -100.147751842202922, 25.749843652206142 ], [ -100.147683863752093, 25.750193425641577 ], [ -100.147665915280427, 25.750249538924489 ], [ -100.147594242073453, 25.750228739158004 ], [ -100.147462329884235, 25.750190670931964 ], [ -100.147355835366497, 25.750179225797368 ], [ -100.147315459302092, 25.750149909743065 ], [ -100.147275472475471, 25.750147088237213 ], [ -100.146073100130579, 25.749526829822159 ], [ -100.146019253566948, 25.749512282312917 ] ] ] } },
{ "type": "Feature", "properties": { "CVEGEO": "1900600010486", "CVE_ENT": "19", "CVE_MUN": "006", "CVE_LOC": "0001", "CVE_ASEN": "0486", "CP": "66646", "FECHA_ACT": "11/2024", "INSTITUCIO": "SECRETARÍA DE DESARROLLO URBANO, OBRAS PÚBLICAS, ECOLOGÍA Y TRANSPORTE DE APODACA", "NOM_ASEN": "PRIVALIA HUINALÁ QUINTO SECTOR", "TIPO": "FRACCIONAMIENTO", "Shape_Leng": 618.13405836699997, "Shape_Area": 19280.024912600002 }, "geometry": { "type": "Polygon", "coordinates": [ [ [ -100.147282744616106, 25.750955388506853 ], [ -100.147245191378374, 25.751047057316647 ], [ -100.147183115689899, 25.750980822601395 ], [ -100.14715133018926, 25.750990566530103 ], [ -100.146917343094387, 25.750905389127187 ], [ -100.146868329469058, 25.750878544168579 ], [ -100.145624772087601, 25.750224496472242 ], [ -100.145594854541827, 25.750219787970998 ], [ -100.145496747781195, 25.750186961912316 ], [ -100.145425675079835, 25.750153732235667 ], [ -100.145342765427884, 25.750135997045103 ], [ -100.1457453122554, 25.749421622238039 ], [ -100.14580014032947, 25.749417082504241 ], [ -100.145983472265954, 25.749494102399517 ], [ -100.146019253566948, 25.749512282312917 ], [ -100.146073100130579, 25.749526829822159 ], [ -100.147275472475471, 25.750147088237213 ], [ -100.147315459302092, 25.750149909743065 ], [ -100.147355835366497, 25.750179225797368 ], [ -100.147462329884235, 25.750190670931964 ], [ -100.147594242073453, 25.750228739158004 ], [ -100.147665915280427, 25.750249538924489 ], [ -100.147524034534058, 25.750523536340175 ], [ -100.147470539723514, 25.750624016238298 ], [ -100.14740794076738, 25.750734475501723 ], [ -100.147282744616106, 25.750955388506853 ] ] ] } },
{ "type": "Feature", "properties": { "CVEGEO": "1900600010487", "CVE_ENT": "19", "CVE_MUN": "006", "CVE_LOC": "0001", "CVE_ASEN": "0487", "CP": "66646", "FECHA_ACT": "11/2024", "INSTITUCIO": "SECRETARÍA DE DESARROLLO URBANO, OBRAS PÚBLICAS, ECOLOGÍA Y TRANSPORTE DE APODACA", "NOM_ASEN": "PRIVALIA HUINALÁ SEXTO SECTOR", "TIPO": "FRACCIONAMIENTO", "Shape_Leng": 814.71610051799996, "Shape_Area": 39589.7920572 }, "geometry": { "type": "Polygon", "coordinates": [ [ [ -100.147183115689899, 25.750980822601395 ], [ -100.147245191378374, 25.751047057316647 ], [ -100.147076876721556, 25.751457914852335 ], [ -100.146972829449652, 25.751937877774893 ], [ -100.146864070723808, 25.752439558854562 ], [ -100.146781086431616, 25.752401952045826 ], [ -100.14664595825549, 25.752370905713892 ], [ -100.14638219684312, 25.752310305463674 ], [ -100.144487080908107, 25.751412189235612 ], [ -100.144415449080327, 25.751218000929754 ], [ -100.144415407307889, 25.75121798048616 ], [ -100.144416093458418, 25.751217342738627 ], [ -100.144788983337335, 25.750870579142894 ], [ -100.145020980250095, 25.750642150198534 ], [ -100.145192300288784, 25.75040301499757 ], [ -100.145342765427884, 25.750135997045103 ], [ -100.145425675079835, 25.750153732235667 ], [ -100.145496747781195, 25.750186961912316 ], [ -100.145594854541827, 25.750219787970998 ], [ -100.145624772087601, 25.750224496472242 ], [ -100.146868329469058, 25.750878544168579 ], [ -100.146917343094387, 25.750905389127187 ], [ -100.14715133018926, 25.750990566530103 ], [ -100.147183115689899, 25.750980822601395 ] ] ] } },
{ "type": "Feature", "properties": { "CVEGEO": "1900600010488", "CVE_ENT": "19", "CVE_MUN": "006", "CVE_LOC": "0001", "CVE_ASEN": "0488", "CP": "66646", "FECHA_ACT": "11/2024", "INSTITUCIO": "SECRETARÍA DE DESARROLLO URBANO, OBRAS PÚBLICAS, ECOLOGÍA Y TRANSPORTE DE APODACA", "NOM_ASEN": "TERRANOVA ELITE", "TIPO": "FRACCIONAMIENTO", "Shape_Leng": 1391.5044774600001, "Shape_Area": 115137.966858 }, "geometry": { "type": "Polygon", "coordinates": [ [ [ -100.155438385483052, 25.753125875695535 ], [ -100.155212191353613, 25.752959189458391 ], [ -100.15344949667103, 25.750309438714513 ], [ -100.153265695005842, 25.750274015537141 ], [ -100.153508052976946, 25.750234843720428 ], [ -100.154044866159865, 25.750098279741763 ], [ -100.154952357504698, 25.749871864309029 ], [ -100.155280604006037, 25.749848695954945 ], [ -100.155617988781813, 25.749882618673471 ], [ -100.156007542413107, 25.749974157054059 ], [ -100.156528295689952, 25.750157203979079 ], [ -100.156697586587271, 25.750132173104078 ], [ -100.156844064931903, 25.750079880437291 ], [ -100.15701157315668, 25.749946849543381 ], [ -100.157223927124846, 25.750114107271248 ], [ -100.157254289619758, 25.750135410587866 ], [ -100.157219756302936, 25.750166797436709 ], [ -100.158241829822074, 25.750989671291514 ], [ -100.158597951861381, 25.751453721712252 ], [ -100.15821571241807, 25.751812123365852 ], [ -100.158028910799757, 25.751971604090553 ], [ -100.157462517244255, 25.752409432133994 ], [ -100.156877886999254, 25.752772357732788 ], [ -100.15638115660613, 25.75287006467045 ], [ -100.155438385483052, 25.753125875695535 ] ] ] } },
{ "type": "Feature", "properties": { "CVEGEO": "1900600010512", "CVE_ENT": "19", "CVE_MUN": "006", "CVE_LOC": "0001", "CVE_ASEN": "0512", "CP": "66634", "FECHA_ACT": "11/2024", "INSTITUCIO": "SECRETARÍA DE DESARROLLO URBANO, OBRAS PÚBLICAS, ECOLOGÍA Y TRANSPORTE DE APODACA", "NOM_ASEN": "MONTALTO RESIDENCIAL", "TIPO": "FRACCIONAMIENTO", "Shape_Leng": 1470.3438941700001, "Shape_Area": 116118.03677000001 }, "geometry": { "type": "Polygon", "coordinates": [ [ [ -100.178513838896961, 25.746625133886695 ], [ -100.179448015949589, 25.74561452540571 ], [ -100.179933900268722, 25.745058988538357 ], [ -100.179966793908193, 25.744987531678738 ], [ -100.180331716174067, 25.744992750475355 ], [ -100.180400280149442, 25.744993731547218 ], [ -100.180780151778336, 25.744999152836737 ], [ -100.180888265574694, 25.745057470076251 ], [ -100.180965349130759, 25.745115950500299 ], [ -100.18115585453522, 25.745362918065069 ], [ -100.181257343985791, 25.745495112606708 ], [ -100.181408875714169, 25.745686916093849 ], [ -100.182100521447097, 25.74659189914626 ], [ -100.182282552840064, 25.746838767728775 ], [ -100.182428178262597, 25.747036261680879 ], [ -100.182442027211891, 25.74709171166338 ], [ -100.183521701172566, 25.74851190171989 ], [ -100.183555421110455, 25.748555367568528 ], [ -100.183578862589357, 25.74858558209424 ], [ -100.183775671226314, 25.748839302615618 ], [ -100.182352189056417, 25.748852255282475 ], [ -100.181334667389891, 25.748886252996716 ], [ -100.181131110073025, 25.748967515429385 ], [ -100.17972620340737, 25.747592915835455 ], [ -100.178689242754629, 25.746654811450444 ], [ -100.178513838896961, 25.746625133886695 ] ] ] } },
{ "type": "Feature", "properties": { "CVEGEO": "1900600010544", "CVE_ENT": "19", "CVE_MUN": "006", "CVE_LOC": "0001", "CVE_ASEN": "0544", "CP": "66646", "FECHA_ACT": "11/2024", "INSTITUCIO": "SECRETARÍA DE DESARROLLO URBANO, OBRAS PÚBLICAS, ECOLOGÍA Y TRANSPORTE DE APODACA", "NOM_ASEN": "PRIVALIA HUINALÁ PRIMER SECTOR", "TIPO": "FRACCIONAMIENTO", "Shape_Leng": 860.25422640700003, "Shape_Area": 40578.864740899997 }, "geometry": { "type": "Polygon", "coordinates": [ [ [ -100.149265940646131, 25.752700950439749 ], [ -100.148691948200735, 25.752609149803479 ], [ -100.147859747768607, 25.752509068546647 ], [ -100.147123942375075, 25.752447664371278 ], [ -100.147036716502129, 25.752444943140265 ], [ -100.146864072726615, 25.752439558877988 ], [ -100.146972829449652, 25.751937877774893 ], [ -100.147076876721556, 25.751457914852335 ], [ -100.147245191378374, 25.751047057316647 ], [ -100.147348354509205, 25.751035753038767 ], [ -100.147575635208085, 25.751149623348613 ], [ -100.147613755492984, 25.751170561221436 ], [ -100.147620314340955, 25.75115758523641 ], [ -100.147634705155795, 25.751129725306935 ], [ -100.147760974764907, 25.751129023640836 ], [ -100.148014614702575, 25.751138223067649 ], [ -100.149446632854691, 25.751357922464916 ], [ -100.149489181063871, 25.751363763739931 ], [ -100.149585083657314, 25.751356215234956 ], [ -100.149747072165766, 25.751360161434878 ], [ -100.149740916566657, 25.751429910718002 ], [ -100.149637757888499, 25.752670956207965 ], [ -100.149618796624566, 25.752833057440842 ], [ -100.149265940646131, 25.752700950439749 ] ] ] } },
{ "type": "Feature", "properties": { "CVEGEO": "1900600010545", "CVE_ENT": "19", "CVE_MUN": "006", "CVE_LOC": "0001", "CVE_ASEN": "0545", "CP": "66646", "FECHA_ACT": "11/2024", "INSTITUCIO": "SECRETARÍA DE DESARROLLO URBANO, OBRAS PÚBLICAS, ECOLOGÍA Y TRANSPORTE DE APODACA", "NOM_ASEN": "PRIVALIA HUINALÁ SEGUNDO SECTOR", "TIPO": "FRACCIONAMIENTO", "Shape_Leng": 659.09428928399996, "Shape_Area": 21016.041275899999 }, "geometry": { "type": "Polygon", "coordinates": [ [ [ -100.149585083657314, 25.751356215234956 ], [ -100.149489181063871, 25.751363763739931 ], [ -100.149446632854691, 25.751357922464916 ], [ -100.148014614702575, 25.751138223067649 ], [ -100.147760974764907, 25.751129023640836 ], [ -100.147634705155795, 25.751129725306935 ], [ -100.147620314340955, 25.75115758523641 ], [ -100.147613755492984, 25.751170561221436 ], [ -100.147575635208085, 25.751149623348613 ], [ -100.147348354509205, 25.751035753038767 ], [ -100.147245191378374, 25.751047057316647 ], [ -100.147282744616106, 25.750955388506853 ], [ -100.14740794076738, 25.750734475501723 ], [ -100.147470539723514, 25.750624016238298 ], [ -100.147524034534058, 25.750523536340175 ], [ -100.147665915280427, 25.750249538924489 ], [ -100.147753596958992, 25.750273147149269 ], [ -100.148016464544568, 25.750328896836422 ], [ -100.148208655261016, 25.750356206751192 ], [ -100.149522394015349, 25.75053894979122 ], [ -100.149765824644248, 25.750542147922424 ], [ -100.149747072165766, 25.751360161434878 ], [ -100.149585083657314, 25.751356215234956 ] ] ] } },
{ "type": "Feature", "properties": { "CVEGEO": "1900600010546", "CVE_ENT": "19", "CVE_MUN": "006", "CVE_LOC": "0001", "CVE_ASEN": "0546", "CP": "66646", "FECHA_ACT": "11/2024", "INSTITUCIO": "SECRETARÍA DE DESARROLLO URBANO, OBRAS PÚBLICAS, ECOLOGÍA Y TRANSPORTE DE APODACA", "NOM_ASEN": "PRIVALIA HUINALÁ TERCER SECTOR", "TIPO": "FRACCIONAMIENTO", "Shape_Leng": 819.756552382, "Shape_Area": 38486.8855511 }, "geometry": { "type": "Polygon", "coordinates": [ [ [ -100.149765824644248, 25.750542147922424 ], [ -100.149522394015349, 25.75053894979122 ], [ -100.148208655261016, 25.750356206751192 ], [ -100.148016464544568, 25.750328896836422 ], [ -100.147753596958992, 25.750273147149269 ], [ -100.147665915280427, 25.750249538924489 ], [ -100.147683863752093, 25.750193425641577 ], [ -100.147751842202922, 25.749843652206142 ], [ -100.147828559601365, 25.749522108930158 ], [ -100.14782139405321, 25.749382821457804 ], [ -100.147873103819762, 25.749250003840658 ], [ -100.147871676998633, 25.749052983574597 ], [ -100.147836983162108, 25.748863729984627 ], [ -100.148038531336709, 25.748899084103169 ], [ -100.148343511897195, 25.748881651526759 ], [ -100.148632919329671, 25.74879504394314 ], [ -100.149279887649897, 25.748621304929955 ], [ -100.149933288757765, 25.748426274789669 ], [ -100.149897615041354, 25.748645054285923 ], [ -100.149841703497415, 25.749540662816113 ], [ -100.149769758770645, 25.750340372538382 ], [ -100.149765824644248, 25.750542147922424 ] ] ] } },
{ "type": "Feature", "properties": { "CVEGEO": "1900600010573", "CVE_ENT": "19", "CVE_MUN": "006", "CVE_LOC": "0001", "CVE_ASEN": "0573", "CP": "00000", "FECHA_ACT": "11/2024", "INSTITUCIO": "SECRETARÍA DE DESARROLLO URBANO, OBRAS PÚBLICAS, ECOLOGÍA Y TRANSPORTE DE APODACA", "NOM_ASEN": "NINGUNO", "TIPO": "NINGUNO", "Shape_Leng": 1019.00768125, "Shape_Area": 57531.313282299998 }, "geometry": { "type": "Polygon", "coordinates": [ [ [ -100.143869194949275, 25.752841021889676 ], [ -100.143343378227044, 25.751807748150739 ], [ -100.143505776068309, 25.751569673119363 ], [ -100.143959245027546, 25.751262017502377 ], [ -100.144487080908107, 25.751412189235612 ], [ -100.14638219684312, 25.752310305463674 ], [ -100.14664595825549, 25.752370905713892 ], [ -100.146781086431616, 25.752401952045826 ], [ -100.146864071725204, 25.752439558866268 ], [ -100.146862131422495, 25.752562767152451 ], [ -100.146717574753666, 25.752640281407171 ], [ -100.146435082233111, 25.752705969135345 ], [ -100.145317313710422, 25.754294337861936 ], [ -100.145213962267363, 25.754298786208217 ], [ -100.143869194949275, 25.752841021889676 ] ] ] } },
{ "type": "Feature", "properties": { "CVEGEO": "1900603890001", "CVE_ENT": "19", "CVE_MUN": "006", "CVE_LOC": "0389", "CVE_ASEN": "0001", "CP": "66646", "FECHA_ACT": "11/2024", "INSTITUCIO": "SECRETARÍA DE DESARROLLO URBANO, OBRAS PÚBLICAS, ECOLOGÍA Y TRANSPORTE DE APODACA", "NOM_ASEN": "LOS COLIBRÍES", "TIPO": "COLONIA", "Shape_Leng": 1845.3156261199999, "Shape_Area": 170244.70222000001 }, "geometry": { "type": "Polygon", "coordinates": [ [ [ -100.150702840205824, 25.743428506414624 ], [ -100.151368604843341, 25.743427282712268 ], [ -100.151326943958637, 25.743520124056896 ], [ -100.15132708865373, 25.743631965532625 ], [ -100.151324673620138, 25.743705526689137 ], [ -100.151328854769915, 25.744002666591765 ], [ -100.151321237950071, 25.744044711899466 ], [ -100.151326238729155, 25.744094712051719 ], [ -100.151295347315582, 25.744267639223992 ], [ -100.151283614059309, 25.744411306787658 ], [ -100.151274859870398, 25.744454171435709 ], [ -100.151277901844878, 25.744514296325328 ], [ -100.151154329017928, 25.744817926154688 ], [ -100.151122970691162, 25.744838735058678 ], [ -100.150895756922054, 25.745088350235985 ], [ -100.150856179205789, 25.745110218632966 ], [ -100.150578661947094, 25.745420574193535 ], [ -100.150298823011894, 25.745733523340615 ], [ -100.150246769565925, 25.745791734802875 ], [ -100.150154406852792, 25.745895023515718 ], [ -100.150349673116295, 25.746142935039085 ], [ -100.15037630345563, 25.746208300356294 ], [ -100.150584651906399, 25.746354670575972 ], [ -100.150697789384111, 25.746489987809113 ], [ -100.150276832897774, 25.746807429028806 ], [ -100.150033370214985, 25.746989785050911 ], [ -100.149938134084152, 25.747018973735798 ], [ -100.14992620587212, 25.74702321340953 ], [ -100.14988239778593, 25.747159489219182 ], [ -100.149812932653575, 25.747176977395018 ], [ -100.149932493353205, 25.747655425705041 ], [ -100.149931993523239, 25.747803711907579 ], [ -100.149994883313539, 25.747860173157179 ], [ -100.15031117781507, 25.748322369049166 ], [ -100.149933288757765, 25.748426274789669 ], [ -100.149279887649897, 25.748621304929955 ], [ -100.148632919329671, 25.74879504394314 ], [ -100.148343511897195, 25.748881651526759 ], [ -100.148038531336709, 25.748899084103169 ], [ -100.147836983162108, 25.748863729984627 ], [ -100.147675690019852, 25.748792849209444 ], [ -100.147527987138602, 25.748698129664341 ], [ -100.147407077649731, 25.748582724408983 ], [ -100.147319629224086, 25.748443712943299 ], [ -100.147252563106278, 25.748268944406668 ], [ -100.147246692316244, 25.747983899534567 ], [ -100.147235054348329, 25.747638794020631 ], [ -100.14723549297382, 25.747608046157861 ], [ -100.147238558720161, 25.747392854579097 ], [ -100.147211024460248, 25.747233546672781 ], [ -100.147193250378493, 25.747086352653223 ], [ -100.147175294105978, 25.747055694301487 ], [ -100.147099477874349, 25.746926267839555 ], [ -100.146856420217816, 25.746600773620255 ], [ -100.148806651768041, 25.743563803489426 ], [ -100.149270975972257, 25.743498770860043 ], [ -100.14938739639787, 25.743464135892268 ], [ -100.149493233209952, 25.74346126945326 ], [ -100.149968779453033, 25.743448390222198 ], [ -100.15006846910363, 25.743445669262261 ], [ -100.150702840205824, 25.743428506414624 ] ] ] } },
{ "type": "Feature", "properties": { "CVEGEO": "1900603890002", "CVE_ENT": "19", "CVE_MUN": "006", "CVE_LOC": "0389", "CVE_ASEN": "0002", "CP": "66646", "FECHA_ACT": "11/2024", "INSTITUCIO": "SECRETARÍA DE DESARROLLO URBANO, OBRAS PÚBLICAS, ECOLOGÍA Y TRANSPORTE DE APODACA", "NOM_ASEN": "MISIÓN DE SAN JAVIER", "TIPO": "FRACCIONAMIENTO", "Shape_Leng": 1733.53712795, "Shape_Area": 145518.68638599999 }, "geometry": { "type": "Polygon", "coordinates": [ [ [ -100.150246769565925, 25.745791734802875 ], [ -100.150298823011894, 25.745733523340615 ], [ -100.150578661947094, 25.745420574193535 ], [ -100.150856179205789, 25.745110218632966 ], [ -100.150895756922054, 25.745088350235985 ], [ -100.151122970691162, 25.744838735058678 ], [ -100.151154329017928, 25.744817926154688 ], [ -100.151277901844878, 25.744514296325328 ], [ -100.151274859870398, 25.744454171435709 ], [ -100.151283614059309, 25.744411306787658 ], [ -100.151295347315582, 25.744267639223992 ], [ -100.151326238729155, 25.744094712051719 ], [ -100.151321237950071, 25.744044711899466 ], [ -100.151328854769915, 25.744002666591765 ], [ -100.151324673620138, 25.743705526689137 ], [ -100.15132708865373, 25.743631965532625 ], [ -100.151326943958637, 25.743520124056896 ], [ -100.151368604843341, 25.743427282712268 ], [ -100.152650063331109, 25.743440666913685 ], [ -100.152754900317703, 25.74344035165592 ], [ -100.152895992932613, 25.743460163134316 ], [ -100.153793798870055, 25.744027990819816 ], [ -100.153494731232783, 25.744252676436982 ], [ -100.153355457067519, 25.744388063330561 ], [ -100.153055085618703, 25.74460586680615 ], [ -100.153071502059404, 25.744673893497311 ], [ -100.153203153266503, 25.745131291672617 ], [ -100.153218876325667, 25.745174701269626 ], [ -100.153324432720126, 25.745539187435245 ], [ -100.153340162560454, 25.745593537419872 ], [ -100.153349868411297, 25.745626968654982 ], [ -100.153437595491454, 25.745924775681335 ], [ -100.153475482217857, 25.745913774663812 ], [ -100.153518716115641, 25.746060064037163 ], [ -100.1536569934742, 25.746509482508952 ], [ -100.153674635009068, 25.746612403198043 ], [ -100.15364616019842, 25.746914503793374 ], [ -100.153619827723276, 25.747303168661748 ], [ -100.153509412492468, 25.747267469345118 ], [ -100.153469251095302, 25.747325305271872 ], [ -100.153176528772036, 25.747545488831239 ], [ -100.152976834240079, 25.747638725628928 ], [ -100.152439939255288, 25.747983027860851 ], [ -100.1522894144003, 25.748086214074188 ], [ -100.152204993973442, 25.748158368224122 ], [ -100.152127797277359, 25.748225108347039 ], [ -100.151998548627319, 25.748379354863907 ], [ -100.151891368573089, 25.748484085931381 ], [ -100.151669562885644, 25.748615135484091 ], [ -100.151552933522709, 25.748664171039856 ], [ -100.151386808647786, 25.748467247202022 ], [ -100.151156865016389, 25.74833257511462 ], [ -100.150889807703066, 25.748245462654172 ], [ -100.150644908921933, 25.74823060489657 ], [ -100.15031117781507, 25.748322369049166 ], [ -100.149994883313539, 25.747860173157179 ], [ -100.149931993523239, 25.747803711907579 ], [ -100.149932493353205, 25.747655425705041 ], [ -100.149812932653575, 25.747176977395018 ], [ -100.14988239778593, 25.747159489219182 ], [ -100.14992620587212, 25.74702321340953 ], [ -100.149938134084152, 25.747018973735798 ], [ -100.150033370214985, 25.746989785050911 ], [ -100.150276832897774, 25.746807429028806 ], [ -100.150697789384111, 25.746489987809113 ], [ -100.150584651906399, 25.746354670575972 ], [ -100.15037630345563, 25.746208300356294 ], [ -100.150349673116295, 25.746142935039085 ], [ -100.150154406852792, 25.745895023515718 ], [ -100.150246769565925, 25.745791734802875 ] ] ] } },
{ "type": "Feature", "properties": { "CVEGEO": "1900603890003", "CVE_ENT": "19", "CVE_MUN": "006", "CVE_LOC": "0389", "CVE_ASEN": "0003", "CP": "66646", "FECHA_ACT": "11/2024", "INSTITUCIO": "SECRETARÍA DE DESARROLLO URBANO, OBRAS PÚBLICAS, ECOLOGÍA Y TRANSPORTE DE APODACA", "NOM_ASEN": "PRIVADA DOMINIO", "TIPO": "FRACCIONAMIENTO", "Shape_Leng": 1468.8160857600001, "Shape_Area": 107713.54102400001 }, "geometry": { "type": "Polygon", "coordinates": [ [ [ -100.153619827723276, 25.747303168661748 ], [ -100.15364616019842, 25.746914503793374 ], [ -100.153674635009068, 25.746612403198043 ], [ -100.1536569934742, 25.746509482508952 ], [ -100.153518716115641, 25.746060064037163 ], [ -100.153475482217857, 25.745913774663812 ], [ -100.153437595491454, 25.745924775681335 ], [ -100.153349868411297, 25.745626968654982 ], [ -100.153340162560454, 25.745593537419872 ], [ -100.153324432720126, 25.745539187435245 ], [ -100.153218876325667, 25.745174701269626 ], [ -100.153203153266503, 25.745131291672617 ], [ -100.153071502059404, 25.744673893497311 ], [ -100.153055085618703, 25.74460586680615 ], [ -100.153355457067519, 25.744388063330561 ], [ -100.153494731232783, 25.744252676436982 ], [ -100.153793798870055, 25.744027990819816 ], [ -100.154099880678743, 25.743842142898444 ], [ -100.154330324769447, 25.743709662841564 ], [ -100.154626142645938, 25.743539129732536 ], [ -100.156891835154838, 25.745607927496486 ], [ -100.156760050507515, 25.74574880289639 ], [ -100.156612433098033, 25.745630911308304 ], [ -100.156573093838318, 25.745625452107525 ], [ -100.156403033086846, 25.745819431377711 ], [ -100.156117623928893, 25.746145021997272 ], [ -100.156105142199621, 25.746177971557952 ], [ -100.156092832942136, 25.746210482319395 ], [ -100.156160033572064, 25.746547962374777 ], [ -100.156237422615092, 25.746942531871976 ], [ -100.156301923096919, 25.747330021607013 ], [ -100.156311662310173, 25.747351852373267 ], [ -100.156547001259469, 25.747692724337195 ], [ -100.155826867326169, 25.747710871145092 ], [ -100.155739015120261, 25.747548360893987 ], [ -100.155652853471338, 25.747458084336756 ], [ -100.155513555678496, 25.74741338992996 ], [ -100.155400383755008, 25.747383328626036 ], [ -100.154419107354357, 25.747423969991658 ], [ -100.154346421280081, 25.747438962804395 ], [ -100.154233696445203, 25.747465125798566 ], [ -100.153658405658163, 25.747577930058856 ], [ -100.153682067523178, 25.74734866422919 ], [ -100.153695997894729, 25.747329119198028 ], [ -100.153619827723276, 25.747303168661748 ] ] ] } },
{ "type": "Feature", "properties": { "CVEGEO": "1900603890004", "CVE_ENT": "19", "CVE_MUN": "006", "CVE_LOC": "0389", "CVE_ASEN": "0004", "CP": "66644", "FECHA_ACT": "11/2024", "INSTITUCIO": "SECRETARÍA DE DESARROLLO URBANO, OBRAS PÚBLICAS, ECOLOGÍA Y TRANSPORTE DE APODACA", "NOM_ASEN": "RIBERAS DE HUINALÁ", "TIPO": "FRACCIONAMIENTO", "Shape_Leng": 878.05361053199999, "Shape_Area": 33596.895561999998 }, "geometry": { "type": "Polygon", "coordinates": [ [ [ -100.152650063331109, 25.743440666913685 ], [ -100.152779618947946, 25.743241620219681 ], [ -100.153788489619586, 25.741661411729474 ], [ -100.153970161270919, 25.741376925084523 ], [ -100.154831439854661, 25.742088576760068 ], [ -100.154964928729285, 25.74219873043452 ], [ -100.154105422750874, 25.742760752189259 ], [ -100.154928950069149, 25.743358301304685 ], [ -100.15474270500944, 25.743470575771713 ], [ -100.154626794955774, 25.743538752762259 ], [ -100.154626142645938, 25.743539129732536 ], [ -100.154330324769447, 25.743709662841564 ], [ -100.154099880678743, 25.743842142898444 ], [ -100.153793798870055, 25.744027990819816 ], [ -100.152895992932613, 25.743460163134316 ], [ -100.152754900317703, 25.74344035165592 ], [ -100.152650063331109, 25.743440666913685 ] ] ] } },
{ "type": "Feature", "properties": { "CVEGEO": "1900603890005", "CVE_ENT": "19", "CVE_MUN": "006", "CVE_LOC": "0389", "CVE_ASEN": "0005", "CP": "66646", "FECHA_ACT": "11/2024", "INSTITUCIO": "SECRETARÍA DE DESARROLLO URBANO, OBRAS PÚBLICAS, ECOLOGÍA Y TRANSPORTE DE APODACA", "NOM_ASEN": "RESIDENCIAL SAN BENITO", "TIPO": "FRACCIONAMIENTO", "Shape_Leng": 2077.39667134, "Shape_Area": 135113.72892299999 }, "geometry": { "type": "Polygon", "coordinates": [ [ [ -100.155280604006037, 25.749848695954945 ], [ -100.154952357504698, 25.749871864309029 ], [ -100.154044866159865, 25.750098279741763 ], [ -100.153508052976946, 25.750234843720428 ], [ -100.153265695005842, 25.750274015537141 ], [ -100.153057010471784, 25.750274580322216 ], [ -100.152874988590327, 25.750263457971879 ], [ -100.152759501448358, 25.750232114385586 ], [ -100.152628309091739, 25.750140590923923 ], [ -100.152536816228221, 25.75005253268785 ], [ -100.152432032871445, 25.749967316075914 ], [ -100.1523054335551, 25.749785854645115 ], [ -100.152211482082251, 25.749637772714561 ], [ -100.151714850152985, 25.74892403712624 ], [ -100.151552933522709, 25.748664171039856 ], [ -100.151669562885644, 25.748615135484091 ], [ -100.151891368573089, 25.748484085931381 ], [ -100.151998548627319, 25.748379354863907 ], [ -100.152127797277359, 25.748225108347039 ], [ -100.152204993973442, 25.748158368224122 ], [ -100.1522894144003, 25.748086214074188 ], [ -100.152439939255288, 25.747983027860851 ], [ -100.152976834240079, 25.747638725628928 ], [ -100.153176528772036, 25.747545488831239 ], [ -100.153469251095302, 25.747325305271872 ], [ -100.153509412492468, 25.747267469345118 ], [ -100.153619827723276, 25.747303168661748 ], [ -100.153695997894729, 25.747329119198028 ], [ -100.153682067523178, 25.74734866422919 ], [ -100.153658405658163, 25.747577930058856 ], [ -100.154233696445203, 25.747465125798566 ], [ -100.154346421280081, 25.747438962804395 ], [ -100.154419107354357, 25.747423969991658 ], [ -100.155400383755008, 25.747383328626036 ], [ -100.155513555678496, 25.74741338992996 ], [ -100.155652853471338, 25.747458084336756 ], [ -100.155739015120261, 25.747548360893987 ], [ -100.155826867326169, 25.747710871145092 ], [ -100.156547001259469, 25.747692724337195 ], [ -100.156311662310173, 25.747351852373267 ], [ -100.156301923096919, 25.747330021607013 ], [ -100.156237422615092, 25.746942531871976 ], [ -100.156160033572064, 25.746547962374777 ], [ -100.156092832942136, 25.746210482319395 ], [ -100.156105142199621, 25.746177971557952 ], [ -100.156117623928893, 25.746145021997272 ], [ -100.156403033086846, 25.745819431377711 ], [ -100.156573093838318, 25.745625452107525 ], [ -100.156612433098033, 25.745630911308304 ], [ -100.156760050507515, 25.74574880289639 ], [ -100.156330465060222, 25.746208019403891 ], [ -100.156499665802954, 25.747255834074661 ], [ -100.156660596712143, 25.747449107718097 ], [ -100.156754561865895, 25.747622438456581 ], [ -100.156995742240397, 25.747969311289616 ], [ -100.156797572289051, 25.748448418290945 ], [ -100.156433158596812, 25.748503926149336 ], [ -100.15701157315668, 25.749946849543381 ], [ -100.156844064931903, 25.750079880437291 ], [ -100.156697586587271, 25.750132173104078 ], [ -100.156528295689952, 25.750157203979079 ], [ -100.156007542413107, 25.749974157054059 ], [ -100.155617988781813, 25.749882618673471 ], [ -100.155280604006037, 25.749848695954945 ] ] ] } },
{ "type": "Feature", "properties": { "CVEGEO": "1900603890006", "CVE_ENT": "19", "CVE_MUN": "006", "CVE_LOC": "0389", "CVE_ASEN": "0006", "CP": "66646", "FECHA_ACT": "11/2024", "INSTITUCIO": "SECRETARÍA DE DESARROLLO URBANO, OBRAS PÚBLICAS, ECOLOGÍA Y TRANSPORTE DE APODACA", "NOM_ASEN": "ESTANCIA CASTAÑO", "TIPO": "FRACCIONAMIENTO", "Shape_Leng": 1568.10179189, "Shape_Area": 91127.627169400002 }, "geometry": { "type": "Polygon", "coordinates": [ [ [ -100.158293840965612, 25.746169364130832 ], [ -100.156660596712143, 25.747449107718097 ], [ -100.156499665802954, 25.747255834074661 ], [ -100.156330465060222, 25.746208019403891 ], [ -100.156760050507515, 25.74574880289639 ], [ -100.156891835154838, 25.745607927496486 ], [ -100.154626142645938, 25.743539129732536 ], [ -100.154626794955774, 25.743538752762259 ], [ -100.15474270500944, 25.743470575771713 ], [ -100.154928950069149, 25.743358301304685 ], [ -100.155707465496903, 25.742878512160178 ], [ -100.155707165934501, 25.74287774496851 ], [ -100.15647293344243, 25.742495709805496 ], [ -100.158469569290318, 25.743929698404443 ], [ -100.157317659830369, 25.745444428248618 ], [ -100.158293840965612, 25.746169364130832 ] ] ] } },
{ "type": "Feature", "properties": { "CVEGEO": "1900603890007", "CVE_ENT": "19", "CVE_MUN": "006", "CVE_LOC": "0389", "CVE_ASEN": "0007", "CP": "00000", "FECHA_ACT": "11/2024", "INSTITUCIO": "SECRETARÍA DE DESARROLLO URBANO, OBRAS PÚBLICAS, ECOLOGÍA Y TRANSPORTE DE APODACA", "NOM_ASEN": "NINGUNO", "TIPO": "COLONIA", "Shape_Leng": 411.94433548299997, "Shape_Area": 10510.742720800001 }, "geometry": { "type": "Polygon", "coordinates": [ [ [ -100.155707165934501, 25.74287774496851 ], [ -100.155707465496903, 25.742878512160178 ], [ -100.154928950069149, 25.743358301304685 ], [ -100.154105422750874, 25.742760752189259 ], [ -100.154964928729285, 25.74219873043452 ], [ -100.15566894299657, 25.742779625653441 ], [ -100.155688681538948, 25.742830296211071 ], [ -100.155707165934501, 25.74287774496851 ] ] ] } }
]
}
