{
"type": "FeatureCollection",
"name": "02_AGEB_PuebloNuevo_Potencial",
"crs": { "type": "name", "properties": { "name": "urn:ogc:def:crs:OGC:1.3:CRS84" } },
"features": [
{ "type": "Feature", "properties": { "CVEGEO_1": "1900600010051", "Score_Final": 70.598273559031114, "Clasificacion": "Bueno", "Comp_NSE": 80.507719963459351, "Comp_Competencia": 50, "Comp_Accesibilidad": 99.602857859101732, "Comp_Flujo": 50, "Indice_NSE_2025": 73.188836330417587, "Nivel_NSE": "C+", "NSE_Indice_Original": 67.767441046682947, "NSE_Nivel_Original": "C+", "Carnicerias_1km": 21, "Carnicerias_500m": 7, "Carnicerias_2km": 26, "Dist_Competidor_m": 0.0, "Densidad_Competencia_1km": 6.6845076098596046, "Densidad_Competencia_500m": 8.91267681314614, "Densidad_Pobl_2025": 10179.450781548834, "Densidad_Pobl_2010": 8143.5606252390671, "Tasa_Crecimiento_Pobl": 0.25, "Porcentaje_Mujeres": 5.1301982122036538, "Poblacion_Total_2010": 2573, "Poblacion_Total_2025": 3216.25, "Num_Cadenas_2km": 6, "Tiene_Cadena_Cerca": 1, "HHI_Concentracion": 384.61538461538464, "Intensidad_Competitiva": 24.0, "Educacion_Normalizado": 50.621890547263682, "Vivienda_Normalizado": 97.683631868473881, "Activos_Normalizado": 64.756880733944968, "Economico_Normalizado": 59.853728659495651, "CVEGEO_2": "1900600010017", "CVE_ENT": "19", "CVE_MUN": "006", "CVE_LOC": "0001", "CVE_ASEN": "0017", "CP": "66600", "FECHA_ACT": "11/2024", "INSTITUCIO": "SECRETARÍA DE DESARROLLO URBANO, OBRAS PÚBLICAS, ECOLOGÍA Y TRANSPORTE DE APODACA", "NOM_ASEN": "CABECERA MUNICIPAL (APODACA)", "TIPO": "COLONIA", "Shape_Leng": 10463.263806000001, "Shape_Area": 1836887.27205 }, "geometry": { "type": "Polygon", "coordinates": [ [ [ -100.183640620689388, 25.787780265479967 ], [ -100.183975694407366, 25.787615774390616 ], [ -100.183675793935024, 25.787775438761958 ], [ -100.183381749378128, 25.7879125955603 ], [ -100.183640620689388, 25.787780265479967 ] ] ] } },
{ "type": "Feature", "properties": { "CVEGEO_1": "1900600010066", "Score_Final": 69.454050871315758, "Clasificacion": "Bueno", "Comp_NSE": 77.063029393633727, "Comp_Competencia": 50, "Comp_Accesibilidad": 99.909952917719764, "Comp_Flujo": 50, "Indice_NSE_2025": 70.057299448757931, "Nivel_NSE": "C+", "NSE_Indice_Original": 64.867869859961047, "NSE_Nivel_Original": "C+", "Carnicerias_1km": 24, "Carnicerias_500m": 20, "Carnicerias_2km": 27, "Dist_Competidor_m": 0.0, "Densidad_Competencia_1km": 7.6394372684109761, "Densidad_Competencia_500m": 25.464790894703256, "Densidad_Pobl_2025": 4464.9343744675389, "Densidad_Pobl_2010": 3571.9474995740311, "Tasa_Crecimiento_Pobl": 0.25, "Porcentaje_Mujeres": 4.3774319066147855, "Poblacion_Total_2010": 1028, "Poblacion_Total_2025": 1285.0, "Num_Cadenas_2km": 6, "Tiene_Cadena_Cerca": 1, "HHI_Concentracion": 370.37037037037032, "Intensidad_Competitiva": 38.75, "Educacion_Normalizado": 38.930348258706459, "Vivienda_Normalizado": 96.082908312425957, "Activos_Normalizado": 69.444954128440372, "Economico_Normalizado": 59.03399886066267, "CVEGEO_2": "1900600010017", "CVE_ENT": "19", "CVE_MUN": "006", "CVE_LOC": "0001", "CVE_ASEN": "0017", "CP": "66600", "FECHA_ACT": "11/2024", "INSTITUCIO": "SECRETARÍA DE DESARROLLO URBANO, OBRAS PÚBLICAS, ECOLOGÍA Y TRANSPORTE DE APODACA", "NOM_ASEN": "CABECERA MUNICIPAL (APODACA)", "TIPO": "COLONIA", "Shape_Leng": 10463.263806000001, "Shape_Area": 1836887.27205 }, "geometry": { "type": "Polygon", "coordinates": [ [ [ -100.184328545530576, 25.786450119514218 ], [ -100.183842035797014, 25.785668154620527 ], [ -100.182984665494772, 25.786098249673181 ], [ -100.182045061756185, 25.786574126753873 ], [ -100.181870619356275, 25.786271942831245 ], [ -100.181580621350207, 25.785788906603639 ], [ -100.182042197900657, 25.785554317552574 ], [ -100.182482289491134, 25.785330645709056 ], [ -100.18292242318573, 25.785112835967201 ], [ -100.183355776686213, 25.784886698852425 ], [ -100.184228054521014, 25.784451301109762 ], [ -100.185101649530537, 25.784006048102931 ], [ -100.185949799539642, 25.783577404054988 ], [ -100.186810607344299, 25.783138956948761 ], [ -100.187654639746299, 25.78271003784015 ], [ -100.188141323246484, 25.783494255720708 ], [ -100.18862292013138, 25.784272227597562 ], [ -100.189109317970363, 25.785040253672481 ], [ -100.189958666888302, 25.784613727520291 ], [ -100.190823177661073, 25.784183920281091 ], [ -100.191230284737898, 25.784763676830519 ], [ -100.191366372723664, 25.784944429287673 ], [ -100.191372367989089, 25.784949680601777 ], [ -100.190435197284316, 25.785388425662521 ], [ -100.189566606165528, 25.785791446881067 ], [ -100.189791823023896, 25.78617364984639 ], [ -100.190030814980929, 25.786565493502742 ], [ -100.190026664933185, 25.786567571601587 ], [ -100.189783787300286, 25.786169353210244 ], [ -100.189558569924401, 25.78578715198541 ], [ -100.188684848785556, 25.786199906895792 ], [ -100.187779917702741, 25.786620705710579 ], [ -100.187755073687924, 25.78657686853095 ], [ -100.187368114002126, 25.785905659798001 ], [ -100.186535970870935, 25.786321637692712 ], [ -100.186271720767749, 25.785885921341865 ], [ -100.186063245596884, 25.785560266135313 ], [ -100.185183800958583, 25.786004368541587 ], [ -100.185393984253906, 25.786343748773856 ], [ -100.185656522945976, 25.786762426546201 ], [ -100.185610347113254, 25.786787555989918 ], [ -100.184895294324548, 25.787147057413176 ], [ -100.184792242330289, 25.787199739392026 ], [ -100.184328545530576, 25.786450119514218 ] ] ] } },
{ "type": "Feature", "properties": { "CVEGEO_1": "1900600010070", "Score_Final": 69.840793888164967, "Clasificacion": "Bueno", "Comp_NSE": 78.153567864454345, "Comp_Competencia": 50, "Comp_Accesibilidad": 99.935225678029724, "Comp_Flujo": 50, "Indice_NSE_2025": 71.048698058594852, "Nivel_NSE": "C+", "NSE_Indice_Original": 65.785831535735966, "NSE_Nivel_Original": "C+", "Carnicerias_1km": 24, "Carnicerias_500m": 18, "Carnicerias_2km": 28, "Dist_Competidor_m": 0.0, "Densidad_Competencia_1km": 7.6394372684109761, "Densidad_Competencia_500m": 22.918311805232928, "Densidad_Pobl_2025": 5562.0598344260416, "Densidad_Pobl_2010": 4449.6478675408334, "Tasa_Crecimiento_Pobl": 0.25, "Porcentaje_Mujeres": 3.4519383961763141, "Poblacion_Total_2010": 1883, "Poblacion_Total_2025": 2353.75, "Num_Cadenas_2km": 6, "Tiene_Cadena_Cerca": 1, "HHI_Concentracion": 357.14285714285711, "Intensidad_Competitiva": 37.0, "Educacion_Normalizado": 39.800995024875611, "Vivienda_Normalizado": 95.44604687365765, "Activos_Normalizado": 68.784403669724782, "Economico_Normalizado": 63.939601962138369, "CVEGEO_2": "1900600010017", "CVE_ENT": "19", "CVE_MUN": "006", "CVE_LOC": "0001", "CVE_ASEN": "0017", "CP": "66600", "FECHA_ACT": "11/2024", "INSTITUCIO": "SECRETARÍA DE DESARROLLO URBANO, OBRAS PÚBLICAS, ECOLOGÍA Y TRANSPORTE DE APODACA", "NOM_ASEN": "CABECERA MUNICIPAL (APODACA)", "TIPO": "COLONIA", "Shape_Leng": 10463.263806000001, "Shape_Area": 1836887.27205 }, "geometry": { "type": "Polygon", "coordinates": [ [ [ -100.189958666888302, 25.784613727520291 ], [ -100.189109317970363, 25.785040253672481 ], [ -100.18862292013138, 25.784272227597562 ], [ -100.188141323246484, 25.783494255720708 ], [ -100.187654639746299, 25.78271003784015 ], [ -100.188512485608385, 25.782275418548906 ], [ -100.189373072936718, 25.781838655127437 ], [ -100.190237583691768, 25.781402218225303 ], [ -100.189758899545026, 25.780628337334001 ], [ -100.19062502761534, 25.780191780534658 ], [ -100.191486814526755, 25.779768204690313 ], [ -100.192337876325453, 25.77934162150444 ], [ -100.193201198708977, 25.778909237127579 ], [ -100.194055410466916, 25.778487180002816 ], [ -100.194905543754416, 25.778063178214957 ], [ -100.195785684280395, 25.777626297546078 ], [ -100.196017782968781, 25.778003555708693 ], [ -100.196271593038176, 25.77839905643874 ], [ -100.196275536290159, 25.778396980374055 ], [ -100.196279627012416, 25.778403354891335 ], [ -100.196742386776478, 25.779154592015214 ], [ -100.197217147868983, 25.779917984367636 ], [ -100.197778102486637, 25.78087749353729 ], [ -100.197773126318438, 25.780878438249754 ], [ -100.19702110669364, 25.781083889077898 ], [ -100.196806865073057, 25.7811742523931 ], [ -100.196660384656596, 25.78123993342523 ], [ -100.195962494050576, 25.781600432108156 ], [ -100.195106822312454, 25.782027848008326 ], [ -100.194720549985021, 25.782224251123889 ], [ -100.194256526116675, 25.782456292761104 ], [ -100.194036486498234, 25.782555550748366 ], [ -100.193743887937586, 25.78270536497071 ], [ -100.193736528197661, 25.782767057114526 ], [ -100.193593006354021, 25.783970377860282 ], [ -100.192253122166093, 25.784600591320647 ], [ -100.192212633151271, 25.7846196346811 ], [ -100.192098709342702, 25.784428850763966 ], [ -100.192020776336577, 25.784298336174576 ], [ -100.191816732102609, 25.783968595753414 ], [ -100.191696442380689, 25.783733195303363 ], [ -100.190818862458698, 25.784177775050551 ], [ -100.190823177661073, 25.784183920281091 ], [ -100.189958666888302, 25.784613727520291 ] ] ] } },
{ "type": "Feature", "properties": { "CVEGEO_1": "1900600010085", "Score_Final": 69.407333590912643, "Clasificacion": "Bueno", "Comp_NSE": 76.946462083886644, "Comp_Competencia": 50, "Comp_Accesibilidad": 99.880359307761594, "Comp_Flujo": 50, "Indice_NSE_2025": 69.951329167169675, "Nivel_NSE": "C+", "NSE_Indice_Original": 64.769749228860803, "NSE_Nivel_Original": "C+", "Carnicerias_1km": 25, "Carnicerias_500m": 22, "Carnicerias_2km": 29, "Dist_Competidor_m": 0.0, "Densidad_Competencia_1km": 7.9577471545947667, "Densidad_Competencia_500m": 28.01126998417358, "Densidad_Pobl_2025": 3437.3699004031155, "Densidad_Pobl_2010": 2749.8959203224922, "Tasa_Crecimiento_Pobl": 0.25, "Porcentaje_Mujeres": 3.3190578158458246, "Poblacion_Total_2010": 934, "Poblacion_Total_2025": 1167.5, "Num_Cadenas_2km": 6, "Tiene_Cadena_Cerca": 1, "HHI_Concentracion": 344.82758620689634, "Intensidad_Competitiva": 41.75, "Educacion_Normalizado": 33.457711442786064, "Vivienda_Normalizado": 95.804790535616533, "Activos_Normalizado": 72.348623853211009, "Economico_Normalizado": 63.4704109940905, "CVEGEO_2": "1900600010017", "CVE_ENT": "19", "CVE_MUN": "006", "CVE_LOC": "0001", "CVE_ASEN": "0017", "CP": "66600", "FECHA_ACT": "11/2024", "INSTITUCIO": "SECRETARÍA DE DESARROLLO URBANO, OBRAS PÚBLICAS, ECOLOGÍA Y TRANSPORTE DE APODACA", "NOM_ASEN": "CABECERA MUNICIPAL (APODACA)", "TIPO": "COLONIA", "Shape_Leng": 10463.263806000001, "Shape_Area": 1836887.27205 }, "geometry": { "type": "Polygon", "coordinates": [ [ [ -100.195276859585917, 25.776802066597579 ], [ -100.195785910110587, 25.777617982521139 ], [ -100.19578178026876, 25.777619951882226 ], [ -100.195785684280395, 25.777626297546078 ], [ -100.194905543754416, 25.778063178214957 ], [ -100.194055410466916, 25.778487180002816 ], [ -100.193201198708977, 25.778909237127579 ], [ -100.192337876325453, 25.77934162150444 ], [ -100.191486814526755, 25.779768204690313 ], [ -100.19062502761534, 25.780191780534658 ], [ -100.189758899545026, 25.780628337334001 ], [ -100.190237583691768, 25.781402218225303 ], [ -100.189373072936718, 25.781838655127437 ], [ -100.188512485608385, 25.782275418548906 ], [ -100.187654639746299, 25.78271003784015 ], [ -100.186810607344299, 25.783138956948761 ], [ -100.185949799539642, 25.783577404054988 ], [ -100.185101649530537, 25.784006048102931 ], [ -100.184228054521014, 25.784451301109762 ], [ -100.183355776686213, 25.784886698852425 ], [ -100.18287571456078, 25.784109844782083 ], [ -100.182381045375806, 25.783317163627448 ], [ -100.183252053650108, 25.782882124823583 ], [ -100.184126365232331, 25.782437549375548 ], [ -100.184986877902887, 25.781994762252715 ], [ -100.184519375342418, 25.781237520596228 ], [ -100.185358924678056, 25.780811026594428 ], [ -100.186212267871014, 25.780379905306937 ], [ -100.187070135205076, 25.779948188954027 ], [ -100.187937732038691, 25.779511887223752 ], [ -100.188798836191538, 25.77907381593117 ], [ -100.189659069684367, 25.778636377283352 ], [ -100.190514189509145, 25.778199656052752 ], [ -100.191363450927085, 25.777771173186956 ], [ -100.192235624653335, 25.777330490528833 ], [ -100.193097216540224, 25.776909744193681 ], [ -100.193931954850598, 25.776474214340826 ], [ -100.194804586136968, 25.776035291355772 ], [ -100.195276859585917, 25.776802066597579 ] ] ] } },
{ "type": "Feature", "properties": { "CVEGEO_1": "190060001009A", "Score_Final": 69.748215602094774, "Clasificacion": "Bueno", "Comp_NSE": 77.944900591509864, "Comp_Competencia": 50, "Comp_Accesibilidad": 99.83750197533162, "Comp_Flujo": 50, "Indice_NSE_2025": 70.859000537736236, "Nivel_NSE": "C+", "NSE_Indice_Original": 65.610185683089099, "NSE_Nivel_Original": "C+", "Carnicerias_1km": 25, "Carnicerias_500m": 19, "Carnicerias_2km": 28, "Dist_Competidor_m": 0.0, "Densidad_Competencia_1km": 7.9577471545947667, "Densidad_Competencia_500m": 24.191551349968091, "Densidad_Pobl_2025": 2796.9589886605991, "Densidad_Pobl_2010": 2237.5671909284792, "Tasa_Crecimiento_Pobl": 0.25, "Porcentaje_Mujeres": 4.1931385006353237, "Poblacion_Total_2010": 787, "Poblacion_Total_2025": 983.75, "Num_Cadenas_2km": 6, "Tiene_Cadena_Cerca": 1, "HHI_Concentracion": 357.14285714285711, "Intensidad_Competitiva": 38.5, "Educacion_Normalizado": 36.691542288557208, "Vivienda_Normalizado": 96.239366692130261, "Activos_Normalizado": 72.605504587155963, "Economico_Normalizado": 61.957525883501894, "CVEGEO_2": "1900600010017", "CVE_ENT": "19", "CVE_MUN": "006", "CVE_LOC": "0001", "CVE_ASEN": "0017", "CP": "66600", "FECHA_ACT": "11/2024", "INSTITUCIO": "SECRETARÍA DE DESARROLLO URBANO, OBRAS PÚBLICAS, ECOLOGÍA Y TRANSPORTE DE APODACA", "NOM_ASEN": "CABECERA MUNICIPAL (APODACA)", "TIPO": "COLONIA", "Shape_Leng": 10463.263806000001, "Shape_Area": 1836887.27205 }, "geometry": { "type": "Polygon", "coordinates": [ [ [ -100.181911146356981, 25.782561855794331 ], [ -100.1814324432559, 25.781787802000849 ], [ -100.182305026704796, 25.781343821926228 ], [ -100.183174641217008, 25.780902515439337 ], [ -100.184066614350215, 25.780448813434223 ], [ -100.184062675417707, 25.780442433378607 ], [ -100.184862722016121, 25.780035249014542 ], [ -100.184623867574047, 25.779652865621308 ], [ -100.184627922571153, 25.779650790242169 ], [ -100.18438433953196, 25.779263966341752 ], [ -100.185244061019631, 25.778821064541038 ], [ -100.185003136367669, 25.778436273769902 ], [ -100.184768719059363, 25.778052828911115 ], [ -100.185626296760447, 25.777615255472995 ], [ -100.186486850743833, 25.777178122641278 ], [ -100.187353719961322, 25.776740923763715 ], [ -100.187930593170108, 25.776451658546499 ], [ -100.188212480953453, 25.776306047800695 ], [ -100.188652319573322, 25.776094803167073 ], [ -100.189073735250602, 25.775876320468996 ], [ -100.18992608305777, 25.775448862697157 ], [ -100.190861309431014, 25.774978249497607 ], [ -100.19082829635002, 25.775044475009484 ], [ -100.191282900695569, 25.775783667577709 ], [ -100.192116162883678, 25.775357266238629 ], [ -100.192549965700394, 25.775132616918871 ], [ -100.19297687087645, 25.774917510942064 ], [ -100.193830279422826, 25.774477880162387 ], [ -100.194301308115371, 25.77523667734399 ], [ -100.194796549284945, 25.776030998494925 ], [ -100.194800488580853, 25.776028719243055 ], [ -100.194804586136968, 25.776035291355772 ], [ -100.193931954850598, 25.776474214340826 ], [ -100.193097216540224, 25.776909744193681 ], [ -100.192235624653335, 25.777330490528833 ], [ -100.191363450927085, 25.777771173186956 ], [ -100.190514189509145, 25.778199656052752 ], [ -100.189659069684367, 25.778636377283352 ], [ -100.188798836191538, 25.77907381593117 ], [ -100.187937732038691, 25.779511887223752 ], [ -100.187070135205076, 25.779948188954027 ], [ -100.186212267871014, 25.780379905306937 ], [ -100.185358924678056, 25.780811026594428 ], [ -100.184519375342418, 25.781237520596228 ], [ -100.184986877902887, 25.781994762252715 ], [ -100.184126365232331, 25.782437549375548 ], [ -100.183252053650108, 25.782882124823583 ], [ -100.182381045375806, 25.783317163627448 ], [ -100.181911146356981, 25.782561855794331 ] ], [ [ -100.191274864243724, 25.7757793740899 ], [ -100.190833090618654, 25.775996947734061 ], [ -100.190394563594907, 25.776216641462554 ], [ -100.1908677735059, 25.776985454262295 ], [ -100.191296569086063, 25.776768523352299 ], [ -100.191744098000342, 25.776538467039934 ], [ -100.191274864243724, 25.7757793740899 ] ] ] } },
{ "type": "Feature", "properties": { "CVEGEO_1": "190060001009A", "Score_Final": 69.748215602094774, "Clasificacion": "Bueno", "Comp_NSE": 77.944900591509864, "Comp_Competencia": 50, "Comp_Accesibilidad": 99.83750197533162, "Comp_Flujo": 50, "Indice_NSE_2025": 70.859000537736236, "Nivel_NSE": "C+", "NSE_Indice_Original": 65.610185683089099, "NSE_Nivel_Original": "C+", "Carnicerias_1km": 25, "Carnicerias_500m": 19, "Carnicerias_2km": 28, "Dist_Competidor_m": 0.0, "Densidad_Competencia_1km": 7.9577471545947667, "Densidad_Competencia_500m": 24.191551349968091, "Densidad_Pobl_2025": 2796.9589886605991, "Densidad_Pobl_2010": 2237.5671909284792, "Tasa_Crecimiento_Pobl": 0.25, "Porcentaje_Mujeres": 4.1931385006353237, "Poblacion_Total_2010": 787, "Poblacion_Total_2025": 983.75, "Num_Cadenas_2km": 6, "Tiene_Cadena_Cerca": 1, "HHI_Concentracion": 357.14285714285711, "Intensidad_Competitiva": 38.5, "Educacion_Normalizado": 36.691542288557208, "Vivienda_Normalizado": 96.239366692130261, "Activos_Normalizado": 72.605504587155963, "Economico_Normalizado": 61.957525883501894, "CVEGEO_2": "1900600010137", "CVE_ENT": "19", "CVE_MUN": "006", "CVE_LOC": "0001", "CVE_ASEN": "0137", "CP": "66600", "FECHA_ACT": "11/2024", "INSTITUCIO": "SECRETARÍA DE DESARROLLO URBANO, OBRAS PÚBLICAS, ECOLOGÍA Y TRANSPORTE DE APODACA", "NOM_ASEN": "MODERNO APODACA PRIMER SECTOR", "TIPO": "COLONIA", "Shape_Leng": 1638.9048142900001, "Shape_Area": 90313.813643000001 }, "geometry": { "type": "Polygon", "coordinates": [ [ [ -100.183827004093146, 25.780060706564182 ], [ -100.184623867574047, 25.779652865621308 ], [ -100.184862722016121, 25.780035249014542 ], [ -100.184062675417707, 25.780442433378607 ], [ -100.183827004093146, 25.780060706564182 ] ] ] } },
{ "type": "Feature", "properties": { "CVEGEO_1": "1900600010102", "Score_Final": 70.475652037526899, "Clasificacion": "Bueno", "Comp_NSE": 80.043569751519783, "Comp_Competencia": 50, "Comp_Accesibilidad": 99.802013122474889, "Comp_Flujo": 50, "Indice_NSE_2025": 72.766881592290702, "Nivel_NSE": "C+", "NSE_Indice_Original": 67.376742215083979, "NSE_Nivel_Original": "C+", "Carnicerias_1km": 24, "Carnicerias_500m": 13, "Carnicerias_2km": 28, "Dist_Competidor_m": 0.0, "Densidad_Competencia_1km": 7.6394372684109761, "Densidad_Competencia_500m": 16.552114081557114, "Densidad_Pobl_2025": 7635.0669427713337, "Densidad_Pobl_2010": 6108.0535542170674, "Tasa_Crecimiento_Pobl": 0.25, "Porcentaje_Mujeres": 3.1993437243642329, "Poblacion_Total_2010": 1219, "Poblacion_Total_2025": 1523.75, "Num_Cadenas_2km": 6, "Tiene_Cadena_Cerca": 1, "HHI_Concentracion": 357.14285714285711, "Intensidad_Competitiva": 32.0, "Educacion_Normalizado": 41.791044776119399, "Vivienda_Normalizado": 97.761938247288967, "Activos_Normalizado": 71.344036697247716, "Economico_Normalizado": 62.814675230569982, "CVEGEO_2": "1900600010017", "CVE_ENT": "19", "CVE_MUN": "006", "CVE_LOC": "0001", "CVE_ASEN": "0017", "CP": "66600", "FECHA_ACT": "11/2024", "INSTITUCIO": "SECRETARÍA DE DESARROLLO URBANO, OBRAS PÚBLICAS, ECOLOGÍA Y TRANSPORTE DE APODACA", "NOM_ASEN": "CABECERA MUNICIPAL (APODACA)", "TIPO": "COLONIA", "Shape_Leng": 10463.263806000001, "Shape_Area": 1836887.27205 }, "geometry": { "type": "MultiPolygon", "coordinates": [ [ [ [ -100.184369741633205, 25.777413547684326 ], [ -100.185290972110565, 25.777115399385124 ], [ -100.186135009754722, 25.776614080555724 ], [ -100.186924877058217, 25.776075824801161 ], [ -100.187708835398624, 25.775490867919419 ], [ -100.188425244429951, 25.774932025900533 ], [ -100.188464095986944, 25.77490203859065 ], [ -100.189228821762384, 25.774331075003076 ], [ -100.18992608305777, 25.775448862697157 ], [ -100.189073735250602, 25.775876320468996 ], [ -100.188652319573322, 25.776094803167073 ], [ -100.188212480953453, 25.776306047800695 ], [ -100.187930593170108, 25.776451658546499 ], [ -100.187353719961322, 25.776740923763715 ], [ -100.186486850743833, 25.777178122641278 ], [ -100.185626296760447, 25.777615255472995 ], [ -100.184768719059363, 25.778052828911115 ], [ -100.185003136367669, 25.778436273769902 ], [ -100.185244061019631, 25.778821064541038 ], [ -100.18438433953196, 25.779263966341752 ], [ -100.184627922571153, 25.779650790242169 ], [ -100.184623867574047, 25.779652865621308 ], [ -100.184619888232874, 25.77964649507209 ], [ -100.18437630562066, 25.779259672972824 ], [ -100.185236026343929, 25.778816769251303 ], [ -100.18499510173406, 25.778431979098141 ], [ -100.184760685067445, 25.778048534611795 ], [ -100.184365248815723, 25.77741492795715 ], [ -100.184369741633205, 25.777413547684326 ] ] ], [ [ [ -100.184066614350215, 25.780448813434223 ], [ -100.183174641217008, 25.780902515439337 ], [ -100.182305026704796, 25.781343821926228 ], [ -100.1814324432559, 25.781787802000849 ], [ -100.18142845618182, 25.781781447864873 ], [ -100.182296991130642, 25.781339526494051 ], [ -100.183166605928434, 25.78089822099437 ], [ -100.184058579087804, 25.780444518209027 ], [ -100.184062675417707, 25.780442433378607 ], [ -100.184066614350215, 25.780448813434223 ] ] ] ] } },
{ "type": "Feature", "properties": { "CVEGEO_1": "1900600010102", "Score_Final": 70.475652037526899, "Clasificacion": "Bueno", "Comp_NSE": 80.043569751519783, "Comp_Competencia": 50, "Comp_Accesibilidad": 99.802013122474889, "Comp_Flujo": 50, "Indice_NSE_2025": 72.766881592290702, "Nivel_NSE": "C+", "NSE_Indice_Original": 67.376742215083979, "NSE_Nivel_Original": "C+", "Carnicerias_1km": 24, "Carnicerias_500m": 13, "Carnicerias_2km": 28, "Dist_Competidor_m": 0.0, "Densidad_Competencia_1km": 7.6394372684109761, "Densidad_Competencia_500m": 16.552114081557114, "Densidad_Pobl_2025": 7635.0669427713337, "Densidad_Pobl_2010": 6108.0535542170674, "Tasa_Crecimiento_Pobl": 0.25, "Porcentaje_Mujeres": 3.1993437243642329, "Poblacion_Total_2010": 1219, "Poblacion_Total_2025": 1523.75, "Num_Cadenas_2km": 6, "Tiene_Cadena_Cerca": 1, "HHI_Concentracion": 357.14285714285711, "Intensidad_Competitiva": 32.0, "Educacion_Normalizado": 41.791044776119399, "Vivienda_Normalizado": 97.761938247288967, "Activos_Normalizado": 71.344036697247716, "Economico_Normalizado": 62.814675230569982, "CVEGEO_2": "1900600010136", "CVE_ENT": "19", "CVE_MUN": "006", "CVE_LOC": "0001", "CVE_ASEN": "0136", "CP": "66600", "FECHA_ACT": "11/2024", "INSTITUCIO": "SECRETARÍA DE DESARROLLO URBANO, OBRAS PÚBLICAS, ECOLOGÍA Y TRANSPORTE DE APODACA", "NOM_ASEN": "MODERNO APODACA SEGUNDO SECTOR", "TIPO": "COLONIA", "Shape_Leng": 993.47481594600004, "Shape_Area": 58902.742470199999 }, "geometry": { "type": "Polygon", "coordinates": [ [ [ -100.181194075079318, 25.781407918462698 ], [ -100.180963155346674, 25.781033157497859 ], [ -100.180473616293639, 25.780248136903062 ], [ -100.180469665264852, 25.780241733965944 ], [ -100.180891339946356, 25.780023982749452 ], [ -100.18133921098854, 25.779797823775564 ], [ -100.18177461830021, 25.779571261045579 ], [ -100.182203941939932, 25.779355110165223 ], [ -100.182670659468172, 25.779118771448868 ], [ -100.183100333907035, 25.778901675229321 ], [ -100.183576615227494, 25.779673130440838 ], [ -100.183818969542827, 25.780056411419295 ], [ -100.184058579087804, 25.780444518209027 ], [ -100.183166605928434, 25.78089822099437 ], [ -100.182296991130642, 25.781339526494051 ], [ -100.18142845618182, 25.781781447864873 ], [ -100.181194075079318, 25.781407918462698 ] ] ] } },
{ "type": "Feature", "properties": { "CVEGEO_1": "1900600010102", "Score_Final": 70.475652037526899, "Clasificacion": "Bueno", "Comp_NSE": 80.043569751519783, "Comp_Competencia": 50, "Comp_Accesibilidad": 99.802013122474889, "Comp_Flujo": 50, "Indice_NSE_2025": 72.766881592290702, "Nivel_NSE": "C+", "NSE_Indice_Original": 67.376742215083979, "NSE_Nivel_Original": "C+", "Carnicerias_1km": 24, "Carnicerias_500m": 13, "Carnicerias_2km": 28, "Dist_Competidor_m": 0.0, "Densidad_Competencia_1km": 7.6394372684109761, "Densidad_Competencia_500m": 16.552114081557114, "Densidad_Pobl_2025": 7635.0669427713337, "Densidad_Pobl_2010": 6108.0535542170674, "Tasa_Crecimiento_Pobl": 0.25, "Porcentaje_Mujeres": 3.1993437243642329, "Poblacion_Total_2010": 1219, "Poblacion_Total_2025": 1523.75, "Num_Cadenas_2km": 6, "Tiene_Cadena_Cerca": 1, "HHI_Concentracion": 357.14285714285711, "Intensidad_Competitiva": 32.0, "Educacion_Normalizado": 41.791044776119399, "Vivienda_Normalizado": 97.761938247288967, "Activos_Normalizado": 71.344036697247716, "Economico_Normalizado": 62.814675230569982, "CVEGEO_2": "1900600010137", "CVE_ENT": "19", "CVE_MUN": "006", "CVE_LOC": "0001", "CVE_ASEN": "0137", "CP": "66600", "FECHA_ACT": "11/2024", "INSTITUCIO": "SECRETARÍA DE DESARROLLO URBANO, OBRAS PÚBLICAS, ECOLOGÍA Y TRANSPORTE DE APODACA", "NOM_ASEN": "MODERNO APODACA PRIMER SECTOR", "TIPO": "COLONIA", "Shape_Leng": 1638.9048142900001, "Shape_Area": 90313.813643000001 }, "geometry": { "type": "Polygon", "coordinates": [ [ [ -100.179738796278301, 25.778835953508608 ], [ -100.180371712824808, 25.778641570000342 ], [ -100.180585351849146, 25.778575955691043 ], [ -100.181056408488303, 25.778431280141358 ], [ -100.181542252960554, 25.778282060861649 ], [ -100.182525235264549, 25.777980147687597 ], [ -100.183413468532834, 25.777707328776359 ], [ -100.183852561344835, 25.777572434596646 ], [ -100.184365248815723, 25.77741492795715 ], [ -100.184760685067445, 25.778048534611795 ], [ -100.18499510173406, 25.778431979098141 ], [ -100.185236026343929, 25.778816769251303 ], [ -100.18437630562066, 25.779259672972824 ], [ -100.184619888232874, 25.77964649507209 ], [ -100.184623867574047, 25.779652865621308 ], [ -100.183827004093146, 25.780060706564182 ], [ -100.184062675417707, 25.780442433378607 ], [ -100.184058579087804, 25.780444518209027 ], [ -100.183818969542827, 25.780056411419295 ], [ -100.183576615227494, 25.779673130440838 ], [ -100.183100333907035, 25.778901675229321 ], [ -100.182670659468172, 25.779118771448868 ], [ -100.182203941939932, 25.779355110165223 ], [ -100.18177461830021, 25.779571261045579 ], [ -100.18133921098854, 25.779797823775564 ], [ -100.180891339946356, 25.780023982749452 ], [ -100.180469665264852, 25.780241733965944 ], [ -100.180243291016907, 25.779874877596441 ], [ -100.180000141958317, 25.779484314507446 ], [ -100.179620464374267, 25.778872295638326 ], [ -100.179738796278301, 25.778835953508608 ] ] ] } },
{ "type": "Feature", "properties": { "CVEGEO_1": "1900600010136", "Score_Final": 44.85946947748225, "Clasificacion": "Aceptable", "Comp_NSE": 6.9858314348804971, "Comp_Competencia": 50, "Comp_Accesibilidad": 99.57214237637038, "Comp_Flujo": 50, "Indice_NSE_2025": 6.9858314348804971, "Nivel_NSE": "D/E", "NSE_Indice_Original": 6.4683624397041637, "NSE_Nivel_Original": "D/E", "Carnicerias_1km": 24, "Carnicerias_500m": 7, "Carnicerias_2km": 45, "Dist_Competidor_m": 15.947827238766472, "Densidad_Competencia_1km": 7.6394372684109761, "Densidad_Competencia_500m": 8.91267681314614, "Densidad_Pobl_2025": 0.0, "Densidad_Pobl_2010": 0.0, "Tasa_Crecimiento_Pobl": null, "Porcentaje_Mujeres": null, "Poblacion_Total_2010": 0, "Poblacion_Total_2025": 0.0, "Num_Cadenas_2km": 14, "Tiene_Cadena_Cerca": 1, "HHI_Concentracion": 251.8518518518519, "Intensidad_Competitiva": 30.25, "Educacion_Normalizado": 1.2437810945273626, "Vivienda_Normalizado": 7.8022183986262066, "Activos_Normalizado": 0.91743119266055051, "Economico_Normalizado": 19.576578567621326, "CVEGEO_2": "1900600010241", "CVE_ENT": "19", "CVE_MUN": "006", "CVE_LOC": "0001", "CVE_ASEN": "0241", "CP": "00000", "FECHA_ACT": "11/2024", "INSTITUCIO": "SECRETARÍA DE DESARROLLO URBANO, OBRAS PÚBLICAS, ECOLOGÍA Y TRANSPORTE DE APODACA", "NOM_ASEN": "NINGUNO", "TIPO": "NINGUNO", "Shape_Leng": 9310.7570935599997, "Shape_Area": 3306396.4154300001 }, "geometry": { "type": "Polygon", "coordinates": [ [ [ -100.185484489760483, 25.776446317049846 ], [ -100.185077219759975, 25.776806436236626 ], [ -100.184075252587292, 25.777244934559025 ], [ -100.183388049754782, 25.77655452754956 ], [ -100.177731938318971, 25.770351504345811 ], [ -100.174228097178272, 25.766493080113172 ], [ -100.174354344826341, 25.766441789342114 ], [ -100.177482081887007, 25.765098318336605 ], [ -100.178140999531877, 25.764814989492756 ], [ -100.17869828807406, 25.76457781227176 ], [ -100.182010098594503, 25.763235128866338 ], [ -100.183110717025414, 25.762789621391992 ], [ -100.183265377009064, 25.763450358790003 ], [ -100.184617454831383, 25.769026420448622 ], [ -100.185597555770968, 25.773082932059566 ], [ -100.185956475510935, 25.774618090382781 ], [ -100.185355850383829, 25.77527945675828 ], [ -100.185422305991551, 25.775347940248277 ], [ -100.185622736768181, 25.775520938170384 ], [ -100.185829638915109, 25.775713063219893 ], [ -100.18596268310327, 25.775815827143283 ], [ -100.18575529960404, 25.776091410770405 ], [ -100.185484489760483, 25.776446317049846 ] ] ] } },
{ "type": "Feature", "properties": { "CVEGEO_1": "1900600010140", "Score_Final": 44.864339945676406, "Clasificacion": "Aceptable", "Comp_NSE": 6.9858314348804971, "Comp_Competencia": 50, "Comp_Accesibilidad": 99.596494717341173, "Comp_Flujo": 50, "Indice_NSE_2025": 6.9858314348804971, "Nivel_NSE": "D/E", "NSE_Indice_Original": 6.4683624397041637, "NSE_Nivel_Original": "D/E", "Carnicerias_1km": 24, "Carnicerias_500m": 7, "Carnicerias_2km": 44, "Dist_Competidor_m": 140.40931943038055, "Densidad_Competencia_1km": 7.6394372684109761, "Densidad_Competencia_500m": 8.91267681314614, "Densidad_Pobl_2025": 0.0, "Densidad_Pobl_2010": 0.0, "Tasa_Crecimiento_Pobl": null, "Porcentaje_Mujeres": null, "Poblacion_Total_2010": 0, "Poblacion_Total_2025": 0.0, "Num_Cadenas_2km": 13, "Tiene_Cadena_Cerca": 1, "HHI_Concentracion": 268.5950413223141, "Intensidad_Competitiva": 30.0, "Educacion_Normalizado": 1.2437810945273626, "Vivienda_Normalizado": 7.8022183986262066, "Activos_Normalizado": 0.91743119266055051, "Economico_Normalizado": 19.576578567621326, "CVEGEO_2": "1900600010137", "CVE_ENT": "19", "CVE_MUN": "006", "CVE_LOC": "0001", "CVE_ASEN": "0137", "CP": "66600", "FECHA_ACT": "11/2024", "INSTITUCIO": "SECRETARÍA DE DESARROLLO URBANO, OBRAS PÚBLICAS, ECOLOGÍA Y TRANSPORTE DE APODACA", "NOM_ASEN": "MODERNO APODACA PRIMER SECTOR", "TIPO": "COLONIA", "Shape_Leng": 1638.9048142900001, "Shape_Area": 90313.813643000001 }, "geometry": { "type": "Polygon", "coordinates": [ [ [ -100.183413468532834, 25.777707328776359 ], [ -100.182525235264549, 25.777980147687597 ], [ -100.181542252960554, 25.778282060861649 ], [ -100.181056408488303, 25.778431280141358 ], [ -100.180585351849146, 25.778575955691043 ], [ -100.180371712824808, 25.778641570000342 ], [ -100.179738796278301, 25.778835953508608 ], [ -100.179620464374267, 25.778872295638326 ], [ -100.179615954279868, 25.778873680758711 ], [ -100.179612430749884, 25.778868001011229 ], [ -100.179730763667393, 25.77883165950314 ], [ -100.180363678444863, 25.77863727509169 ], [ -100.180577318367781, 25.77857166204339 ], [ -100.181048373817575, 25.778426986589512 ], [ -100.181534219452232, 25.778277766850895 ], [ -100.182517201461991, 25.777975853536027 ], [ -100.183405434159098, 25.777703035468448 ], [ -100.183844527248027, 25.777568139670809 ], [ -100.183858374434152, 25.77756388559872 ], [ -100.183852561344835, 25.777572434596646 ], [ -100.183413468532834, 25.777707328776359 ] ] ] } },
{ "type": "Feature", "properties": { "CVEGEO_1": "1900600010140", "Score_Final": 44.864339945676406, "Clasificacion": "Aceptable", "Comp_NSE": 6.9858314348804971, "Comp_Competencia": 50, "Comp_Accesibilidad": 99.596494717341173, "Comp_Flujo": 50, "Indice_NSE_2025": 6.9858314348804971, "Nivel_NSE": "D/E", "NSE_Indice_Original": 6.4683624397041637, "NSE_Nivel_Original": "D/E", "Carnicerias_1km": 24, "Carnicerias_500m": 7, "Carnicerias_2km": 44, "Dist_Competidor_m": 140.40931943038055, "Densidad_Competencia_1km": 7.6394372684109761, "Densidad_Competencia_500m": 8.91267681314614, "Densidad_Pobl_2025": 0.0, "Densidad_Pobl_2010": 0.0, "Tasa_Crecimiento_Pobl": null, "Porcentaje_Mujeres": null, "Poblacion_Total_2010": 0, "Poblacion_Total_2025": 0.0, "Num_Cadenas_2km": 13, "Tiene_Cadena_Cerca": 1, "HHI_Concentracion": 268.5950413223141, "Intensidad_Competitiva": 30.0, "Educacion_Normalizado": 1.2437810945273626, "Vivienda_Normalizado": 7.8022183986262066, "Activos_Normalizado": 0.91743119266055051, "Economico_Normalizado": 19.576578567621326, "CVEGEO_2": "1900600010240", "CVE_ENT": "19", "CVE_MUN": "006", "CVE_LOC": "0001", "CVE_ASEN": "0240", "CP": "66600", "FECHA_ACT": "11/2024", "INSTITUCIO": "SECRETARÍA DE DESARROLLO URBANO, OBRAS PÚBLICAS, ECOLOGÍA Y TRANSPORTE DE APODACA", "NOM_ASEN": "NINGUNO", "TIPO": "NINGUNO", "Shape_Leng": 2629.2390024599999, "Shape_Area": 232120.56033099999 }, "geometry": { "type": "Polygon", "coordinates": [ [ [ -100.178621857576886, 25.779178983371985 ], [ -100.178616933514817, 25.779173733936101 ], [ -100.179612430749884, 25.778868001011229 ], [ -100.179615954279868, 25.778873680758711 ], [ -100.178621857576886, 25.779178983371985 ] ] ] } },
{ "type": "Feature", "properties": { "CVEGEO_1": "1900600010140", "Score_Final": 44.864339945676406, "Clasificacion": "Aceptable", "Comp_NSE": 6.9858314348804971, "Comp_Competencia": 50, "Comp_Accesibilidad": 99.596494717341173, "Comp_Flujo": 50, "Indice_NSE_2025": 6.9858314348804971, "Nivel_NSE": "D/E", "NSE_Indice_Original": 6.4683624397041637, "NSE_Nivel_Original": "D/E", "Carnicerias_1km": 24, "Carnicerias_500m": 7, "Carnicerias_2km": 44, "Dist_Competidor_m": 140.40931943038055, "Densidad_Competencia_1km": 7.6394372684109761, "Densidad_Competencia_500m": 8.91267681314614, "Densidad_Pobl_2025": 0.0, "Densidad_Pobl_2010": 0.0, "Tasa_Crecimiento_Pobl": null, "Porcentaje_Mujeres": null, "Poblacion_Total_2010": 0, "Poblacion_Total_2025": 0.0, "Num_Cadenas_2km": 13, "Tiene_Cadena_Cerca": 1, "HHI_Concentracion": 268.5950413223141, "Intensidad_Competitiva": 30.0, "Educacion_Normalizado": 1.2437810945273626, "Vivienda_Normalizado": 7.8022183986262066, "Activos_Normalizado": 0.91743119266055051, "Economico_Normalizado": 19.576578567621326, "CVEGEO_2": "1900600010241", "CVE_ENT": "19", "CVE_MUN": "006", "CVE_LOC": "0001", "CVE_ASEN": "0241", "CP": "00000", "FECHA_ACT": "11/2024", "INSTITUCIO": "SECRETARÍA DE DESARROLLO URBANO, OBRAS PÚBLICAS, ECOLOGÍA Y TRANSPORTE DE APODACA", "NOM_ASEN": "NINGUNO", "TIPO": "NINGUNO", "Shape_Leng": 9310.7570935599997, "Shape_Area": 3306396.4154300001 }, "geometry": { "type": "Polygon", "coordinates": [ [ [ -100.178485905633963, 25.779034047951118 ], [ -100.177128113846905, 25.77753087040897 ], [ -100.17708245689343, 25.777565001988879 ], [ -100.175854935607475, 25.776215260539487 ], [ -100.175819409805499, 25.776176193571519 ], [ -100.175781782091178, 25.776134815143166 ], [ -100.171084098415804, 25.770968555460914 ], [ -100.17105956777786, 25.770941576357398 ], [ -100.171022107265159, 25.770900376782784 ], [ -100.168482644837795, 25.768087530295368 ], [ -100.168374727381348, 25.767989023805388 ], [ -100.168899599593573, 25.767953936113468 ], [ -100.169382518275654, 25.767912962014282 ], [ -100.169945222989753, 25.767843901736061 ], [ -100.170640049242536, 25.767732646701873 ], [ -100.17146943053757, 25.767527359423234 ], [ -100.171915459245284, 25.767388778600072 ], [ -100.172641243999607, 25.767121650630877 ], [ -100.174228097178272, 25.766493080113172 ], [ -100.177731938318971, 25.770351504345811 ], [ -100.183388049754782, 25.77655452754956 ], [ -100.184075252587292, 25.777244934559025 ], [ -100.183858374434152, 25.77756388559872 ], [ -100.183844527248027, 25.777568139670809 ], [ -100.183405434159098, 25.777703035468448 ], [ -100.182517201461991, 25.777975853536027 ], [ -100.181534219452232, 25.778277766850895 ], [ -100.181048373817575, 25.778426986589512 ], [ -100.180577318367781, 25.77857166204339 ], [ -100.180363678444863, 25.77863727509169 ], [ -100.179730763667393, 25.77883165950314 ], [ -100.179612430749884, 25.778868001011229 ], [ -100.178616933514817, 25.779173733936101 ], [ -100.178485905633963, 25.779034047951118 ] ] ] } },
{ "type": "Feature", "properties": { "CVEGEO_1": "1900600010297", "Score_Final": 72.98775083796032, "Clasificacion": "Bueno", "Comp_NSE": 87.405762195756409, "Comp_Competencia": 50, "Comp_Accesibilidad": 99.478670347227876, "Comp_Flujo": 50, "Indice_NSE_2025": 79.459783814323998, "Nivel_NSE": "C+", "NSE_Indice_Original": 73.573873902151846, "NSE_Nivel_Original": "A/B", "Carnicerias_1km": 24, "Carnicerias_500m": 14, "Carnicerias_2km": 75, "Dist_Competidor_m": 0.0, "Densidad_Competencia_1km": 7.6394372684109761, "Densidad_Competencia_500m": 17.82535362629228, "Densidad_Pobl_2025": 18614.313727104407, "Densidad_Pobl_2010": 14891.450981683525, "Tasa_Crecimiento_Pobl": 0.25, "Porcentaje_Mujeres": 5.241935483870968, "Poblacion_Total_2010": 6200, "Poblacion_Total_2025": 7750.0, "Num_Cadenas_2km": 34, "Tiene_Cadena_Cerca": 1, "HHI_Concentracion": 339.55555555555549, "Intensidad_Competitiva": 44.75, "Educacion_Normalizado": 64.179104477611943, "Vivienda_Normalizado": 98.131474241310684, "Activos_Normalizado": 69.38990825688073, "Economico_Normalizado": 62.198984671602055, "CVEGEO_2": "1900600010009", "CVE_ENT": "19", "CVE_MUN": "006", "CVE_LOC": "0001", "CVE_ASEN": "0009", "CP": "66640", "FECHA_ACT": "11/2024", "INSTITUCIO": "SECRETARÍA DE DESARROLLO URBANO, OBRAS PÚBLICAS, ECOLOGÍA Y TRANSPORTE DE APODACA", "NOM_ASEN": "BALCONES DE HUINALÁ PRIMER SECTOR", "TIPO": "COLONIA", "Shape_Leng": 1175.1412613, "Shape_Area": 78843.172000699997 }, "geometry": { "type": "Polygon", "coordinates": [ [ [ -100.167582425709952, 25.736757317874687 ], [ -100.167585925793034, 25.73657164339123 ], [ -100.167584821172582, 25.736531388267046 ], [ -100.167584704372629, 25.736527131780328 ], [ -100.167802530231185, 25.736527959793555 ], [ -100.169289863028325, 25.736548856598489 ], [ -100.169523564609335, 25.736965855077482 ], [ -100.169748475814771, 25.737367170774768 ], [ -100.169978958652692, 25.737778416886314 ], [ -100.170040865108803, 25.737888877274766 ], [ -100.170066289987048, 25.73791641958622 ], [ -100.170296171643045, 25.738165455230838 ], [ -100.170324145411826, 25.738195760682583 ], [ -100.170351152561494, 25.738225017336941 ], [ -100.170591769182863, 25.738485679249958 ], [ -100.17062477764523, 25.738521435902364 ], [ -100.170428020579649, 25.738675633070585 ], [ -100.170273255217168, 25.738796855547204 ], [ -100.170083213247267, 25.738945488244077 ], [ -100.169620326129035, 25.739307751847193 ], [ -100.169358717600076, 25.739504977585565 ], [ -100.169111375135842, 25.739693232405415 ], [ -100.168948460544371, 25.739817225444209 ], [ -100.168437090015544, 25.740195463190954 ], [ -100.16817988106493, 25.740332131291055 ], [ -100.168090803020505, 25.740318428000069 ], [ -100.167998412983451, 25.740019097523767 ], [ -100.167987970576121, 25.739952164435579 ], [ -100.167971677571416, 25.739874450032726 ], [ -100.16796825064489, 25.739511348156558 ], [ -100.167958724299396, 25.73947043124474 ], [ -100.167964748410427, 25.73946610660845 ], [ -100.168166080996286, 25.739321571682876 ], [ -100.167995850718626, 25.738167483713962 ], [ -100.167732794696406, 25.73819048082985 ], [ -100.167725557343488, 25.738191113531062 ], [ -100.167724765776413, 25.738186194094908 ], [ -100.167719186086927, 25.738151528807116 ], [ -100.167563987282435, 25.736774874868694 ], [ -100.167570205562029, 25.736761824896831 ], [ -100.167582425709952, 25.736757317874687 ] ] ] } },
{ "type": "Feature", "properties": { "CVEGEO_1": "1900600010297", "Score_Final": 72.98775083796032, "Clasificacion": "Bueno", "Comp_NSE": 87.405762195756409, "Comp_Competencia": 50, "Comp_Accesibilidad": 99.478670347227876, "Comp_Flujo": 50, "Indice_NSE_2025": 79.459783814323998, "Nivel_NSE": "C+", "NSE_Indice_Original": 73.573873902151846, "NSE_Nivel_Original": "A/B", "Carnicerias_1km": 24, "Carnicerias_500m": 14, "Carnicerias_2km": 75, "Dist_Competidor_m": 0.0, "Densidad_Competencia_1km": 7.6394372684109761, "Densidad_Competencia_500m": 17.82535362629228, "Densidad_Pobl_2025": 18614.313727104407, "Densidad_Pobl_2010": 14891.450981683525, "Tasa_Crecimiento_Pobl": 0.25, "Porcentaje_Mujeres": 5.241935483870968, "Poblacion_Total_2010": 6200, "Poblacion_Total_2025": 7750.0, "Num_Cadenas_2km": 34, "Tiene_Cadena_Cerca": 1, "HHI_Concentracion": 339.55555555555549, "Intensidad_Competitiva": 44.75, "Educacion_Normalizado": 64.179104477611943, "Vivienda_Normalizado": 98.131474241310684, "Activos_Normalizado": 69.38990825688073, "Economico_Normalizado": 62.198984671602055, "CVEGEO_2": "1900600010010", "CVE_ENT": "19", "CVE_MUN": "006", "CVE_LOC": "0001", "CVE_ASEN": "0010", "CP": "66640", "FECHA_ACT": "11/2024", "INSTITUCIO": "SECRETARÍA DE DESARROLLO URBANO, OBRAS PÚBLICAS, ECOLOGÍA Y TRANSPORTE DE APODACA", "NOM_ASEN": "BALCONES DE HUINALÁ SEGUNDO SECTOR", "TIPO": "COLONIA", "Shape_Leng": 1454.20186195, "Shape_Area": 104673.481705 }, "geometry": { "type": "Polygon", "coordinates": [ [ [ -100.167416911899267, 25.736818362445696 ], [ -100.167504066665941, 25.736786218175151 ], [ -100.167570205562029, 25.736761824896831 ], [ -100.167563987282435, 25.736774874868694 ], [ -100.167719186086927, 25.738151528807116 ], [ -100.167724765776413, 25.738186194094908 ], [ -100.167725557343488, 25.738191113531062 ], [ -100.167637340661031, 25.738198825577523 ], [ -100.167569236666779, 25.738239880660373 ], [ -100.167405575917982, 25.737038364936133 ], [ -100.167371966412759, 25.736833887838472 ], [ -100.167416911899267, 25.736818362445696 ] ] ] } },
{ "type": "Feature", "properties": { "CVEGEO_1": "1900600010297", "Score_Final": 72.98775083796032, "Clasificacion": "Bueno", "Comp_NSE": 87.405762195756409, "Comp_Competencia": 50, "Comp_Accesibilidad": 99.478670347227876, "Comp_Flujo": 50, "Indice_NSE_2025": 79.459783814323998, "Nivel_NSE": "C+", "NSE_Indice_Original": 73.573873902151846, "NSE_Nivel_Original": "A/B", "Carnicerias_1km": 24, "Carnicerias_500m": 14, "Carnicerias_2km": 75, "Dist_Competidor_m": 0.0, "Densidad_Competencia_1km": 7.6394372684109761, "Densidad_Competencia_500m": 17.82535362629228, "Densidad_Pobl_2025": 18614.313727104407, "Densidad_Pobl_2010": 14891.450981683525, "Tasa_Crecimiento_Pobl": 0.25, "Porcentaje_Mujeres": 5.241935483870968, "Poblacion_Total_2010": 6200, "Poblacion_Total_2025": 7750.0, "Num_Cadenas_2km": 34, "Tiene_Cadena_Cerca": 1, "HHI_Concentracion": 339.55555555555549, "Intensidad_Competitiva": 44.75, "Educacion_Normalizado": 64.179104477611943, "Vivienda_Normalizado": 98.131474241310684, "Activos_Normalizado": 69.38990825688073, "Economico_Normalizado": 62.198984671602055, "CVEGEO_2": "1900600010080", "CVE_ENT": "19", "CVE_MUN": "006", "CVE_LOC": "0001", "CVE_ASEN": "0080", "CP": "66640", "FECHA_ACT": "11/2024", "INSTITUCIO": "SECRETARÍA DE DESARROLLO URBANO, OBRAS PÚBLICAS, ECOLOGÍA Y TRANSPORTE DE APODACA", "NOM_ASEN": "JARDINES DE HUINALÁ E-1", "TIPO": "COLONIA", "Shape_Leng": 2106.6388902399999, "Shape_Area": 161962.689155 }, "geometry": { "type": "Polygon", "coordinates": [ [ [ -100.170091243512488, 25.738949773876694 ], [ -100.169628355746894, 25.739312038151578 ], [ -100.169366748525661, 25.739509264477086 ], [ -100.169119404317527, 25.739697518479577 ], [ -100.169112790613511, 25.739702552156338 ], [ -100.169111375135842, 25.739693232405415 ], [ -100.169358717600076, 25.739504977585565 ], [ -100.169620326129035, 25.739307751847193 ], [ -100.170083213247267, 25.738945488244077 ], [ -100.170273255217168, 25.738796855547204 ], [ -100.17027667211309, 25.738804749371084 ], [ -100.170091243512488, 25.738949773876694 ] ] ] } },
{ "type": "Feature", "properties": { "CVEGEO_1": "1900600010297", "Score_Final": 72.98775083796032, "Clasificacion": "Bueno", "Comp_NSE": 87.405762195756409, "Comp_Competencia": 50, "Comp_Accesibilidad": 99.478670347227876, "Comp_Flujo": 50, "Indice_NSE_2025": 79.459783814323998, "Nivel_NSE": "C+", "NSE_Indice_Original": 73.573873902151846, "NSE_Nivel_Original": "A/B", "Carnicerias_1km": 24, "Carnicerias_500m": 14, "Carnicerias_2km": 75, "Dist_Competidor_m": 0.0, "Densidad_Competencia_1km": 7.6394372684109761, "Densidad_Competencia_500m": 17.82535362629228, "Densidad_Pobl_2025": 18614.313727104407, "Densidad_Pobl_2010": 14891.450981683525, "Tasa_Crecimiento_Pobl": 0.25, "Porcentaje_Mujeres": 5.241935483870968, "Poblacion_Total_2010": 6200, "Poblacion_Total_2025": 7750.0, "Num_Cadenas_2km": 34, "Tiene_Cadena_Cerca": 1, "HHI_Concentracion": 339.55555555555549, "Intensidad_Competitiva": 44.75, "Educacion_Normalizado": 64.179104477611943, "Vivienda_Normalizado": 98.131474241310684, "Activos_Normalizado": 69.38990825688073, "Economico_Normalizado": 62.198984671602055, "CVEGEO_2": "1900600010190", "CVE_ENT": "19", "CVE_MUN": "006", "CVE_LOC": "0001", "CVE_ASEN": "0190", "CP": "66640", "FECHA_ACT": "11/2024", "INSTITUCIO": "SECRETARÍA DE DESARROLLO URBANO, OBRAS PÚBLICAS, ECOLOGÍA Y TRANSPORTE DE APODACA", "NOM_ASEN": "SAN ANDRÉS PRIMER SECTOR", "TIPO": "COLONIA", "Shape_Leng": 2241.2839899300002, "Shape_Area": 166857.90289900001 }, "geometry": { "type": "Polygon", "coordinates": [ [ [ -100.171483053130075, 25.737865771035096 ], [ -100.171114122603285, 25.738149237567416 ], [ -100.170913173455787, 25.738306002636993 ], [ -100.170632807902095, 25.738525722941858 ], [ -100.170436050310585, 25.738679919546712 ], [ -100.170281285334454, 25.738801141350827 ], [ -100.17027667211309, 25.738804749371084 ], [ -100.170273255217168, 25.738796855547204 ], [ -100.170428020579649, 25.738675633070585 ], [ -100.17062477764523, 25.738521435902364 ], [ -100.170905143417613, 25.738301716676041 ], [ -100.171106091449417, 25.738144951464548 ], [ -100.171475022332217, 25.737861484341799 ], [ -100.17163889818093, 25.737727760161015 ], [ -100.171646191202868, 25.737732648972091 ], [ -100.171483053130075, 25.737865771035096 ] ] ] } },
{ "type": "Feature", "properties": { "CVEGEO_1": "1900600010297", "Score_Final": 72.98775083796032, "Clasificacion": "Bueno", "Comp_NSE": 87.405762195756409, "Comp_Competencia": 50, "Comp_Accesibilidad": 99.478670347227876, "Comp_Flujo": 50, "Indice_NSE_2025": 79.459783814323998, "Nivel_NSE": "C+", "NSE_Indice_Original": 73.573873902151846, "NSE_Nivel_Original": "A/B", "Carnicerias_1km": 24, "Carnicerias_500m": 14, "Carnicerias_2km": 75, "Dist_Competidor_m": 0.0, "Densidad_Competencia_1km": 7.6394372684109761, "Densidad_Competencia_500m": 17.82535362629228, "Densidad_Pobl_2025": 18614.313727104407, "Densidad_Pobl_2010": 14891.450981683525, "Tasa_Crecimiento_Pobl": 0.25, "Porcentaje_Mujeres": 5.241935483870968, "Poblacion_Total_2010": 6200, "Poblacion_Total_2025": 7750.0, "Num_Cadenas_2km": 34, "Tiene_Cadena_Cerca": 1, "HHI_Concentracion": 339.55555555555549, "Intensidad_Competitiva": 44.75, "Educacion_Normalizado": 64.179104477611943, "Vivienda_Normalizado": 98.131474241310684, "Activos_Normalizado": 69.38990825688073, "Economico_Normalizado": 62.198984671602055, "CVEGEO_2": "1900600010309", "CVE_ENT": "19", "CVE_MUN": "006", "CVE_LOC": "0001", "CVE_ASEN": "0309", "CP": "66634", "FECHA_ACT": "11/2024", "INSTITUCIO": "SECRETARÍA DE DESARROLLO URBANO, OBRAS PÚBLICAS, ECOLOGÍA Y TRANSPORTE DE APODACA", "NOM_ASEN": "ENCINOS RESIDENCIAL PRIMER SECTOR", "TIPO": "FRACCIONAMIENTO", "Shape_Leng": 3544.9831589599999, "Shape_Area": 441291.76764699997 }, "geometry": { "type": "Polygon", "coordinates": [ [ [ -100.174266844870345, 25.736283423341675 ], [ -100.174028146465702, 25.736316575847894 ], [ -100.172859787005137, 25.736997533324814 ], [ -100.172062290748897, 25.737471097581697 ], [ -100.171646929346352, 25.737732046640694 ], [ -100.171646191202868, 25.737732648972091 ], [ -100.17163889818093, 25.737727760161015 ], [ -100.172054260456903, 25.737466811936262 ], [ -100.172851755794952, 25.736993247975651 ], [ -100.174020114767089, 25.736312289217768 ], [ -100.174258814352299, 25.736279136703455 ], [ -100.174266685469718, 25.736278085486973 ], [ -100.174266844870345, 25.736283423341675 ] ] ] } },
{ "type": "Feature", "properties": { "CVEGEO_1": "1900600010297", "Score_Final": 72.98775083796032, "Clasificacion": "Bueno", "Comp_NSE": 87.405762195756409, "Comp_Competencia": 50, "Comp_Accesibilidad": 99.478670347227876, "Comp_Flujo": 50, "Indice_NSE_2025": 79.459783814323998, "Nivel_NSE": "C+", "NSE_Indice_Original": 73.573873902151846, "NSE_Nivel_Original": "A/B", "Carnicerias_1km": 24, "Carnicerias_500m": 14, "Carnicerias_2km": 75, "Dist_Competidor_m": 0.0, "Densidad_Competencia_1km": 7.6394372684109761, "Densidad_Competencia_500m": 17.82535362629228, "Densidad_Pobl_2025": 18614.313727104407, "Densidad_Pobl_2010": 14891.450981683525, "Tasa_Crecimiento_Pobl": 0.25, "Porcentaje_Mujeres": 5.241935483870968, "Poblacion_Total_2010": 6200, "Poblacion_Total_2025": 7750.0, "Num_Cadenas_2km": 34, "Tiene_Cadena_Cerca": 1, "HHI_Concentracion": 339.55555555555549, "Intensidad_Competitiva": 44.75, "Educacion_Normalizado": 64.179104477611943, "Vivienda_Normalizado": 98.131474241310684, "Activos_Normalizado": 69.38990825688073, "Economico_Normalizado": 62.198984671602055, "CVEGEO_2": "1900600010325", "CVE_ENT": "19", "CVE_MUN": "006", "CVE_LOC": "0001", "CVE_ASEN": "0325", "CP": "66640", "FECHA_ACT": "11/2024", "INSTITUCIO": "SECRETARÍA DE DESARROLLO URBANO, OBRAS PÚBLICAS, ECOLOGÍA Y TRANSPORTE DE APODACA", "NOM_ASEN": "HACIENDA SAN GERARDO", "TIPO": "FRACCIONAMIENTO", "Shape_Leng": 859.39996881499997, "Shape_Area": 44298.063829699997 }, "geometry": { "type": "Polygon", "coordinates": [ [ [ -100.167707807992528, 25.73965056102017 ], [ -100.167958724299396, 25.73947043124474 ], [ -100.16796825064489, 25.739511348156558 ], [ -100.167971677571416, 25.739874450032726 ], [ -100.167987970576121, 25.739952164435579 ], [ -100.167998412983451, 25.740019097523767 ], [ -100.168090803020505, 25.740318428000069 ], [ -100.16817988106493, 25.740332131291055 ], [ -100.16810979586343, 25.740352700554872 ], [ -100.167854462620852, 25.740427641021618 ], [ -100.167707807992528, 25.73965056102017 ] ] ] } },
{ "type": "Feature", "properties": { "CVEGEO_1": "1900600010297", "Score_Final": 72.98775083796032, "Clasificacion": "Bueno", "Comp_NSE": 87.405762195756409, "Comp_Competencia": 50, "Comp_Accesibilidad": 99.478670347227876, "Comp_Flujo": 50, "Indice_NSE_2025": 79.459783814323998, "Nivel_NSE": "C+", "NSE_Indice_Original": 73.573873902151846, "NSE_Nivel_Original": "A/B", "Carnicerias_1km": 24, "Carnicerias_500m": 14, "Carnicerias_2km": 75, "Dist_Competidor_m": 0.0, "Densidad_Competencia_1km": 7.6394372684109761, "Densidad_Competencia_500m": 17.82535362629228, "Densidad_Pobl_2025": 18614.313727104407, "Densidad_Pobl_2010": 14891.450981683525, "Tasa_Crecimiento_Pobl": 0.25, "Porcentaje_Mujeres": 5.241935483870968, "Poblacion_Total_2010": 6200, "Poblacion_Total_2025": 7750.0, "Num_Cadenas_2km": 34, "Tiene_Cadena_Cerca": 1, "HHI_Concentracion": 339.55555555555549, "Intensidad_Competitiva": 44.75, "Educacion_Normalizado": 64.179104477611943, "Vivienda_Normalizado": 98.131474241310684, "Activos_Normalizado": 69.38990825688073, "Economico_Normalizado": 62.198984671602055, "CVEGEO_2": "1900600010340", "CVE_ENT": "19", "CVE_MUN": "006", "CVE_LOC": "0001", "CVE_ASEN": "0340", "CP": "66640", "FECHA_ACT": "11/2024", "INSTITUCIO": "SECRETARÍA DE DESARROLLO URBANO, OBRAS PÚBLICAS, ECOLOGÍA Y TRANSPORTE DE APODACA", "NOM_ASEN": "LOS PRADOS RESIDENCIAL PRIMER SECTOR", "TIPO": "FRACCIONAMIENTO", "Shape_Leng": 1333.18986496, "Shape_Area": 87586.404823999997 }, "geometry": { "type": "Polygon", "coordinates": [ [ [ -100.168956490290412, 25.73982151201642 ], [ -100.168445124426611, 25.740199755008529 ], [ -100.168187910732186, 25.740336417288507 ], [ -100.168117824854463, 25.740356987817165 ], [ -100.167855650789079, 25.740433936777698 ], [ -100.167854462620852, 25.740427641021618 ], [ -100.16810979586343, 25.740352700554872 ], [ -100.16817988106493, 25.740332131291055 ], [ -100.168437090015544, 25.740195463190954 ], [ -100.168948460544371, 25.739817225444209 ], [ -100.169111375135842, 25.739693232405415 ], [ -100.169112790613511, 25.739702552156338 ], [ -100.168956490290412, 25.73982151201642 ] ] ] } },
{ "type": "Feature", "properties": { "CVEGEO_1": "190060001030A", "Score_Final": 73.137735691230844, "Clasificacion": "Bueno", "Comp_NSE": 87.631735400783342, "Comp_Competencia": 50, "Comp_Accesibilidad": 99.833141504783384, "Comp_Flujo": 50, "Indice_NSE_2025": 79.665214000712126, "Nivel_NSE": "C+", "NSE_Indice_Original": 73.764087037696413, "NSE_Nivel_Original": "A/B", "Carnicerias_1km": 30, "Carnicerias_500m": 13, "Carnicerias_2km": 69, "Dist_Competidor_m": 0.0, "Densidad_Competencia_1km": 9.5492965855137211, "Densidad_Competencia_500m": 16.552114081557114, "Densidad_Pobl_2025": 5517.6471777655033, "Densidad_Pobl_2010": 4414.1177422124028, "Tasa_Crecimiento_Pobl": 0.25, "Porcentaje_Mujeres": 6.1189559264013687, "Poblacion_Total_2010": 2337, "Poblacion_Total_2025": 2921.25, "Num_Cadenas_2km": 35, "Tiene_Cadena_Cerca": 1, "HHI_Concentracion": 409.57781978575929, "Intensidad_Competitiva": 45.25, "Educacion_Normalizado": 64.179104477611943, "Vivienda_Normalizado": 98.360137635200402, "Activos_Normalizado": 67.720183486238525, "Economico_Normalizado": 64.951377070265494, "CVEGEO_2": "1900600010009", "CVE_ENT": "19", "CVE_MUN": "006", "CVE_LOC": "0001", "CVE_ASEN": "0009", "CP": "66640", "FECHA_ACT": "11/2024", "INSTITUCIO": "SECRETARÍA DE DESARROLLO URBANO, OBRAS PÚBLICAS, ECOLOGÍA Y TRANSPORTE DE APODACA", "NOM_ASEN": "BALCONES DE HUINALÁ PRIMER SECTOR", "TIPO": "COLONIA", "Shape_Leng": 1175.1412613, "Shape_Area": 78843.172000699997 }, "geometry": { "type": "MultiPolygon", "coordinates": [ [ [ [ -100.167732794696406, 25.73819048082985 ], [ -100.167995850718626, 25.738167483713962 ], [ -100.168166080996286, 25.739321571682876 ], [ -100.167964748410427, 25.73946610660845 ], [ -100.167958724299396, 25.73947043124474 ], [ -100.167956719576765, 25.739461820696317 ], [ -100.167950809116519, 25.739418505990272 ], [ -100.167771833621032, 25.738486607990364 ], [ -100.167730824093582, 25.738223845363773 ], [ -100.167725557343488, 25.738191113531062 ], [ -100.167732794696406, 25.73819048082985 ] ] ], [ [ [ -100.167584821172582, 25.736531388267046 ], [ -100.167585925793034, 25.73657164339123 ], [ -100.167582425709952, 25.736757317874687 ], [ -100.167570205562029, 25.736761824896831 ], [ -100.16757439579473, 25.73675303107888 ], [ -100.167577896405959, 25.736567356878673 ], [ -100.167576791922471, 25.736527101703029 ], [ -100.167584704372629, 25.736527131780328 ], [ -100.167584821172582, 25.736531388267046 ] ] ] ] } },
{ "type": "Feature", "properties": { "CVEGEO_1": "190060001030A", "Score_Final": 73.137735691230844, "Clasificacion": "Bueno", "Comp_NSE": 87.631735400783342, "Comp_Competencia": 50, "Comp_Accesibilidad": 99.833141504783384, "Comp_Flujo": 50, "Indice_NSE_2025": 79.665214000712126, "Nivel_NSE": "C+", "NSE_Indice_Original": 73.764087037696413, "NSE_Nivel_Original": "A/B", "Carnicerias_1km": 30, "Carnicerias_500m": 13, "Carnicerias_2km": 69, "Dist_Competidor_m": 0.0, "Densidad_Competencia_1km": 9.5492965855137211, "Densidad_Competencia_500m": 16.552114081557114, "Densidad_Pobl_2025": 5517.6471777655033, "Densidad_Pobl_2010": 4414.1177422124028, "Tasa_Crecimiento_Pobl": 0.25, "Porcentaje_Mujeres": 6.1189559264013687, "Poblacion_Total_2010": 2337, "Poblacion_Total_2025": 2921.25, "Num_Cadenas_2km": 35, "Tiene_Cadena_Cerca": 1, "HHI_Concentracion": 409.57781978575929, "Intensidad_Competitiva": 45.25, "Educacion_Normalizado": 64.179104477611943, "Vivienda_Normalizado": 98.360137635200402, "Activos_Normalizado": 67.720183486238525, "Economico_Normalizado": 64.951377070265494, "CVEGEO_2": "1900600010010", "CVE_ENT": "19", "CVE_MUN": "006", "CVE_LOC": "0001", "CVE_ASEN": "0010", "CP": "66640", "FECHA_ACT": "11/2024", "INSTITUCIO": "SECRETARÍA DE DESARROLLO URBANO, OBRAS PÚBLICAS, ECOLOGÍA Y TRANSPORTE DE APODACA", "NOM_ASEN": "BALCONES DE HUINALÁ SEGUNDO SECTOR", "TIPO": "COLONIA", "Shape_Leng": 1454.20186195, "Shape_Area": 104673.481705 }, "geometry": { "type": "Polygon", "coordinates": [ [ [ -100.167405575917982, 25.737038364936133 ], [ -100.167569236666779, 25.738239880660373 ], [ -100.167637340661031, 25.738198825577523 ], [ -100.167725557343488, 25.738191113531062 ], [ -100.167730824093582, 25.738223845363773 ], [ -100.167771833621032, 25.738486607990364 ], [ -100.165644819189311, 25.739485414066586 ], [ -100.165610853836696, 25.739531815144002 ], [ -100.165531455112941, 25.739497083708695 ], [ -100.165447020610287, 25.739523936233336 ], [ -100.165048925611089, 25.739645570975696 ], [ -100.164915823879269, 25.738706598709765 ], [ -100.16480357569796, 25.737945753027965 ], [ -100.164617108120268, 25.738009262582992 ], [ -100.164405348705515, 25.738079751468845 ], [ -100.164361358955176, 25.737834543461215 ], [ -100.164248677772065, 25.737880658830527 ], [ -100.164100255684417, 25.737514823354395 ], [ -100.164506219858069, 25.737348825757152 ], [ -100.164515318606817, 25.737373096623699 ], [ -100.164665021312743, 25.737709518051343 ], [ -100.164686811881012, 25.737754208834321 ], [ -100.166304251656712, 25.737198451343314 ], [ -100.16643198484185, 25.7371521109675 ], [ -100.166545373892191, 25.737112412438737 ], [ -100.167313034060598, 25.736846458030339 ], [ -100.167363937922971, 25.736829601701775 ], [ -100.167408882542588, 25.736814076814987 ], [ -100.167496037284479, 25.736781932335873 ], [ -100.16757439579473, 25.73675303107888 ], [ -100.167570205562029, 25.736761824896831 ], [ -100.167504066665941, 25.736786218175151 ], [ -100.167416911899267, 25.736818362445696 ], [ -100.167371966412759, 25.736833887838472 ], [ -100.167405575917982, 25.737038364936133 ] ] ] } },
{ "type": "Feature", "properties": { "CVEGEO_1": "190060001030A", "Score_Final": 73.137735691230844, "Clasificacion": "Bueno", "Comp_NSE": 87.631735400783342, "Comp_Competencia": 50, "Comp_Accesibilidad": 99.833141504783384, "Comp_Flujo": 50, "Indice_NSE_2025": 79.665214000712126, "Nivel_NSE": "C+", "NSE_Indice_Original": 73.764087037696413, "NSE_Nivel_Original": "A/B", "Carnicerias_1km": 30, "Carnicerias_500m": 13, "Carnicerias_2km": 69, "Dist_Competidor_m": 0.0, "Densidad_Competencia_1km": 9.5492965855137211, "Densidad_Competencia_500m": 16.552114081557114, "Densidad_Pobl_2025": 5517.6471777655033, "Densidad_Pobl_2010": 4414.1177422124028, "Tasa_Crecimiento_Pobl": 0.25, "Porcentaje_Mujeres": 6.1189559264013687, "Poblacion_Total_2010": 2337, "Poblacion_Total_2025": 2921.25, "Num_Cadenas_2km": 35, "Tiene_Cadena_Cerca": 1, "HHI_Concentracion": 409.57781978575929, "Intensidad_Competitiva": 45.25, "Educacion_Normalizado": 64.179104477611943, "Vivienda_Normalizado": 98.360137635200402, "Activos_Normalizado": 67.720183486238525, "Economico_Normalizado": 64.951377070265494, "CVEGEO_2": "1900600010022", "CVE_ENT": "19", "CVE_MUN": "006", "CVE_LOC": "0001", "CVE_ASEN": "0022", "CP": "66640", "FECHA_ACT": "11/2024", "INSTITUCIO": "SECRETARÍA DE DESARROLLO URBANO, OBRAS PÚBLICAS, ECOLOGÍA Y TRANSPORTE DE APODACA", "NOM_ASEN": "COLONIAL DE HUINALÁ", "TIPO": "FRACCIONAMIENTO", "Shape_Leng": 761.12400338099997, "Shape_Area": 31920.4199539 }, "geometry": { "type": "Polygon", "coordinates": [ [ [ -100.165539484670177, 25.739501369711043 ], [ -100.16545505001271, 25.739528222425538 ], [ -100.165049841301226, 25.739652030753767 ], [ -100.165048925611089, 25.739645570975696 ], [ -100.165447020610287, 25.739523936233336 ], [ -100.165531455112941, 25.739497083708695 ], [ -100.165610853836696, 25.739531815144002 ], [ -100.165610817141641, 25.739532573327029 ], [ -100.165539484670177, 25.739501369711043 ] ] ] } },
{ "type": "Feature", "properties": { "CVEGEO_1": "190060001030A", "Score_Final": 73.137735691230844, "Clasificacion": "Bueno", "Comp_NSE": 87.631735400783342, "Comp_Competencia": 50, "Comp_Accesibilidad": 99.833141504783384, "Comp_Flujo": 50, "Indice_NSE_2025": 79.665214000712126, "Nivel_NSE": "C+", "NSE_Indice_Original": 73.764087037696413, "NSE_Nivel_Original": "A/B", "Carnicerias_1km": 30, "Carnicerias_500m": 13, "Carnicerias_2km": 69, "Dist_Competidor_m": 0.0, "Densidad_Competencia_1km": 9.5492965855137211, "Densidad_Competencia_500m": 16.552114081557114, "Densidad_Pobl_2025": 5517.6471777655033, "Densidad_Pobl_2010": 4414.1177422124028, "Tasa_Crecimiento_Pobl": 0.25, "Porcentaje_Mujeres": 6.1189559264013687, "Poblacion_Total_2010": 2337, "Poblacion_Total_2025": 2921.25, "Num_Cadenas_2km": 35, "Tiene_Cadena_Cerca": 1, "HHI_Concentracion": 409.57781978575929, "Intensidad_Competitiva": 45.25, "Educacion_Normalizado": 64.179104477611943, "Vivienda_Normalizado": 98.360137635200402, "Activos_Normalizado": 67.720183486238525, "Economico_Normalizado": 64.951377070265494, "CVEGEO_2": "1900600010071", "CVE_ENT": "19", "CVE_MUN": "006", "CVE_LOC": "0001", "CVE_ASEN": "0071", "CP": "66640", "FECHA_ACT": "11/2024", "INSTITUCIO": "SECRETARÍA DE DESARROLLO URBANO, OBRAS PÚBLICAS, ECOLOGÍA Y TRANSPORTE DE APODACA", "NOM_ASEN": "HUINALÁ", "TIPO": "COLONIA", "Shape_Leng": 7098.8413938399999, "Shape_Area": 975235.65223200002 }, "geometry": { "type": "Polygon", "coordinates": [ [ [ -100.166006746350973, 25.74097291471945 ], [ -100.166003111684716, 25.740967312558933 ], [ -100.16686228443065, 25.740710195738828 ], [ -100.16686206235093, 25.740716951353754 ], [ -100.166006746350973, 25.74097291471945 ] ] ] } },
{ "type": "Feature", "properties": { "CVEGEO_1": "190060001030A", "Score_Final": 73.137735691230844, "Clasificacion": "Bueno", "Comp_NSE": 87.631735400783342, "Comp_Competencia": 50, "Comp_Accesibilidad": 99.833141504783384, "Comp_Flujo": 50, "Indice_NSE_2025": 79.665214000712126, "Nivel_NSE": "C+", "NSE_Indice_Original": 73.764087037696413, "NSE_Nivel_Original": "A/B", "Carnicerias_1km": 30, "Carnicerias_500m": 13, "Carnicerias_2km": 69, "Dist_Competidor_m": 0.0, "Densidad_Competencia_1km": 9.5492965855137211, "Densidad_Competencia_500m": 16.552114081557114, "Densidad_Pobl_2025": 5517.6471777655033, "Densidad_Pobl_2010": 4414.1177422124028, "Tasa_Crecimiento_Pobl": 0.25, "Porcentaje_Mujeres": 6.1189559264013687, "Poblacion_Total_2010": 2337, "Poblacion_Total_2025": 2921.25, "Num_Cadenas_2km": 35, "Tiene_Cadena_Cerca": 1, "HHI_Concentracion": 409.57781978575929, "Intensidad_Competitiva": 45.25, "Educacion_Normalizado": 64.179104477611943, "Vivienda_Normalizado": 98.360137635200402, "Activos_Normalizado": 67.720183486238525, "Economico_Normalizado": 64.951377070265494, "CVEGEO_2": "1900600010325", "CVE_ENT": "19", "CVE_MUN": "006", "CVE_LOC": "0001", "CVE_ASEN": "0325", "CP": "66640", "FECHA_ACT": "11/2024", "INSTITUCIO": "SECRETARÍA DE DESARROLLO URBANO, OBRAS PÚBLICAS, ECOLOGÍA Y TRANSPORTE DE APODACA", "NOM_ASEN": "HACIENDA SAN GERARDO", "TIPO": "FRACCIONAMIENTO", "Shape_Leng": 859.39996881499997, "Shape_Area": 44298.063829699997 }, "geometry": { "type": "Polygon", "coordinates": [ [ [ -100.167707807992528, 25.73965056102017 ], [ -100.167854462620852, 25.740427641021618 ], [ -100.16784762020967, 25.74042964927359 ], [ -100.167747712071233, 25.740458709404226 ], [ -100.167451038399875, 25.74054499594455 ], [ -100.167151938080778, 25.740628921006895 ], [ -100.16686228443065, 25.740710195738828 ], [ -100.166003111684716, 25.740967312558933 ], [ -100.165738635439851, 25.740559671726231 ], [ -100.165545878350017, 25.740228676252254 ], [ -100.165599971820768, 25.739926852766008 ], [ -100.165618882933458, 25.739536101620178 ], [ -100.165610817141641, 25.739532573327029 ], [ -100.165610853836696, 25.739531815144002 ], [ -100.165644819189311, 25.739485414066586 ], [ -100.167771833621032, 25.738486607990364 ], [ -100.167950809116519, 25.739418505990272 ], [ -100.167956719576765, 25.739461820696317 ], [ -100.167958724299396, 25.73947043124474 ], [ -100.167707807992528, 25.73965056102017 ] ] ] } },
{ "type": "Feature", "properties": { "CVEGEO_1": "190060001030A", "Score_Final": 73.137735691230844, "Clasificacion": "Bueno", "Comp_NSE": 87.631735400783342, "Comp_Competencia": 50, "Comp_Accesibilidad": 99.833141504783384, "Comp_Flujo": 50, "Indice_NSE_2025": 79.665214000712126, "Nivel_NSE": "C+", "NSE_Indice_Original": 73.764087037696413, "NSE_Nivel_Original": "A/B", "Carnicerias_1km": 30, "Carnicerias_500m": 13, "Carnicerias_2km": 69, "Dist_Competidor_m": 0.0, "Densidad_Competencia_1km": 9.5492965855137211, "Densidad_Competencia_500m": 16.552114081557114, "Densidad_Pobl_2025": 5517.6471777655033, "Densidad_Pobl_2010": 4414.1177422124028, "Tasa_Crecimiento_Pobl": 0.25, "Porcentaje_Mujeres": 6.1189559264013687, "Poblacion_Total_2010": 2337, "Poblacion_Total_2025": 2921.25, "Num_Cadenas_2km": 35, "Tiene_Cadena_Cerca": 1, "HHI_Concentracion": 409.57781978575929, "Intensidad_Competitiva": 45.25, "Educacion_Normalizado": 64.179104477611943, "Vivienda_Normalizado": 98.360137635200402, "Activos_Normalizado": 67.720183486238525, "Economico_Normalizado": 64.951377070265494, "CVEGEO_2": "1900600010340", "CVE_ENT": "19", "CVE_MUN": "006", "CVE_LOC": "0001", "CVE_ASEN": "0340", "CP": "66640", "FECHA_ACT": "11/2024", "INSTITUCIO": "SECRETARÍA DE DESARROLLO URBANO, OBRAS PÚBLICAS, ECOLOGÍA Y TRANSPORTE DE APODACA", "NOM_ASEN": "LOS PRADOS RESIDENCIAL PRIMER SECTOR", "TIPO": "FRACCIONAMIENTO", "Shape_Leng": 1333.18986496, "Shape_Area": 87586.404823999997 }, "geometry": { "type": "Polygon", "coordinates": [ [ [ -100.167855650789079, 25.740433936777698 ], [ -100.167755741454513, 25.74046299533088 ], [ -100.167459068219245, 25.740549282030781 ], [ -100.167159968273396, 25.740633207531104 ], [ -100.166870313974428, 25.740714481958438 ], [ -100.16686206235093, 25.740716951353754 ], [ -100.16686228443065, 25.740710195738828 ], [ -100.167151938080778, 25.740628921006895 ], [ -100.167451038399875, 25.74054499594455 ], [ -100.167747712071233, 25.740458709404226 ], [ -100.16784762020967, 25.74042964927359 ], [ -100.167854462620852, 25.740427641021618 ], [ -100.167855650789079, 25.740433936777698 ] ] ] } },
{ "type": "Feature", "properties": { "CVEGEO_1": "1900600010422", "Score_Final": 70.851921659260924, "Clasificacion": "Bueno", "Comp_NSE": 81.690293439202904, "Comp_Competencia": 50, "Comp_Accesibilidad": 98.801594777699549, "Comp_Flujo": 50, "Indice_NSE_2025": 74.263903126548087, "Nivel_NSE": "C+", "NSE_Indice_Original": 68.762873265322298, "NSE_Nivel_Original": "C+", "Carnicerias_1km": 19, "Carnicerias_500m": 12, "Carnicerias_2km": 35, "Dist_Competidor_m": 0.0, "Densidad_Competencia_1km": 6.0478878374920226, "Densidad_Competencia_500m": 15.278874536821952, "Densidad_Pobl_2025": 25291.282660991612, "Densidad_Pobl_2010": 20233.026128793292, "Tasa_Crecimiento_Pobl": 0.25, "Porcentaje_Mujeres": 6.5717572620074769, "Poblacion_Total_2010": 6954, "Poblacion_Total_2025": 8692.5, "Num_Cadenas_2km": 14, "Tiene_Cadena_Cerca": 1, "HHI_Concentracion": 497.95918367346945, "Intensidad_Competitiva": 30.25, "Educacion_Normalizado": 58.333333333333336, "Vivienda_Normalizado": 97.437304060933471, "Activos_Normalizado": 58.128440366972477, "Economico_Normalizado": 61.857185791729073, "CVEGEO_2": "1900600010171", "CVE_ENT": "19", "CVE_MUN": "006", "CVE_LOC": "0001", "CVE_ASEN": "0171", "CP": "66646", "FECHA_ACT": "11/2024", "INSTITUCIO": "SECRETARÍA DE DESARROLLO URBANO, OBRAS PÚBLICAS, ECOLOGÍA Y TRANSPORTE DE APODACA", "NOM_ASEN": "PUEBLO NUEVO PRIMER SECTOR", "TIPO": "COLONIA", "Shape_Leng": 1838.9417030699999, "Shape_Area": 194677.52374800001 }, "geometry": { "type": "Polygon", "coordinates": [ [ [ -100.163772022347629, 25.760284792411198 ], [ -100.164030475287376, 25.760233327763611 ], [ -100.16418921170559, 25.761683836870837 ], [ -100.164310210151655, 25.762802623542978 ], [ -100.164426888084293, 25.763965341849879 ], [ -100.164338366899358, 25.7639012519457 ], [ -100.164336817164283, 25.763901651993464 ], [ -100.164330336420932, 25.76389695984124 ], [ -100.164268005722377, 25.763913051236617 ], [ -100.164235568037014, 25.76391300552098 ], [ -100.164187255599643, 25.763686896585352 ], [ -100.164118505455804, 25.763564550967978 ], [ -100.164110293704098, 25.763558531992373 ], [ -100.164102829429481, 25.763487880482842 ], [ -100.163769062847564, 25.760328495445474 ], [ -100.163771187727093, 25.760284958604448 ], [ -100.163772022347629, 25.760284792411198 ] ] ] } },
{ "type": "Feature", "properties": { "CVEGEO_1": "1900600010422", "Score_Final": 70.851921659260924, "Clasificacion": "Bueno", "Comp_NSE": 81.690293439202904, "Comp_Competencia": 50, "Comp_Accesibilidad": 98.801594777699549, "Comp_Flujo": 50, "Indice_NSE_2025": 74.263903126548087, "Nivel_NSE": "C+", "NSE_Indice_Original": 68.762873265322298, "NSE_Nivel_Original": "C+", "Carnicerias_1km": 19, "Carnicerias_500m": 12, "Carnicerias_2km": 35, "Dist_Competidor_m": 0.0, "Densidad_Competencia_1km": 6.0478878374920226, "Densidad_Competencia_500m": 15.278874536821952, "Densidad_Pobl_2025": 25291.282660991612, "Densidad_Pobl_2010": 20233.026128793292, "Tasa_Crecimiento_Pobl": 0.25, "Porcentaje_Mujeres": 6.5717572620074769, "Poblacion_Total_2010": 6954, "Poblacion_Total_2025": 8692.5, "Num_Cadenas_2km": 14, "Tiene_Cadena_Cerca": 1, "HHI_Concentracion": 497.95918367346945, "Intensidad_Competitiva": 30.25, "Educacion_Normalizado": 58.333333333333336, "Vivienda_Normalizado": 97.437304060933471, "Activos_Normalizado": 58.128440366972477, "Economico_Normalizado": 61.857185791729073, "CVEGEO_2": "1900600010172", "CVE_ENT": "19", "CVE_MUN": "006", "CVE_LOC": "0001", "CVE_ASEN": "0172", "CP": "66646", "FECHA_ACT": "11/2024", "INSTITUCIO": "SECRETARÍA DE DESARROLLO URBANO, OBRAS PÚBLICAS, ECOLOGÍA Y TRANSPORTE DE APODACA", "NOM_ASEN": "PUEBLO NUEVO SEGUNDO SECTOR", "TIPO": "COLONIA", "Shape_Leng": 1911.4663302199999, "Shape_Area": 199098.31680299999 }, "geometry": { "type": "Polygon", "coordinates": [ [ [ -100.160118580597214, 25.757864064163321 ], [ -100.160245668521782, 25.758030880427452 ], [ -100.160412064214228, 25.75819161735998 ], [ -100.159048941383887, 25.758471357032846 ], [ -100.159205163073111, 25.759135475766314 ], [ -100.159292618595003, 25.759493599099894 ], [ -100.158847586977984, 25.759589755739484 ], [ -100.15844414779697, 25.759674707205711 ], [ -100.158520773465696, 25.760064248452281 ], [ -100.1583641969697, 25.760096300484303 ], [ -100.157901067503701, 25.760186042416819 ], [ -100.157821669406502, 25.759821531673371 ], [ -100.157732910474735, 25.759448276049707 ], [ -100.157703878828542, 25.759359228517415 ], [ -100.157682626182847, 25.759294041087667 ], [ -100.15730313222798, 25.757680428051248 ], [ -100.156970271800446, 25.756243584054896 ], [ -100.15747845231661, 25.756142252211486 ], [ -100.157533954368944, 25.756133678806716 ], [ -100.158037479562026, 25.756037551495062 ], [ -100.158467891845959, 25.755956494160809 ], [ -100.15891748489851, 25.755866164429584 ], [ -100.159315989284238, 25.755786122956167 ], [ -100.159547777833041, 25.756737273084461 ], [ -100.159667859028687, 25.757048122318185 ], [ -100.159750539151261, 25.757203648499392 ], [ -100.15978011338801, 25.757273305044521 ], [ -100.159871461913511, 25.757428059319523 ], [ -100.160118580597214, 25.757864064163321 ] ] ] } },
{ "type": "Feature", "properties": { "CVEGEO_1": "1900600010422", "Score_Final": 70.851921659260924, "Clasificacion": "Bueno", "Comp_NSE": 81.690293439202904, "Comp_Competencia": 50, "Comp_Accesibilidad": 98.801594777699549, "Comp_Flujo": 50, "Indice_NSE_2025": 74.263903126548087, "Nivel_NSE": "C+", "NSE_Indice_Original": 68.762873265322298, "NSE_Nivel_Original": "C+", "Carnicerias_1km": 19, "Carnicerias_500m": 12, "Carnicerias_2km": 35, "Dist_Competidor_m": 0.0, "Densidad_Competencia_1km": 6.0478878374920226, "Densidad_Competencia_500m": 15.278874536821952, "Densidad_Pobl_2025": 25291.282660991612, "Densidad_Pobl_2010": 20233.026128793292, "Tasa_Crecimiento_Pobl": 0.25, "Porcentaje_Mujeres": 6.5717572620074769, "Poblacion_Total_2010": 6954, "Poblacion_Total_2025": 8692.5, "Num_Cadenas_2km": 14, "Tiene_Cadena_Cerca": 1, "HHI_Concentracion": 497.95918367346945, "Intensidad_Competitiva": 30.25, "Educacion_Normalizado": 58.333333333333336, "Vivienda_Normalizado": 97.437304060933471, "Activos_Normalizado": 58.128440366972477, "Economico_Normalizado": 61.857185791729073, "CVEGEO_2": "1900600010173", "CVE_ENT": "19", "CVE_MUN": "006", "CVE_LOC": "0001", "CVE_ASEN": "0173", "CP": "66646", "FECHA_ACT": "11/2024", "INSTITUCIO": "SECRETARÍA DE DESARROLLO URBANO, OBRAS PÚBLICAS, ECOLOGÍA Y TRANSPORTE DE APODACA", "NOM_ASEN": "PUEBLO NUEVO TERCER SECTOR", "TIPO": "COLONIA", "Shape_Leng": 2765.7195235700001, "Shape_Area": 317270.33355500002 }, "geometry": { "type": "Polygon", "coordinates": [ [ [ -100.160437208873375, 25.758215906903313 ], [ -100.161152100351714, 25.758879304319148 ], [ -100.161486219432945, 25.759185744258453 ], [ -100.161744277396238, 25.759417666253327 ], [ -100.161770161038987, 25.759443853336276 ], [ -100.161805515547599, 25.75947070836332 ], [ -100.162091577353991, 25.759706925337053 ], [ -100.162412786342074, 25.75994703512437 ], [ -100.16267928737048, 25.760139823393821 ], [ -100.162762726941139, 25.760189681766342 ], [ -100.162917802440461, 25.760283712079236 ], [ -100.163066419131297, 25.760355626518933 ], [ -100.16310783046967, 25.760366939771355 ], [ -100.163282125898533, 25.76038830165378 ], [ -100.163531932600051, 25.76035145108839 ], [ -100.163621382034776, 25.76031478856169 ], [ -100.163771187727093, 25.760284958604448 ], [ -100.163769062847564, 25.760328495445474 ], [ -100.164102829429481, 25.763487880482842 ], [ -100.164110293704098, 25.763558531992373 ], [ -100.164034873511625, 25.76350325118079 ], [ -100.163898290629376, 25.763426683591938 ], [ -100.163867782252623, 25.763482665464974 ], [ -100.163926157149476, 25.763945852561879 ], [ -100.163918290149454, 25.763942768327905 ], [ -100.162280955536403, 25.763041805589676 ], [ -100.161912978446708, 25.762843775782336 ], [ -100.161181248387209, 25.762449982837257 ], [ -100.160955943102095, 25.762805076617056 ], [ -100.160108471601575, 25.762853074418931 ], [ -100.15964970730704, 25.762901701280903 ], [ -100.158580205175468, 25.762978563486573 ], [ -100.158541848915036, 25.762815820590081 ], [ -100.15844523203296, 25.762421084349501 ], [ -100.158348840325914, 25.762046821476627 ], [ -100.158263974188785, 25.761683914980264 ], [ -100.158182413708502, 25.761322190483238 ], [ -100.158093157194898, 25.76094568430754 ], [ -100.157994159076409, 25.760573073276049 ], [ -100.157902289510233, 25.76019165255769 ], [ -100.157901067503701, 25.760186042416819 ], [ -100.1583641969697, 25.760096300484303 ], [ -100.158520773465696, 25.760064248452281 ], [ -100.15844414779697, 25.759674707205711 ], [ -100.158847586977984, 25.759589755739484 ], [ -100.159292618595003, 25.759493599099894 ], [ -100.159205163073111, 25.759135475766314 ], [ -100.159048941383887, 25.758471357032846 ], [ -100.160412064214228, 25.75819161735998 ], [ -100.160437208873375, 25.758215906903313 ] ] ] } },
{ "type": "Feature", "properties": { "CVEGEO_1": "1900600010422", "Score_Final": 70.851921659260924, "Clasificacion": "Bueno", "Comp_NSE": 81.690293439202904, "Comp_Competencia": 50, "Comp_Accesibilidad": 98.801594777699549, "Comp_Flujo": 50, "Indice_NSE_2025": 74.263903126548087, "Nivel_NSE": "C+", "NSE_Indice_Original": 68.762873265322298, "NSE_Nivel_Original": "C+", "Carnicerias_1km": 19, "Carnicerias_500m": 12, "Carnicerias_2km": 35, "Dist_Competidor_m": 0.0, "Densidad_Competencia_1km": 6.0478878374920226, "Densidad_Competencia_500m": 15.278874536821952, "Densidad_Pobl_2025": 25291.282660991612, "Densidad_Pobl_2010": 20233.026128793292, "Tasa_Crecimiento_Pobl": 0.25, "Porcentaje_Mujeres": 6.5717572620074769, "Poblacion_Total_2010": 6954, "Poblacion_Total_2025": 8692.5, "Num_Cadenas_2km": 14, "Tiene_Cadena_Cerca": 1, "HHI_Concentracion": 497.95918367346945, "Intensidad_Competitiva": 30.25, "Educacion_Normalizado": 58.333333333333336, "Vivienda_Normalizado": 97.437304060933471, "Activos_Normalizado": 58.128440366972477, "Economico_Normalizado": 61.857185791729073, "CVEGEO_2": "1900600010175", "CVE_ENT": "19", "CVE_MUN": "006", "CVE_LOC": "0001", "CVE_ASEN": "0175", "CP": "66646", "FECHA_ACT": "11/2024", "INSTITUCIO": "SECRETARÍA DE DESARROLLO URBANO, OBRAS PÚBLICAS, ECOLOGÍA Y TRANSPORTE DE APODACA", "NOM_ASEN": "PUEBLO NUEVO QUINTO SECTOR", "TIPO": "COLONIA", "Shape_Leng": 3083.1966139199999, "Shape_Area": 559003.02493399999 }, "geometry": { "type": "MultiPolygon", "coordinates": [ [ [ [ -100.159696428129962, 25.756733643504234 ], [ -100.159675888199573, 25.757052412317659 ], [ -100.159758566517013, 25.757207938625399 ], [ -100.159787907996972, 25.757280640630722 ], [ -100.159871461913511, 25.757428059319523 ], [ -100.15978011338801, 25.757273305044521 ], [ -100.159750539151261, 25.757203648499392 ], [ -100.159667859028687, 25.757048122318185 ], [ -100.159547777833041, 25.756737273084461 ], [ -100.159315989284238, 25.755786122956167 ], [ -100.159322646641257, 25.755784785794809 ], [ -100.15950819289823, 25.755749473607661 ], [ -100.159873753927542, 25.755680003800279 ], [ -100.159696428129962, 25.756733643504234 ] ] ], [ [ [ -100.161778189285442, 25.759448143565066 ], [ -100.161805515547599, 25.75947070836332 ], [ -100.161770161038987, 25.759443853336276 ], [ -100.161744277396238, 25.759417666253327 ], [ -100.161778189285442, 25.759448143565066 ] ] ] ] } },
{ "type": "Feature", "properties": { "CVEGEO_1": "1900600010422", "Score_Final": 70.851921659260924, "Clasificacion": "Bueno", "Comp_NSE": 81.690293439202904, "Comp_Competencia": 50, "Comp_Accesibilidad": 98.801594777699549, "Comp_Flujo": 50, "Indice_NSE_2025": 74.263903126548087, "Nivel_NSE": "C+", "NSE_Indice_Original": 68.762873265322298, "NSE_Nivel_Original": "C+", "Carnicerias_1km": 19, "Carnicerias_500m": 12, "Carnicerias_2km": 35, "Dist_Competidor_m": 0.0, "Densidad_Competencia_1km": 6.0478878374920226, "Densidad_Competencia_500m": 15.278874536821952, "Densidad_Pobl_2025": 25291.282660991612, "Densidad_Pobl_2010": 20233.026128793292, "Tasa_Crecimiento_Pobl": 0.25, "Porcentaje_Mujeres": 6.5717572620074769, "Poblacion_Total_2010": 6954, "Poblacion_Total_2025": 8692.5, "Num_Cadenas_2km": 14, "Tiene_Cadena_Cerca": 1, "HHI_Concentracion": 497.95918367346945, "Intensidad_Competitiva": 30.25, "Educacion_Normalizado": 58.333333333333336, "Vivienda_Normalizado": 97.437304060933471, "Activos_Normalizado": 58.128440366972477, "Economico_Normalizado": 61.857185791729073, "CVEGEO_2": "1900600010227", "CVE_ENT": "19", "CVE_MUN": "006", "CVE_LOC": "0001", "CVE_ASEN": "0227", "CP": "00000", "FECHA_ACT": "11/2024", "INSTITUCIO": "SECRETARÍA DE DESARROLLO URBANO, OBRAS PÚBLICAS, ECOLOGÍA Y TRANSPORTE DE APODACA", "NOM_ASEN": "NINGUNO", "TIPO": "NINGUNO", "Shape_Leng": 4736.69916225, "Shape_Area": 834216.94993899995 }, "geometry": { "type": "MultiPolygon", "coordinates": [ [ [ [ -100.164276035396938, 25.763917342165488 ], [ -100.164236482887702, 25.763917287149582 ], [ -100.164235568037014, 25.76391300552098 ], [ -100.164268005722377, 25.763913051236617 ], [ -100.164330336420932, 25.76389695984124 ], [ -100.164336817164283, 25.763901651993464 ], [ -100.164276035396938, 25.763917342165488 ] ] ], [ [ [ -100.163926308560718, 25.763947053964184 ], [ -100.16392728989625, 25.7639844417569 ], [ -100.162294351344315, 25.763070696359037 ], [ -100.161914523170154, 25.762852782402156 ], [ -100.161047958331253, 25.762919507771969 ], [ -100.160890432412074, 25.762899124492129 ], [ -100.16025778079694, 25.762940041414023 ], [ -100.160094030157964, 25.762950591350368 ], [ -100.159660248031642, 25.762983858797512 ], [ -100.15859889039146, 25.763057843534636 ], [ -100.158580205175468, 25.762978563486573 ], [ -100.15964970730704, 25.762901701280903 ], [ -100.160108471601575, 25.762853074418931 ], [ -100.160955943102095, 25.762805076617056 ], [ -100.161181248387209, 25.762449982837257 ], [ -100.161912978446708, 25.762843775782336 ], [ -100.162280955536403, 25.763041805589676 ], [ -100.163918290149454, 25.763942768327905 ], [ -100.163926157149476, 25.763945852561879 ], [ -100.163926308560718, 25.763947053964184 ] ] ] ] } },
{ "type": "Feature", "properties": { "CVEGEO_1": "1900600010437", "Score_Final": 71.231837951028069, "Clasificacion": "Bueno", "Comp_NSE": 82.859710105532358, "Comp_Competencia": 50, "Comp_Accesibilidad": 98.654697070458724, "Comp_Flujo": 50, "Indice_NSE_2025": 75.32700918684759, "Nivel_NSE": "C+", "NSE_Indice_Original": 69.747230728562585, "NSE_Nivel_Original": "C+", "Carnicerias_1km": 16, "Carnicerias_500m": 10, "Carnicerias_2km": 34, "Dist_Competidor_m": 146.71789443077293, "Densidad_Competencia_1km": 5.0929581789406511, "Densidad_Competencia_500m": 12.732395447351628, "Densidad_Pobl_2025": 32517.565367631574, "Densidad_Pobl_2010": 26014.052294105259, "Tasa_Crecimiento_Pobl": 0.25, "Porcentaje_Mujeres": 7.2147651006711415, "Poblacion_Total_2010": 5364, "Poblacion_Total_2025": 6705.0, "Num_Cadenas_2km": 15, "Tiene_Cadena_Cerca": 1, "HHI_Concentracion": 570.93425605536311, "Intensidad_Competitiva": 26.5, "Educacion_Normalizado": 58.830845771144268, "Vivienda_Normalizado": 98.840543522860258, "Activos_Normalizado": 59.802752293577988, "Economico_Normalizado": 62.185765215548685, "CVEGEO_2": "1900600010172", "CVE_ENT": "19", "CVE_MUN": "006", "CVE_LOC": "0001", "CVE_ASEN": "0172", "CP": "66646", "FECHA_ACT": "11/2024", "INSTITUCIO": "SECRETARÍA DE DESARROLLO URBANO, OBRAS PÚBLICAS, ECOLOGÍA Y TRANSPORTE DE APODACA", "NOM_ASEN": "PUEBLO NUEVO SEGUNDO SECTOR", "TIPO": "COLONIA", "Shape_Leng": 1911.4663302199999, "Shape_Area": 199098.31680299999 }, "geometry": { "type": "Polygon", "coordinates": [ [ [ -100.155233660563297, 25.760109383411962 ], [ -100.155438915864039, 25.759910527996599 ], [ -100.155428542196546, 25.75982919942215 ], [ -100.155416928042087, 25.759738145399666 ], [ -100.155226409202541, 25.759775557713791 ], [ -100.155218471858163, 25.759775370499373 ], [ -100.155218382814368, 25.759771266091271 ], [ -100.15522190443653, 25.759724589466416 ], [ -100.155014924601147, 25.758141328929696 ], [ -100.155010904391517, 25.758110578361229 ], [ -100.155007951149443, 25.758082699083261 ], [ -100.154858979113612, 25.756676572481464 ], [ -100.1548492134675, 25.756654475121561 ], [ -100.154854884952101, 25.756653433912213 ], [ -100.15500431325016, 25.75662600067179 ], [ -100.155073801177736, 25.756611620705211 ], [ -100.155320111801899, 25.756562322708056 ], [ -100.155743766877862, 25.756479783165563 ], [ -100.156152201573406, 25.756401087887454 ], [ -100.156561497058362, 25.756321549712499 ], [ -100.156970271800446, 25.756243584054896 ], [ -100.15730313222798, 25.757680428051248 ], [ -100.157682626182847, 25.759294041087667 ], [ -100.157703878828542, 25.759359228517415 ], [ -100.157732910474735, 25.759448276049707 ], [ -100.157821669406502, 25.759821531673371 ], [ -100.157901067503701, 25.760186042416819 ], [ -100.157894260832663, 25.760187361365102 ], [ -100.156685581862291, 25.760421815178457 ], [ -100.15625837188999, 25.760501586606445 ], [ -100.15550910952426, 25.760644745955599 ], [ -100.155308901713454, 25.760683550039889 ], [ -100.155304332482444, 25.760651811778278 ], [ -100.15523665739893, 25.760181679557849 ], [ -100.15522715818544, 25.76011568301579 ], [ -100.155233660563297, 25.760109383411962 ] ] ] } },
{ "type": "Feature", "properties": { "CVEGEO_1": "1900600010437", "Score_Final": 71.231837951028069, "Clasificacion": "Bueno", "Comp_NSE": 82.859710105532358, "Comp_Competencia": 50, "Comp_Accesibilidad": 98.654697070458724, "Comp_Flujo": 50, "Indice_NSE_2025": 75.32700918684759, "Nivel_NSE": "C+", "NSE_Indice_Original": 69.747230728562585, "NSE_Nivel_Original": "C+", "Carnicerias_1km": 16, "Carnicerias_500m": 10, "Carnicerias_2km": 34, "Dist_Competidor_m": 146.71789443077293, "Densidad_Competencia_1km": 5.0929581789406511, "Densidad_Competencia_500m": 12.732395447351628, "Densidad_Pobl_2025": 32517.565367631574, "Densidad_Pobl_2010": 26014.052294105259, "Tasa_Crecimiento_Pobl": 0.25, "Porcentaje_Mujeres": 7.2147651006711415, "Poblacion_Total_2010": 5364, "Poblacion_Total_2025": 6705.0, "Num_Cadenas_2km": 15, "Tiene_Cadena_Cerca": 1, "HHI_Concentracion": 570.93425605536311, "Intensidad_Competitiva": 26.5, "Educacion_Normalizado": 58.830845771144268, "Vivienda_Normalizado": 98.840543522860258, "Activos_Normalizado": 59.802752293577988, "Economico_Normalizado": 62.185765215548685, "CVEGEO_2": "1900600010173", "CVE_ENT": "19", "CVE_MUN": "006", "CVE_LOC": "0001", "CVE_ASEN": "0173", "CP": "66646", "FECHA_ACT": "11/2024", "INSTITUCIO": "SECRETARÍA DE DESARROLLO URBANO, OBRAS PÚBLICAS, ECOLOGÍA Y TRANSPORTE DE APODACA", "NOM_ASEN": "PUEBLO NUEVO TERCER SECTOR", "TIPO": "COLONIA", "Shape_Leng": 2765.7195235700001, "Shape_Area": 317270.33355500002 }, "geometry": { "type": "Polygon", "coordinates": [ [ [ -100.157902289510233, 25.76019165255769 ], [ -100.157994159076409, 25.760573073276049 ], [ -100.158093157194898, 25.76094568430754 ], [ -100.158182413708502, 25.761322190483238 ], [ -100.158263974188785, 25.761683914980264 ], [ -100.158348840325914, 25.762046821476627 ], [ -100.15844523203296, 25.762421084349501 ], [ -100.158541848915036, 25.762815820590081 ], [ -100.158580205175468, 25.762978563486573 ], [ -100.158574143552642, 25.7629789991189 ], [ -100.158169129961252, 25.763003155534062 ], [ -100.157742658502769, 25.763036974770852 ], [ -100.157313505134226, 25.763063545602808 ], [ -100.156887032991122, 25.763099780580315 ], [ -100.155792692913721, 25.7631794949104 ], [ -100.155583480609351, 25.763201235454734 ], [ -100.155534454978323, 25.763174715365047 ], [ -100.155389261107118, 25.761496433259762 ], [ -100.155385843956708, 25.761456919153904 ], [ -100.155382140006068, 25.761419685523709 ], [ -100.15531378181727, 25.760732608311052 ], [ -100.155308901713454, 25.760683550039889 ], [ -100.15550910952426, 25.760644745955599 ], [ -100.15625837188999, 25.760501586606445 ], [ -100.156685581862291, 25.760421815178457 ], [ -100.157894260832663, 25.760187361365102 ], [ -100.157901067503701, 25.760186042416819 ], [ -100.157902289510233, 25.76019165255769 ] ] ] } },
{ "type": "Feature", "properties": { "CVEGEO_1": "1900600010437", "Score_Final": 71.231837951028069, "Clasificacion": "Bueno", "Comp_NSE": 82.859710105532358, "Comp_Competencia": 50, "Comp_Accesibilidad": 98.654697070458724, "Comp_Flujo": 50, "Indice_NSE_2025": 75.32700918684759, "Nivel_NSE": "C+", "NSE_Indice_Original": 69.747230728562585, "NSE_Nivel_Original": "C+", "Carnicerias_1km": 16, "Carnicerias_500m": 10, "Carnicerias_2km": 34, "Dist_Competidor_m": 146.71789443077293, "Densidad_Competencia_1km": 5.0929581789406511, "Densidad_Competencia_500m": 12.732395447351628, "Densidad_Pobl_2025": 32517.565367631574, "Densidad_Pobl_2010": 26014.052294105259, "Tasa_Crecimiento_Pobl": 0.25, "Porcentaje_Mujeres": 7.2147651006711415, "Poblacion_Total_2010": 5364, "Poblacion_Total_2025": 6705.0, "Num_Cadenas_2km": 15, "Tiene_Cadena_Cerca": 1, "HHI_Concentracion": 570.93425605536311, "Intensidad_Competitiva": 26.5, "Educacion_Normalizado": 58.830845771144268, "Vivienda_Normalizado": 98.840543522860258, "Activos_Normalizado": 59.802752293577988, "Economico_Normalizado": 62.185765215548685, "CVEGEO_2": "1900600010194", "CVE_ENT": "19", "CVE_MUN": "006", "CVE_LOC": "0001", "CVE_ASEN": "0194", "CP": "66646", "FECHA_ACT": "11/2024", "INSTITUCIO": "SECRETARÍA DE DESARROLLO URBANO, OBRAS PÚBLICAS, ECOLOGÍA Y TRANSPORTE DE APODACA", "NOM_ASEN": "SAN ISIDRO I", "TIPO": "COLONIA", "Shape_Leng": 1331.3291442300001, "Shape_Area": 112520.329902 }, "geometry": { "type": "Polygon", "coordinates": [ [ [ -100.155001201016603, 25.759770245833916 ], [ -100.154957143093327, 25.759369981794173 ], [ -100.154916698919706, 25.758988114312078 ], [ -100.15487529023811, 25.758609139159446 ], [ -100.154827003033333, 25.758153854790596 ], [ -100.15466569007188, 25.756688167582752 ], [ -100.1548492134675, 25.756654475121561 ], [ -100.154858979113612, 25.756676572481464 ], [ -100.155007951149443, 25.758082699083261 ], [ -100.155010904391517, 25.758110578361229 ], [ -100.155014924601147, 25.758141328929696 ], [ -100.15522190443653, 25.759724589466416 ], [ -100.155218382814368, 25.759771266091271 ], [ -100.155211187331659, 25.759775198682661 ], [ -100.155001201016603, 25.759770245833916 ] ] ] } },
{ "type": "Feature", "properties": { "CVEGEO_1": "1900600010437", "Score_Final": 71.231837951028069, "Clasificacion": "Bueno", "Comp_NSE": 82.859710105532358, "Comp_Competencia": 50, "Comp_Accesibilidad": 98.654697070458724, "Comp_Flujo": 50, "Indice_NSE_2025": 75.32700918684759, "Nivel_NSE": "C+", "NSE_Indice_Original": 69.747230728562585, "NSE_Nivel_Original": "C+", "Carnicerias_1km": 16, "Carnicerias_500m": 10, "Carnicerias_2km": 34, "Dist_Competidor_m": 146.71789443077293, "Densidad_Competencia_1km": 5.0929581789406511, "Densidad_Competencia_500m": 12.732395447351628, "Densidad_Pobl_2025": 32517.565367631574, "Densidad_Pobl_2010": 26014.052294105259, "Tasa_Crecimiento_Pobl": 0.25, "Porcentaje_Mujeres": 7.2147651006711415, "Poblacion_Total_2010": 5364, "Poblacion_Total_2025": 6705.0, "Num_Cadenas_2km": 15, "Tiene_Cadena_Cerca": 1, "HHI_Concentracion": 570.93425605536311, "Intensidad_Competitiva": 26.5, "Educacion_Normalizado": 58.830845771144268, "Vivienda_Normalizado": 98.840543522860258, "Activos_Normalizado": 59.802752293577988, "Economico_Normalizado": 62.185765215548685, "CVEGEO_2": "1900600010195", "CVE_ENT": "19", "CVE_MUN": "006", "CVE_LOC": "0001", "CVE_ASEN": "0195", "CP": "66646", "FECHA_ACT": "11/2024", "INSTITUCIO": "SECRETARÍA DE DESARROLLO URBANO, OBRAS PÚBLICAS, ECOLOGÍA Y TRANSPORTE DE APODACA", "NOM_ASEN": "SAN ISIDRO II", "TIPO": "COLONIA", "Shape_Leng": 1715.90194802, "Shape_Area": 162218.02342700001 }, "geometry": { "type": "MultiPolygon", "coordinates": [ [ [ [ -100.155318425794476, 25.762823982659867 ], [ -100.155281697071388, 25.762472871490097 ], [ -100.155243111926993, 25.762093953376983 ], [ -100.15519671776778, 25.761714784444919 ], [ -100.155170148495472, 25.761495822113211 ], [ -100.155154297544016, 25.761312830776959 ], [ -100.155091853635028, 25.760731464905458 ], [ -100.155034705256497, 25.760302134378001 ], [ -100.15522715818544, 25.76011568301579 ], [ -100.15523665739893, 25.760181679557849 ], [ -100.155304332482444, 25.760651811778278 ], [ -100.155308901713454, 25.760683550039889 ], [ -100.15531378181727, 25.760732608311052 ], [ -100.155382140006068, 25.761419685523709 ], [ -100.155385843956708, 25.761456919153904 ], [ -100.155389261107118, 25.761496433259762 ], [ -100.155534454978323, 25.763174715365047 ], [ -100.155583480609351, 25.763201235454734 ], [ -100.155586832546746, 25.763253028455036 ], [ -100.155547896897289, 25.763255591226148 ], [ -100.155367405561691, 25.763263493304848 ], [ -100.155318425794476, 25.762823982659867 ] ] ], [ [ [ -100.155211187331659, 25.759775198682661 ], [ -100.155218382814368, 25.759771266091271 ], [ -100.155218471858163, 25.759775370499373 ], [ -100.155211187331659, 25.759775198682661 ] ] ] ] } },
{ "type": "Feature", "properties": { "CVEGEO_1": "1900600010437", "Score_Final": 71.231837951028069, "Clasificacion": "Bueno", "Comp_NSE": 82.859710105532358, "Comp_Competencia": 50, "Comp_Accesibilidad": 98.654697070458724, "Comp_Flujo": 50, "Indice_NSE_2025": 75.32700918684759, "Nivel_NSE": "C+", "NSE_Indice_Original": 69.747230728562585, "NSE_Nivel_Original": "C+", "Carnicerias_1km": 16, "Carnicerias_500m": 10, "Carnicerias_2km": 34, "Dist_Competidor_m": 146.71789443077293, "Densidad_Competencia_1km": 5.0929581789406511, "Densidad_Competencia_500m": 12.732395447351628, "Densidad_Pobl_2025": 32517.565367631574, "Densidad_Pobl_2010": 26014.052294105259, "Tasa_Crecimiento_Pobl": 0.25, "Porcentaje_Mujeres": 7.2147651006711415, "Poblacion_Total_2010": 5364, "Poblacion_Total_2025": 6705.0, "Num_Cadenas_2km": 15, "Tiene_Cadena_Cerca": 1, "HHI_Concentracion": 570.93425605536311, "Intensidad_Competitiva": 26.5, "Educacion_Normalizado": 58.830845771144268, "Vivienda_Normalizado": 98.840543522860258, "Activos_Normalizado": 59.802752293577988, "Economico_Normalizado": 62.185765215548685, "CVEGEO_2": "1900600010227", "CVE_ENT": "19", "CVE_MUN": "006", "CVE_LOC": "0001", "CVE_ASEN": "0227", "CP": "00000", "FECHA_ACT": "11/2024", "INSTITUCIO": "SECRETARÍA DE DESARROLLO URBANO, OBRAS PÚBLICAS, ECOLOGÍA Y TRANSPORTE DE APODACA", "NOM_ASEN": "NINGUNO", "TIPO": "NINGUNO", "Shape_Leng": 4736.69916225, "Shape_Area": 834216.94993899995 }, "geometry": { "type": "Polygon", "coordinates": [ [ [ -100.15859889039146, 25.763057843534636 ], [ -100.158199090815216, 25.763086184144846 ], [ -100.157764462331741, 25.763111753308582 ], [ -100.15734479865479, 25.763138524650294 ], [ -100.156900802579429, 25.763172333432642 ], [ -100.155800422102558, 25.763238969844206 ], [ -100.155586832546746, 25.763253028455036 ], [ -100.155583480609351, 25.763201235454734 ], [ -100.155792692913721, 25.7631794949104 ], [ -100.156887032991122, 25.763099780580315 ], [ -100.157313505134226, 25.763063545602808 ], [ -100.157742658502769, 25.763036974770852 ], [ -100.158169129961252, 25.763003155534062 ], [ -100.158574143552642, 25.7629789991189 ], [ -100.158580205175468, 25.762978563486573 ], [ -100.15859889039146, 25.763057843534636 ] ] ] } },
{ "type": "Feature", "properties": { "CVEGEO_1": "1900600010511", "Score_Final": 69.283130573088457, "Clasificacion": "Bueno", "Comp_NSE": 76.642485359439547, "Comp_Competencia": 50, "Comp_Accesibilidad": 99.791303486423075, "Comp_Flujo": 50, "Indice_NSE_2025": 69.674986690399578, "Nivel_NSE": "C+", "NSE_Indice_Original": 64.513876565184788, "NSE_Nivel_Original": "C+", "Carnicerias_1km": 22, "Carnicerias_500m": 11, "Carnicerias_2km": 33, "Dist_Competidor_m": 107.23420953542582, "Densidad_Competencia_1km": 7.0028174960433951, "Densidad_Competencia_500m": 14.00563499208679, "Densidad_Pobl_2025": 1356.6196216003734, "Densidad_Pobl_2010": 1085.2956972802988, "Tasa_Crecimiento_Pobl": 0.25, "Porcentaje_Mujeres": 3.2569360675512664, "Poblacion_Total_2010": 829, "Poblacion_Total_2025": 1036.25, "Num_Cadenas_2km": 6, "Tiene_Cadena_Cerca": 1, "HHI_Concentracion": 321.39577594123045, "Intensidad_Competitiva": 30.25, "Educacion_Normalizado": 33.582089552238806, "Vivienda_Normalizado": 93.824446393309117, "Activos_Normalizado": 75.472477064220186, "Economico_Normalizado": 60.575094175654101, "CVEGEO_2": "1900600010017", "CVE_ENT": "19", "CVE_MUN": "006", "CVE_LOC": "0001", "CVE_ASEN": "0017", "CP": "66600", "FECHA_ACT": "11/2024", "INSTITUCIO": "SECRETARÍA DE DESARROLLO URBANO, OBRAS PÚBLICAS, ECOLOGÍA Y TRANSPORTE DE APODACA", "NOM_ASEN": "CABECERA MUNICIPAL (APODACA)", "TIPO": "COLONIA", "Shape_Leng": 10463.263806000001, "Shape_Area": 1836887.27205 }, "geometry": { "type": "Polygon", "coordinates": [ [ [ -100.189791823023896, 25.78617364984639 ], [ -100.189566606165528, 25.785791446881067 ], [ -100.190435197284316, 25.785388425662521 ], [ -100.191372367989089, 25.784949680601777 ], [ -100.191450698623797, 25.785018291203325 ], [ -100.191692661902408, 25.785323550050741 ], [ -100.191929527653059, 25.785627478675 ], [ -100.190893161147187, 25.786133681464861 ], [ -100.190030814980929, 25.786565493502742 ], [ -100.189791823023896, 25.78617364984639 ] ] ] } },
{ "type": "Feature", "properties": { "CVEGEO_1": "1900600010526", "Score_Final": 69.101826806325889, "Clasificacion": "Bueno", "Comp_NSE": 76.136385597409799, "Comp_Competencia": 50, "Comp_Accesibilidad": 99.770459236162296, "Comp_Flujo": 50, "Indice_NSE_2025": 69.214895997645272, "Nivel_NSE": "C+", "NSE_Indice_Original": 64.087866664486356, "NSE_Nivel_Original": "C+", "Carnicerias_1km": 20, "Carnicerias_500m": 11, "Carnicerias_2km": 28, "Dist_Competidor_m": 0.0, "Densidad_Competencia_1km": 6.366197723675814, "Densidad_Competencia_500m": 14.00563499208679, "Densidad_Pobl_2025": 1384.3242970244801, "Densidad_Pobl_2010": 1107.4594376195842, "Tasa_Crecimiento_Pobl": 0.25, "Porcentaje_Mujeres": 2.7139874739039667, "Poblacion_Total_2010": 479, "Poblacion_Total_2025": 598.75, "Num_Cadenas_2km": 6, "Tiene_Cadena_Cerca": 1, "HHI_Concentracion": 357.14285714285711, "Intensidad_Competitiva": 28.0, "Educacion_Normalizado": 33.208955223880594, "Vivienda_Normalizado": 94.7228387433167, "Activos_Normalizado": 76.009174311926614, "Economico_Normalizado": 57.210884167556756, "CVEGEO_2": "1900600010017", "CVE_ENT": "19", "CVE_MUN": "006", "CVE_LOC": "0001", "CVE_ASEN": "0017", "CP": "66600", "FECHA_ACT": "11/2024", "INSTITUCIO": "SECRETARÍA DE DESARROLLO URBANO, OBRAS PÚBLICAS, ECOLOGÍA Y TRANSPORTE DE APODACA", "NOM_ASEN": "CABECERA MUNICIPAL (APODACA)", "TIPO": "COLONIA", "Shape_Leng": 10463.263806000001, "Shape_Area": 1836887.27205 }, "geometry": { "type": "Polygon", "coordinates": [ [ [ -100.181911146356981, 25.782561855794331 ], [ -100.182381045375806, 25.783317163627448 ], [ -100.18287571456078, 25.784109844782083 ], [ -100.183355776686213, 25.784886698852425 ], [ -100.18292242318573, 25.785112835967201 ], [ -100.182482289491134, 25.785330645709056 ], [ -100.182042197900657, 25.785554317552574 ], [ -100.181580621350207, 25.785788906603639 ], [ -100.181870619356275, 25.786271942831245 ], [ -100.182045061756185, 25.786574126753873 ], [ -100.182984665494772, 25.786098249673181 ], [ -100.183842035797014, 25.785668154620527 ], [ -100.184328545530576, 25.786450119514218 ], [ -100.184792242330289, 25.787199739392026 ], [ -100.184788156377707, 25.787201828202335 ], [ -100.18416209641947, 25.787516535600336 ], [ -100.183975694407366, 25.787615774390616 ], [ -100.183640620689388, 25.787780265479967 ], [ -100.183381749378128, 25.7879125955603 ], [ -100.183193905172118, 25.788000215307989 ], [ -100.183085962692871, 25.788101994166652 ], [ -100.18257457298931, 25.787328677393624 ], [ -100.182037026950283, 25.786569830140913 ], [ -100.181862584396171, 25.786267646222807 ], [ -100.181572587212543, 25.78578461047001 ], [ -100.182034163305374, 25.785550022273881 ], [ -100.181539498028641, 25.784778329849292 ], [ -100.181093814859892, 25.785009297177549 ], [ -100.179681761334322, 25.782668749640088 ], [ -100.1806736347677, 25.782162646296424 ], [ -100.181041948087795, 25.781974736235895 ], [ -100.181424409727697, 25.781783506750998 ], [ -100.18142845618182, 25.781781447864873 ], [ -100.1814324432559, 25.781787802000849 ], [ -100.181911146356981, 25.782561855794331 ] ], [ [ -100.182867679007927, 25.784105549494015 ], [ -100.182415336183851, 25.784335120030796 ], [ -100.181980309729028, 25.784556460360317 ], [ -100.182474254669316, 25.785326349263787 ], [ -100.182914388662454, 25.785108540008519 ], [ -100.183347741327736, 25.784882403688854 ], [ -100.182867679007927, 25.784105549494015 ] ] ] } },
{ "type": "Feature", "properties": { "CVEGEO_1": "1900600010526", "Score_Final": 69.101826806325889, "Clasificacion": "Bueno", "Comp_NSE": 76.136385597409799, "Comp_Competencia": 50, "Comp_Accesibilidad": 99.770459236162296, "Comp_Flujo": 50, "Indice_NSE_2025": 69.214895997645272, "Nivel_NSE": "C+", "NSE_Indice_Original": 64.087866664486356, "NSE_Nivel_Original": "C+", "Carnicerias_1km": 20, "Carnicerias_500m": 11, "Carnicerias_2km": 28, "Dist_Competidor_m": 0.0, "Densidad_Competencia_1km": 6.366197723675814, "Densidad_Competencia_500m": 14.00563499208679, "Densidad_Pobl_2025": 1384.3242970244801, "Densidad_Pobl_2010": 1107.4594376195842, "Tasa_Crecimiento_Pobl": 0.25, "Porcentaje_Mujeres": 2.7139874739039667, "Poblacion_Total_2010": 479, "Poblacion_Total_2025": 598.75, "Num_Cadenas_2km": 6, "Tiene_Cadena_Cerca": 1, "HHI_Concentracion": 357.14285714285711, "Intensidad_Competitiva": 28.0, "Educacion_Normalizado": 33.208955223880594, "Vivienda_Normalizado": 94.7228387433167, "Activos_Normalizado": 76.009174311926614, "Economico_Normalizado": 57.210884167556756, "CVEGEO_2": "1900600010057", "CVE_ENT": "19", "CVE_MUN": "006", "CVE_LOC": "0001", "CVE_ASEN": "0057", "CP": "66600", "FECHA_ACT": "11/2024", "INSTITUCIO": "SECRETARÍA DE DESARROLLO URBANO, OBRAS PÚBLICAS, ECOLOGÍA Y TRANSPORTE DE APODACA", "NOM_ASEN": "FUTURO APODACA", "TIPO": "COLONIA", "Shape_Leng": 786.03416387499999, "Shape_Area": 38603.597633799996 }, "geometry": { "type": "Polygon", "coordinates": [ [ [ -100.180955120583363, 25.781028862239257 ], [ -100.181186040712504, 25.781403624193896 ], [ -100.181424409727697, 25.781783506750998 ], [ -100.181041948087795, 25.781974736235895 ], [ -100.1806736347677, 25.782162646296424 ], [ -100.179681761334322, 25.782668749640088 ], [ -100.179231584291117, 25.781919714837738 ], [ -100.178745912078284, 25.781120101423742 ], [ -100.179725088219442, 25.780616348045733 ], [ -100.180099863400514, 25.780427616318953 ], [ -100.180465582240956, 25.780243842424099 ], [ -100.180955120583363, 25.781028862239257 ] ] ] } },
{ "type": "Feature", "properties": { "CVEGEO_1": "1900600010526", "Score_Final": 69.101826806325889, "Clasificacion": "Bueno", "Comp_NSE": 76.136385597409799, "Comp_Competencia": 50, "Comp_Accesibilidad": 99.770459236162296, "Comp_Flujo": 50, "Indice_NSE_2025": 69.214895997645272, "Nivel_NSE": "C+", "NSE_Indice_Original": 64.087866664486356, "NSE_Nivel_Original": "C+", "Carnicerias_1km": 20, "Carnicerias_500m": 11, "Carnicerias_2km": 28, "Dist_Competidor_m": 0.0, "Densidad_Competencia_1km": 6.366197723675814, "Densidad_Competencia_500m": 14.00563499208679, "Densidad_Pobl_2025": 1384.3242970244801, "Densidad_Pobl_2010": 1107.4594376195842, "Tasa_Crecimiento_Pobl": 0.25, "Porcentaje_Mujeres": 2.7139874739039667, "Poblacion_Total_2010": 479, "Poblacion_Total_2025": 598.75, "Num_Cadenas_2km": 6, "Tiene_Cadena_Cerca": 1, "HHI_Concentracion": 357.14285714285711, "Intensidad_Competitiva": 28.0, "Educacion_Normalizado": 33.208955223880594, "Vivienda_Normalizado": 94.7228387433167, "Activos_Normalizado": 76.009174311926614, "Economico_Normalizado": 57.210884167556756, "CVEGEO_2": "1900600010136", "CVE_ENT": "19", "CVE_MUN": "006", "CVE_LOC": "0001", "CVE_ASEN": "0136", "CP": "66600", "FECHA_ACT": "11/2024", "INSTITUCIO": "SECRETARÍA DE DESARROLLO URBANO, OBRAS PÚBLICAS, ECOLOGÍA Y TRANSPORTE DE APODACA", "NOM_ASEN": "MODERNO APODACA SEGUNDO SECTOR", "TIPO": "COLONIA", "Shape_Leng": 993.47481594600004, "Shape_Area": 58902.742470199999 }, "geometry": { "type": "Polygon", "coordinates": [ [ [ -100.180473616293639, 25.780248136903062 ], [ -100.180963155346674, 25.781033157497859 ], [ -100.181194075079318, 25.781407918462698 ], [ -100.18142845618182, 25.781781447864873 ], [ -100.181424409727697, 25.781783506750998 ], [ -100.181186040712504, 25.781403624193896 ], [ -100.180955120583363, 25.781028862239257 ], [ -100.180465582240956, 25.780243842424099 ], [ -100.180469665264852, 25.780241733965944 ], [ -100.180473616293639, 25.780248136903062 ] ] ] } },
{ "type": "Feature", "properties": { "CVEGEO_1": "1900600010526", "Score_Final": 69.101826806325889, "Clasificacion": "Bueno", "Comp_NSE": 76.136385597409799, "Comp_Competencia": 50, "Comp_Accesibilidad": 99.770459236162296, "Comp_Flujo": 50, "Indice_NSE_2025": 69.214895997645272, "Nivel_NSE": "C+", "NSE_Indice_Original": 64.087866664486356, "NSE_Nivel_Original": "C+", "Carnicerias_1km": 20, "Carnicerias_500m": 11, "Carnicerias_2km": 28, "Dist_Competidor_m": 0.0, "Densidad_Competencia_1km": 6.366197723675814, "Densidad_Competencia_500m": 14.00563499208679, "Densidad_Pobl_2025": 1384.3242970244801, "Densidad_Pobl_2010": 1107.4594376195842, "Tasa_Crecimiento_Pobl": 0.25, "Porcentaje_Mujeres": 2.7139874739039667, "Poblacion_Total_2010": 479, "Poblacion_Total_2025": 598.75, "Num_Cadenas_2km": 6, "Tiene_Cadena_Cerca": 1, "HHI_Concentracion": 357.14285714285711, "Intensidad_Competitiva": 28.0, "Educacion_Normalizado": 33.208955223880594, "Vivienda_Normalizado": 94.7228387433167, "Activos_Normalizado": 76.009174311926614, "Economico_Normalizado": 57.210884167556756, "CVEGEO_2": "1900600010137", "CVE_ENT": "19", "CVE_MUN": "006", "CVE_LOC": "0001", "CVE_ASEN": "0137", "CP": "66600", "FECHA_ACT": "11/2024", "INSTITUCIO": "SECRETARÍA DE DESARROLLO URBANO, OBRAS PÚBLICAS, ECOLOGÍA Y TRANSPORTE DE APODACA", "NOM_ASEN": "MODERNO APODACA PRIMER SECTOR", "TIPO": "COLONIA", "Shape_Leng": 1638.9048142900001, "Shape_Area": 90313.813643000001 }, "geometry": { "type": "Polygon", "coordinates": [ [ [ -100.179620464374267, 25.778872295638326 ], [ -100.180000141958317, 25.779484314507446 ], [ -100.180243291016907, 25.779874877596441 ], [ -100.180469665264852, 25.780241733965944 ], [ -100.180465582240956, 25.780243842424099 ], [ -100.180235258258378, 25.7798705823825 ], [ -100.179992107264042, 25.779480019849547 ], [ -100.179615954279868, 25.778873680758711 ], [ -100.179620464374267, 25.778872295638326 ] ] ] } },
{ "type": "Feature", "properties": { "CVEGEO_1": "1900600010526", "Score_Final": 69.101826806325889, "Clasificacion": "Bueno", "Comp_NSE": 76.136385597409799, "Comp_Competencia": 50, "Comp_Accesibilidad": 99.770459236162296, "Comp_Flujo": 50, "Indice_NSE_2025": 69.214895997645272, "Nivel_NSE": "C+", "NSE_Indice_Original": 64.087866664486356, "NSE_Nivel_Original": "C+", "Carnicerias_1km": 20, "Carnicerias_500m": 11, "Carnicerias_2km": 28, "Dist_Competidor_m": 0.0, "Densidad_Competencia_1km": 6.366197723675814, "Densidad_Competencia_500m": 14.00563499208679, "Densidad_Pobl_2025": 1384.3242970244801, "Densidad_Pobl_2010": 1107.4594376195842, "Tasa_Crecimiento_Pobl": 0.25, "Porcentaje_Mujeres": 2.7139874739039667, "Poblacion_Total_2010": 479, "Poblacion_Total_2025": 598.75, "Num_Cadenas_2km": 6, "Tiene_Cadena_Cerca": 1, "HHI_Concentracion": 357.14285714285711, "Intensidad_Competitiva": 28.0, "Educacion_Normalizado": 33.208955223880594, "Vivienda_Normalizado": 94.7228387433167, "Activos_Normalizado": 76.009174311926614, "Economico_Normalizado": 57.210884167556756, "CVEGEO_2": "1900600010240", "CVE_ENT": "19", "CVE_MUN": "006", "CVE_LOC": "0001", "CVE_ASEN": "0240", "CP": "66600", "FECHA_ACT": "11/2024", "INSTITUCIO": "SECRETARÍA DE DESARROLLO URBANO, OBRAS PÚBLICAS, ECOLOGÍA Y TRANSPORTE DE APODACA", "NOM_ASEN": "NINGUNO", "TIPO": "NINGUNO", "Shape_Leng": 2629.2390024599999, "Shape_Area": 232120.56033099999 }, "geometry": { "type": "Polygon", "coordinates": [ [ [ -100.180307529846061, 25.787424554105758 ], [ -100.175649183330108, 25.779992192411122 ], [ -100.177726452578312, 25.779442493521028 ], [ -100.178175693856986, 25.779316004519032 ], [ -100.178621857576886, 25.779178983371985 ], [ -100.179615954279868, 25.778873680758711 ], [ -100.179992107264042, 25.779480019849547 ], [ -100.180235258258378, 25.7798705823825 ], [ -100.180465582240956, 25.780243842424099 ], [ -100.180099863400514, 25.780427616318953 ], [ -100.179725088219442, 25.780616348045733 ], [ -100.178745912078284, 25.781120101423742 ], [ -100.179231584291117, 25.781919714837738 ], [ -100.179681761334322, 25.782668749640088 ], [ -100.181093814859892, 25.785009297177549 ], [ -100.181572587212543, 25.78578461047001 ], [ -100.181862584396171, 25.786267646222807 ], [ -100.182037026950283, 25.786569830140913 ], [ -100.181367319119943, 25.786880554772068 ], [ -100.181347100455952, 25.786899130870726 ], [ -100.180307529846061, 25.787424554105758 ] ] ] } },
{ "type": "Feature", "properties": { "CVEGEO_1": "1900600010530", "Score_Final": 44.840679489529052, "Clasificacion": "Aceptable", "Comp_NSE": 6.9858314348804971, "Comp_Competencia": 50, "Comp_Accesibilidad": 99.478192436604374, "Comp_Flujo": 50, "Indice_NSE_2025": 6.9858314348804971, "Nivel_NSE": "D/E", "NSE_Indice_Original": 6.4683624397041637, "NSE_Nivel_Original": "D/E", "Carnicerias_1km": 14, "Carnicerias_500m": 2, "Carnicerias_2km": 48, "Dist_Competidor_m": 299.25465296601055, "Densidad_Competencia_1km": 4.45633840657307, "Densidad_Competencia_500m": 2.5464790894703255, "Densidad_Pobl_2025": 0.0, "Densidad_Pobl_2010": 0.0, "Tasa_Crecimiento_Pobl": null, "Porcentaje_Mujeres": null, "Poblacion_Total_2010": 0, "Poblacion_Total_2025": 0.0, "Num_Cadenas_2km": 14, "Tiene_Cadena_Cerca": 1, "HHI_Concentracion": 251.73611111111109, "Intensidad_Competitiva": 21.0, "Educacion_Normalizado": 1.2437810945273626, "Vivienda_Normalizado": 7.8022183986262066, "Activos_Normalizado": 0.91743119266055051, "Economico_Normalizado": 19.576578567621326, "CVEGEO_2": "1900600010093", "CVE_ENT": "19", "CVE_MUN": "006", "CVE_LOC": "0001", "CVE_ASEN": "0093", "CP": "66603", "FECHA_ACT": "11/2024", "INSTITUCIO": "SECRETARÍA DE DESARROLLO URBANO, OBRAS PÚBLICAS, ECOLOGÍA Y TRANSPORTE DE APODACA", "NOM_ASEN": "PARQUE INDUSTRIAL KRONOS", "TIPO": "ZONA INDUSTRIAL", "Shape_Leng": 6436.8204981199997, "Shape_Area": 1142901.50312 }, "geometry": { "type": "Polygon", "coordinates": [ [ [ -100.163058983598432, 25.771734725270022 ], [ -100.163026003667113, 25.771698457182602 ], [ -100.162989318821289, 25.771658114753254 ], [ -100.160692278073356, 25.769131977520072 ], [ -100.160669356762028, 25.769106748883829 ], [ -100.160940856905469, 25.768863577407995 ], [ -100.161023034440234, 25.768816968186677 ], [ -100.161079232641924, 25.768804907581035 ], [ -100.161431457026438, 25.768788517570627 ], [ -100.161684157798959, 25.768682260978249 ], [ -100.162315395807937, 25.76863870915955 ], [ -100.162336375366721, 25.768665170827333 ], [ -100.16320912591479, 25.76976593953334 ], [ -100.16350622166992, 25.770140327137291 ], [ -100.164003394728809, 25.77089081635668 ], [ -100.164031518879128, 25.77093326837424 ], [ -100.164060364834569, 25.770976813510678 ], [ -100.164610601887588, 25.771807389254946 ], [ -100.163653865757126, 25.772381729641022 ], [ -100.16364997280003, 25.772384631887562 ], [ -100.163058983598432, 25.771734725270022 ] ] ] } },
{ "type": "Feature", "properties": { "CVEGEO_1": "1900600010530", "Score_Final": 44.840679489529052, "Clasificacion": "Aceptable", "Comp_NSE": 6.9858314348804971, "Comp_Competencia": 50, "Comp_Accesibilidad": 99.478192436604374, "Comp_Flujo": 50, "Indice_NSE_2025": 6.9858314348804971, "Nivel_NSE": "D/E", "NSE_Indice_Original": 6.4683624397041637, "NSE_Nivel_Original": "D/E", "Carnicerias_1km": 14, "Carnicerias_500m": 2, "Carnicerias_2km": 48, "Dist_Competidor_m": 299.25465296601055, "Densidad_Competencia_1km": 4.45633840657307, "Densidad_Competencia_500m": 2.5464790894703255, "Densidad_Pobl_2025": 0.0, "Densidad_Pobl_2010": 0.0, "Tasa_Crecimiento_Pobl": null, "Porcentaje_Mujeres": null, "Poblacion_Total_2010": 0, "Poblacion_Total_2025": 0.0, "Num_Cadenas_2km": 14, "Tiene_Cadena_Cerca": 1, "HHI_Concentracion": 251.73611111111109, "Intensidad_Competitiva": 21.0, "Educacion_Normalizado": 1.2437810945273626, "Vivienda_Normalizado": 7.8022183986262066, "Activos_Normalizado": 0.91743119266055051, "Economico_Normalizado": 19.576578567621326, "CVEGEO_2": "1900600010142", "CVE_ENT": "19", "CVE_MUN": "006", "CVE_LOC": "0001", "CVE_ASEN": "0142", "CP": "66603", "FECHA_ACT": "11/2024", "INSTITUCIO": "SECRETARÍA DE DESARROLLO URBANO, OBRAS PÚBLICAS, ECOLOGÍA Y TRANSPORTE DE APODACA", "NOM_ASEN": "PARQUE INDUSTRIAL MONTERREY", "TIPO": "ZONA INDUSTRIAL", "Shape_Leng": 4585.7059447800002, "Shape_Area": 943880.602312 }, "geometry": { "type": "Polygon", "coordinates": [ [ [ -100.166630886068546, 25.768292337065642 ], [ -100.166554006143329, 25.768123829086658 ], [ -100.168371649989425, 25.767989251653933 ], [ -100.168474613305293, 25.768083237025724 ], [ -100.171014075192531, 25.770896084396661 ], [ -100.171051536940737, 25.770937284299805 ], [ -100.171076066911269, 25.770964262035886 ], [ -100.175773750692628, 25.776130520969041 ], [ -100.175811377220498, 25.776171899201834 ], [ -100.173404560384952, 25.777973288409115 ], [ -100.174709189822423, 25.779417693812093 ], [ -100.175277517280605, 25.780043432705948 ], [ -100.174727870466896, 25.780200434515596 ], [ -100.173678028327259, 25.780524646506333 ], [ -100.172957912350199, 25.780747030790721 ], [ -100.171606293968424, 25.781164414002447 ], [ -100.171560513140733, 25.781082852164872 ], [ -100.169052377325869, 25.778325163056341 ], [ -100.166875460735, 25.775931505343319 ], [ -100.166825144067531, 25.775876177401393 ], [ -100.166777593221298, 25.775823890676524 ], [ -100.165798033346434, 25.774746756324816 ], [ -100.163655543633013, 25.772390758092939 ], [ -100.16364997280003, 25.772384631887562 ], [ -100.163653865757126, 25.772381729641022 ], [ -100.164610601887588, 25.771807389254946 ], [ -100.164060364834569, 25.770976813510678 ], [ -100.164031518879128, 25.77093326837424 ], [ -100.164003394728809, 25.77089081635668 ], [ -100.16350622166992, 25.770140327137291 ], [ -100.16320912591479, 25.76976593953334 ], [ -100.162336375366721, 25.768665170827333 ], [ -100.162315395807937, 25.76863870915955 ], [ -100.162319781727845, 25.768638406556118 ], [ -100.165495925840347, 25.768419228776612 ], [ -100.165627331745682, 25.768409407784379 ], [ -100.165729112458195, 25.76836056801686 ], [ -100.165836155438683, 25.768346302138863 ], [ -100.166110351383367, 25.768326655017688 ], [ -100.166630886068546, 25.768292337065642 ] ] ] } },
{ "type": "Feature", "properties": { "CVEGEO_1": "1900600010530", "Score_Final": 44.840679489529052, "Clasificacion": "Aceptable", "Comp_NSE": 6.9858314348804971, "Comp_Competencia": 50, "Comp_Accesibilidad": 99.478192436604374, "Comp_Flujo": 50, "Indice_NSE_2025": 6.9858314348804971, "Nivel_NSE": "D/E", "NSE_Indice_Original": 6.4683624397041637, "NSE_Nivel_Original": "D/E", "Carnicerias_1km": 14, "Carnicerias_500m": 2, "Carnicerias_2km": 48, "Dist_Competidor_m": 299.25465296601055, "Densidad_Competencia_1km": 4.45633840657307, "Densidad_Competencia_500m": 2.5464790894703255, "Densidad_Pobl_2025": 0.0, "Densidad_Pobl_2010": 0.0, "Tasa_Crecimiento_Pobl": null, "Porcentaje_Mujeres": null, "Poblacion_Total_2010": 0, "Poblacion_Total_2025": 0.0, "Num_Cadenas_2km": 14, "Tiene_Cadena_Cerca": 1, "HHI_Concentracion": 251.73611111111109, "Intensidad_Competitiva": 21.0, "Educacion_Normalizado": 1.2437810945273626, "Vivienda_Normalizado": 7.8022183986262066, "Activos_Normalizado": 0.91743119266055051, "Economico_Normalizado": 19.576578567621326, "CVEGEO_2": "1900600010240", "CVE_ENT": "19", "CVE_MUN": "006", "CVE_LOC": "0001", "CVE_ASEN": "0240", "CP": "66600", "FECHA_ACT": "11/2024", "INSTITUCIO": "SECRETARÍA DE DESARROLLO URBANO, OBRAS PÚBLICAS, ECOLOGÍA Y TRANSPORTE DE APODACA", "NOM_ASEN": "NINGUNO", "TIPO": "NINGUNO", "Shape_Leng": 2629.2390024599999, "Shape_Area": 232120.56033099999 }, "geometry": { "type": "Polygon", "coordinates": [ [ [ -100.178621857576886, 25.779178983371985 ], [ -100.178175693856986, 25.779316004519032 ], [ -100.177726452578312, 25.779442493521028 ], [ -100.175649183330108, 25.779992192411122 ], [ -100.175645920184863, 25.779986634737838 ], [ -100.177718419552406, 25.779438198629748 ], [ -100.178167660587349, 25.779311710671291 ], [ -100.17861382486484, 25.779174688651612 ], [ -100.178616933514817, 25.779173733936101 ], [ -100.178621857576886, 25.779178983371985 ] ] ] } },
{ "type": "Feature", "properties": { "CVEGEO_1": "1900600010530", "Score_Final": 44.840679489529052, "Clasificacion": "Aceptable", "Comp_NSE": 6.9858314348804971, "Comp_Competencia": 50, "Comp_Accesibilidad": 99.478192436604374, "Comp_Flujo": 50, "Indice_NSE_2025": 6.9858314348804971, "Nivel_NSE": "D/E", "NSE_Indice_Original": 6.4683624397041637, "NSE_Nivel_Original": "D/E", "Carnicerias_1km": 14, "Carnicerias_500m": 2, "Carnicerias_2km": 48, "Dist_Competidor_m": 299.25465296601055, "Densidad_Competencia_1km": 4.45633840657307, "Densidad_Competencia_500m": 2.5464790894703255, "Densidad_Pobl_2025": 0.0, "Densidad_Pobl_2010": 0.0, "Tasa_Crecimiento_Pobl": null, "Porcentaje_Mujeres": null, "Poblacion_Total_2010": 0, "Poblacion_Total_2025": 0.0, "Num_Cadenas_2km": 14, "Tiene_Cadena_Cerca": 1, "HHI_Concentracion": 251.73611111111109, "Intensidad_Competitiva": 21.0, "Educacion_Normalizado": 1.2437810945273626, "Vivienda_Normalizado": 7.8022183986262066, "Activos_Normalizado": 0.91743119266055051, "Economico_Normalizado": 19.576578567621326, "CVEGEO_2": "1900600010241", "CVE_ENT": "19", "CVE_MUN": "006", "CVE_LOC": "0001", "CVE_ASEN": "0241", "CP": "00000", "FECHA_ACT": "11/2024", "INSTITUCIO": "SECRETARÍA DE DESARROLLO URBANO, OBRAS PÚBLICAS, ECOLOGÍA Y TRANSPORTE DE APODACA", "NOM_ASEN": "NINGUNO", "TIPO": "NINGUNO", "Shape_Leng": 9310.7570935599997, "Shape_Area": 3306396.4154300001 }, "geometry": { "type": "Polygon", "coordinates": [ [ [ -100.168374727381348, 25.767989023805388 ], [ -100.168482644837795, 25.768087530295368 ], [ -100.171022107265159, 25.770900376782784 ], [ -100.17105956777786, 25.770941576357398 ], [ -100.171084098415804, 25.770968555460914 ], [ -100.175781782091178, 25.776134815143166 ], [ -100.175819409805499, 25.776176193571519 ], [ -100.175854935607475, 25.776215260539487 ], [ -100.17708245689343, 25.777565001988879 ], [ -100.177128113846905, 25.77753087040897 ], [ -100.178485905633963, 25.779034047951118 ], [ -100.178616933514817, 25.779173733936101 ], [ -100.17861382486484, 25.779174688651612 ], [ -100.178167660587349, 25.779311710671291 ], [ -100.177718419552406, 25.779438198629748 ], [ -100.175645920184863, 25.779986634737838 ], [ -100.175618137992387, 25.779939317092598 ], [ -100.175613513235959, 25.779940824575071 ], [ -100.175610107894457, 25.779935024826582 ], [ -100.175277517280605, 25.780043432705948 ], [ -100.174709189822423, 25.779417693812093 ], [ -100.173404560384952, 25.777973288409115 ], [ -100.175811377220498, 25.776171899201834 ], [ -100.175773750692628, 25.776130520969041 ], [ -100.171076066911269, 25.770964262035886 ], [ -100.171051536940737, 25.770937284299805 ], [ -100.171014075192531, 25.770896084396661 ], [ -100.168474613305293, 25.768083237025724 ], [ -100.168371649989425, 25.767989251653933 ], [ -100.168374727381348, 25.767989023805388 ] ] ] } },
{ "type": "Feature", "properties": { "CVEGEO_1": "1900600010530", "Score_Final": 44.840679489529052, "Clasificacion": "Aceptable", "Comp_NSE": 6.9858314348804971, "Comp_Competencia": 50, "Comp_Accesibilidad": 99.478192436604374, "Comp_Flujo": 50, "Indice_NSE_2025": 6.9858314348804971, "Nivel_NSE": "D/E", "NSE_Indice_Original": 6.4683624397041637, "NSE_Nivel_Original": "D/E", "Carnicerias_1km": 14, "Carnicerias_500m": 2, "Carnicerias_2km": 48, "Dist_Competidor_m": 299.25465296601055, "Densidad_Competencia_1km": 4.45633840657307, "Densidad_Competencia_500m": 2.5464790894703255, "Densidad_Pobl_2025": 0.0, "Densidad_Pobl_2010": 0.0, "Tasa_Crecimiento_Pobl": null, "Porcentaje_Mujeres": null, "Poblacion_Total_2010": 0, "Poblacion_Total_2025": 0.0, "Num_Cadenas_2km": 14, "Tiene_Cadena_Cerca": 1, "HHI_Concentracion": 251.73611111111109, "Intensidad_Competitiva": 21.0, "Educacion_Normalizado": 1.2437810945273626, "Vivienda_Normalizado": 7.8022183986262066, "Activos_Normalizado": 0.91743119266055051, "Economico_Normalizado": 19.576578567621326, "CVEGEO_2": "1900600010476", "CVE_ENT": "19", "CVE_MUN": "006", "CVE_LOC": "0001", "CVE_ASEN": "0476", "CP": "66603", "FECHA_ACT": "11/2024", "INSTITUCIO": "SECRETARÍA DE DESARROLLO URBANO, OBRAS PÚBLICAS, ECOLOGÍA Y TRANSPORTE DE APODACA", "NOM_ASEN": "PARQUE INDUSTRIAL AGUA FRÍA", "TIPO": "ZONA INDUSTRIAL", "Shape_Leng": 11371.738709699999, "Shape_Area": 3496621.3430400002 }, "geometry": { "type": "Polygon", "coordinates": [ [ [ -100.175285550971211, 25.780047726932892 ], [ -100.174735902743677, 25.780204729955482 ], [ -100.173686057887721, 25.780528943183818 ], [ -100.171609534952694, 25.781170188049046 ], [ -100.171606293968424, 25.781164414002447 ], [ -100.172957912350199, 25.780747030790721 ], [ -100.173678028327259, 25.780524646506333 ], [ -100.174727870466896, 25.780200434515596 ], [ -100.175277517280605, 25.780043432705948 ], [ -100.175610107894457, 25.779935024826582 ], [ -100.175613513235959, 25.779940824575071 ], [ -100.175285550971211, 25.780047726932892 ] ] ] } },
{ "type": "Feature", "properties": { "CVEGEO_1": "1900600010564", "Score_Final": 71.048674181287282, "Clasificacion": "Bueno", "Comp_NSE": 81.888197276992443, "Comp_Competencia": 50, "Comp_Accesibilidad": 99.439025671699653, "Comp_Flujo": 50, "Indice_NSE_2025": 74.443815706356759, "Nivel_NSE": "C+", "NSE_Indice_Original": 68.929458987367369, "NSE_Nivel_Original": "C+", "Carnicerias_1km": 21, "Carnicerias_500m": 12, "Carnicerias_2km": 44, "Dist_Competidor_m": 16.062922990232938, "Densidad_Competencia_1km": 6.6845076098596046, "Densidad_Competencia_500m": 15.278874536821952, "Densidad_Pobl_2025": 6381.5184414456253, "Densidad_Pobl_2010": 5105.2147531565006, "Tasa_Crecimiento_Pobl": 0.25, "Porcentaje_Mujeres": 6.3847661719406323, "Poblacion_Total_2010": 7142, "Poblacion_Total_2025": 8927.5, "Num_Cadenas_2km": 17, "Tiene_Cadena_Cerca": 1, "HHI_Concentracion": 382.23140495867767, "Intensidad_Competitiva": 33.5, "Educacion_Normalizado": 59.825870646766163, "Vivienda_Normalizado": 97.157082135611745, "Activos_Normalizado": 58.36697247706423, "Economico_Normalizado": 60.503420700842646, "CVEGEO_2": "1900600010075", "CVE_ENT": "19", "CVE_MUN": "006", "CVE_LOC": "0001", "CVE_ASEN": "0075", "CP": "66645", "FECHA_ACT": "11/2024", "INSTITUCIO": "SECRETARÍA DE DESARROLLO URBANO, OBRAS PÚBLICAS, ECOLOGÍA Y TRANSPORTE DE APODACA", "NOM_ASEN": "PARQUE INDUSTRIAL EL HUINALÁ I", "TIPO": "ZONA INDUSTRIAL", "Shape_Leng": 1375.9022515300001, "Shape_Area": 118582.917023 }, "geometry": { "type": "Polygon", "coordinates": [ [ [ -100.172416000389219, 25.759423685108267 ], [ -100.17284932079032, 25.760448018219705 ], [ -100.172988190032427, 25.760803109715347 ], [ -100.173010288202136, 25.760870391403493 ], [ -100.173563347964588, 25.762259787322634 ], [ -100.173661302284046, 25.762524613126086 ], [ -100.17365553985681, 25.762526456859938 ], [ -100.173555316352477, 25.7622554956193 ], [ -100.173002257481684, 25.760866099549926 ], [ -100.172980159007622, 25.760798819454507 ], [ -100.172841290041859, 25.760443728449548 ], [ -100.172410383773311, 25.759425101704188 ], [ -100.172416000389219, 25.759423685108267 ] ] ] } },
{ "type": "Feature", "properties": { "CVEGEO_1": "1900600010564", "Score_Final": 71.048674181287282, "Clasificacion": "Bueno", "Comp_NSE": 81.888197276992443, "Comp_Competencia": 50, "Comp_Accesibilidad": 99.439025671699653, "Comp_Flujo": 50, "Indice_NSE_2025": 74.443815706356759, "Nivel_NSE": "C+", "NSE_Indice_Original": 68.929458987367369, "NSE_Nivel_Original": "C+", "Carnicerias_1km": 21, "Carnicerias_500m": 12, "Carnicerias_2km": 44, "Dist_Competidor_m": 16.062922990232938, "Densidad_Competencia_1km": 6.6845076098596046, "Densidad_Competencia_500m": 15.278874536821952, "Densidad_Pobl_2025": 6381.5184414456253, "Densidad_Pobl_2010": 5105.2147531565006, "Tasa_Crecimiento_Pobl": 0.25, "Porcentaje_Mujeres": 6.3847661719406323, "Poblacion_Total_2010": 7142, "Poblacion_Total_2025": 8927.5, "Num_Cadenas_2km": 17, "Tiene_Cadena_Cerca": 1, "HHI_Concentracion": 382.23140495867767, "Intensidad_Competitiva": 33.5, "Educacion_Normalizado": 59.825870646766163, "Vivienda_Normalizado": 97.157082135611745, "Activos_Normalizado": 58.36697247706423, "Economico_Normalizado": 60.503420700842646, "CVEGEO_2": "1900600010093", "CVE_ENT": "19", "CVE_MUN": "006", "CVE_LOC": "0001", "CVE_ASEN": "0093", "CP": "66603", "FECHA_ACT": "11/2024", "INSTITUCIO": "SECRETARÍA DE DESARROLLO URBANO, OBRAS PÚBLICAS, ECOLOGÍA Y TRANSPORTE DE APODACA", "NOM_ASEN": "PARQUE INDUSTRIAL KRONOS", "TIPO": "ZONA INDUSTRIAL", "Shape_Leng": 6436.8204981199997, "Shape_Area": 1142901.50312 }, "geometry": { "type": "Polygon", "coordinates": [ [ [ -100.166033561102878, 25.768161739032244 ], [ -100.165990736503545, 25.76805363915549 ], [ -100.165939948339769, 25.767931031893529 ], [ -100.16433389462172, 25.768056887986063 ], [ -100.157669209571281, 25.768539925741457 ], [ -100.156132840618199, 25.768656825145072 ], [ -100.155052144138054, 25.768736260804612 ], [ -100.154531941834009, 25.768772147727255 ], [ -100.154528428200422, 25.768767544133965 ], [ -100.155044116380751, 25.76873196764739 ], [ -100.156141009460327, 25.768651301215495 ], [ -100.15766118225666, 25.768535632952119 ], [ -100.164325864420249, 25.768052595420844 ], [ -100.165931918117309, 25.767926739857501 ], [ -100.166185969865722, 25.767897672063533 ], [ -100.166456219657661, 25.76787163570798 ], [ -100.168316848217302, 25.767672845848594 ], [ -100.168366697086554, 25.767984730622199 ], [ -100.166545976403981, 25.768119535918004 ], [ -100.166622855072916, 25.768288044996105 ], [ -100.166108173401, 25.768321977549302 ], [ -100.166033561102878, 25.768161739032244 ] ] ] } },
{ "type": "Feature", "properties": { "CVEGEO_1": "1900600010564", "Score_Final": 71.048674181287282, "Clasificacion": "Bueno", "Comp_NSE": 81.888197276992443, "Comp_Competencia": 50, "Comp_Accesibilidad": 99.439025671699653, "Comp_Flujo": 50, "Indice_NSE_2025": 74.443815706356759, "Nivel_NSE": "C+", "NSE_Indice_Original": 68.929458987367369, "NSE_Nivel_Original": "C+", "Carnicerias_1km": 21, "Carnicerias_500m": 12, "Carnicerias_2km": 44, "Dist_Competidor_m": 16.062922990232938, "Densidad_Competencia_1km": 6.6845076098596046, "Densidad_Competencia_500m": 15.278874536821952, "Densidad_Pobl_2025": 6381.5184414456253, "Densidad_Pobl_2010": 5105.2147531565006, "Tasa_Crecimiento_Pobl": 0.25, "Porcentaje_Mujeres": 6.3847661719406323, "Poblacion_Total_2010": 7142, "Poblacion_Total_2025": 8927.5, "Num_Cadenas_2km": 17, "Tiene_Cadena_Cerca": 1, "HHI_Concentracion": 382.23140495867767, "Intensidad_Competitiva": 33.5, "Educacion_Normalizado": 59.825870646766163, "Vivienda_Normalizado": 97.157082135611745, "Activos_Normalizado": 58.36697247706423, "Economico_Normalizado": 60.503420700842646, "CVEGEO_2": "1900600010125", "CVE_ENT": "19", "CVE_MUN": "006", "CVE_LOC": "0001", "CVE_ASEN": "0125", "CP": "66646", "FECHA_ACT": "11/2024", "INSTITUCIO": "SECRETARÍA DE DESARROLLO URBANO, OBRAS PÚBLICAS, ECOLOGÍA Y TRANSPORTE DE APODACA", "NOM_ASEN": "MILENIUM RESIDENCIAL", "TIPO": "COLONIA", "Shape_Leng": 2200.04898164, "Shape_Area": 184721.98815300001 }, "geometry": { "type": "Polygon", "coordinates": [ [ [ -100.150726821458122, 25.763740586609519 ], [ -100.151253661701219, 25.763620279495804 ], [ -100.151597108058098, 25.76358959582506 ], [ -100.1518254221359, 25.76356919766862 ], [ -100.151829965761124, 25.763613312152192 ], [ -100.151862145857891, 25.763813498722307 ], [ -100.151992332353089, 25.764482713024858 ], [ -100.152020240345649, 25.764599531236271 ], [ -100.152178030800101, 25.765687743057452 ], [ -100.150726821458122, 25.763740586609519 ] ] ] } },
{ "type": "Feature", "properties": { "CVEGEO_1": "1900600010564", "Score_Final": 71.048674181287282, "Clasificacion": "Bueno", "Comp_NSE": 81.888197276992443, "Comp_Competencia": 50, "Comp_Accesibilidad": 99.439025671699653, "Comp_Flujo": 50, "Indice_NSE_2025": 74.443815706356759, "Nivel_NSE": "C+", "NSE_Indice_Original": 68.929458987367369, "NSE_Nivel_Original": "C+", "Carnicerias_1km": 21, "Carnicerias_500m": 12, "Carnicerias_2km": 44, "Dist_Competidor_m": 16.062922990232938, "Densidad_Competencia_1km": 6.6845076098596046, "Densidad_Competencia_500m": 15.278874536821952, "Densidad_Pobl_2025": 6381.5184414456253, "Densidad_Pobl_2010": 5105.2147531565006, "Tasa_Crecimiento_Pobl": 0.25, "Porcentaje_Mujeres": 6.3847661719406323, "Poblacion_Total_2010": 7142, "Poblacion_Total_2025": 8927.5, "Num_Cadenas_2km": 17, "Tiene_Cadena_Cerca": 1, "HHI_Concentracion": 382.23140495867767, "Intensidad_Competitiva": 33.5, "Educacion_Normalizado": 59.825870646766163, "Vivienda_Normalizado": 97.157082135611745, "Activos_Normalizado": 58.36697247706423, "Economico_Normalizado": 60.503420700842646, "CVEGEO_2": "1900600010142", "CVE_ENT": "19", "CVE_MUN": "006", "CVE_LOC": "0001", "CVE_ASEN": "0142", "CP": "66603", "FECHA_ACT": "11/2024", "INSTITUCIO": "SECRETARÍA DE DESARROLLO URBANO, OBRAS PÚBLICAS, ECOLOGÍA Y TRANSPORTE DE APODACA", "NOM_ASEN": "PARQUE INDUSTRIAL MONTERREY", "TIPO": "ZONA INDUSTRIAL", "Shape_Leng": 4585.7059447800002, "Shape_Area": 943880.602312 }, "geometry": { "type": "Polygon", "coordinates": [ [ [ -100.166554006143329, 25.768123829086658 ], [ -100.166630886068546, 25.768292337065642 ], [ -100.166110351383367, 25.768326655017688 ], [ -100.166108173401, 25.768321977549302 ], [ -100.166622855072916, 25.768288044996105 ], [ -100.166545976403981, 25.768119535918004 ], [ -100.168366697086554, 25.767984730622199 ], [ -100.168371649989425, 25.767989251653933 ], [ -100.166554006143329, 25.768123829086658 ] ] ] } },
{ "type": "Feature", "properties": { "CVEGEO_1": "1900600010564", "Score_Final": 71.048674181287282, "Clasificacion": "Bueno", "Comp_NSE": 81.888197276992443, "Comp_Competencia": 50, "Comp_Accesibilidad": 99.439025671699653, "Comp_Flujo": 50, "Indice_NSE_2025": 74.443815706356759, "Nivel_NSE": "C+", "NSE_Indice_Original": 68.929458987367369, "NSE_Nivel_Original": "C+", "Carnicerias_1km": 21, "Carnicerias_500m": 12, "Carnicerias_2km": 44, "Dist_Competidor_m": 16.062922990232938, "Densidad_Competencia_1km": 6.6845076098596046, "Densidad_Competencia_500m": 15.278874536821952, "Densidad_Pobl_2025": 6381.5184414456253, "Densidad_Pobl_2010": 5105.2147531565006, "Tasa_Crecimiento_Pobl": 0.25, "Porcentaje_Mujeres": 6.3847661719406323, "Poblacion_Total_2010": 7142, "Poblacion_Total_2025": 8927.5, "Num_Cadenas_2km": 17, "Tiene_Cadena_Cerca": 1, "HHI_Concentracion": 382.23140495867767, "Intensidad_Competitiva": 33.5, "Educacion_Normalizado": 59.825870646766163, "Vivienda_Normalizado": 97.157082135611745, "Activos_Normalizado": 58.36697247706423, "Economico_Normalizado": 60.503420700842646, "CVEGEO_2": "1900600010171", "CVE_ENT": "19", "CVE_MUN": "006", "CVE_LOC": "0001", "CVE_ASEN": "0171", "CP": "66646", "FECHA_ACT": "11/2024", "INSTITUCIO": "SECRETARÍA DE DESARROLLO URBANO, OBRAS PÚBLICAS, ECOLOGÍA Y TRANSPORTE DE APODACA", "NOM_ASEN": "PUEBLO NUEVO PRIMER SECTOR", "TIPO": "COLONIA", "Shape_Leng": 1838.9417030699999, "Shape_Area": 194677.52374800001 }, "geometry": { "type": "MultiPolygon", "coordinates": [ [ [ [ -100.164118505455804, 25.763564550967978 ], [ -100.164187255599643, 25.763686896585352 ], [ -100.164235568037014, 25.76391300552098 ], [ -100.164228454033662, 25.763912995494952 ], [ -100.164179225436328, 25.763682605247002 ], [ -100.164110476288272, 25.763560260204123 ], [ -100.164110293704098, 25.763558531992373 ], [ -100.164118505455804, 25.763564550967978 ] ] ], [ [ [ -100.164338366899358, 25.7639012519457 ], [ -100.164426888084293, 25.763965341849879 ], [ -100.164310210151655, 25.762802623542978 ], [ -100.16418921170559, 25.761683836870837 ], [ -100.16464606935908, 25.761646238014634 ], [ -100.165071940610062, 25.761606699850532 ], [ -100.165485116672826, 25.761579767720878 ], [ -100.165855481026369, 25.761545246471147 ], [ -100.166288903584274, 25.761509688039649 ], [ -100.167678829060733, 25.761396585033118 ], [ -100.167758639802841, 25.76176169300124 ], [ -100.167835766298111, 25.762139806396959 ], [ -100.16784281697079, 25.762139298212407 ], [ -100.167843795985789, 25.762144097929113 ], [ -100.168150265547098, 25.762122009355462 ], [ -100.168275876593583, 25.762248809852633 ], [ -100.168594974189418, 25.762540391200027 ], [ -100.169478362254836, 25.763416917854808 ], [ -100.169101877208817, 25.763616545267084 ], [ -100.168729478997832, 25.763807340458605 ], [ -100.168537452489673, 25.763905187692711 ], [ -100.168419779587254, 25.764053693979722 ], [ -100.16831213051185, 25.764217912754802 ], [ -100.167994297741316, 25.764204636954648 ], [ -100.166576411591691, 25.764130638873468 ], [ -100.166123491728399, 25.76413041617781 ], [ -100.164875341639259, 25.764052976992772 ], [ -100.164466345654802, 25.764012643310565 ], [ -100.16441885827038, 25.763961050944751 ], [ -100.164336817164283, 25.763901651993464 ], [ -100.164338366899358, 25.7639012519457 ] ] ] ] } },
{ "type": "Feature", "properties": { "CVEGEO_1": "1900600010564", "Score_Final": 71.048674181287282, "Clasificacion": "Bueno", "Comp_NSE": 81.888197276992443, "Comp_Competencia": 50, "Comp_Accesibilidad": 99.439025671699653, "Comp_Flujo": 50, "Indice_NSE_2025": 74.443815706356759, "Nivel_NSE": "C+", "NSE_Indice_Original": 68.929458987367369, "NSE_Nivel_Original": "C+", "Carnicerias_1km": 21, "Carnicerias_500m": 12, "Carnicerias_2km": 44, "Dist_Competidor_m": 16.062922990232938, "Densidad_Competencia_1km": 6.6845076098596046, "Densidad_Competencia_500m": 15.278874536821952, "Densidad_Pobl_2025": 6381.5184414456253, "Densidad_Pobl_2010": 5105.2147531565006, "Tasa_Crecimiento_Pobl": 0.25, "Porcentaje_Mujeres": 6.3847661719406323, "Poblacion_Total_2010": 7142, "Poblacion_Total_2025": 8927.5, "Num_Cadenas_2km": 17, "Tiene_Cadena_Cerca": 1, "HHI_Concentracion": 382.23140495867767, "Intensidad_Competitiva": 33.5, "Educacion_Normalizado": 59.825870646766163, "Vivienda_Normalizado": 97.157082135611745, "Activos_Normalizado": 58.36697247706423, "Economico_Normalizado": 60.503420700842646, "CVEGEO_2": "1900600010173", "CVE_ENT": "19", "CVE_MUN": "006", "CVE_LOC": "0001", "CVE_ASEN": "0173", "CP": "66646", "FECHA_ACT": "11/2024", "INSTITUCIO": "SECRETARÍA DE DESARROLLO URBANO, OBRAS PÚBLICAS, ECOLOGÍA Y TRANSPORTE DE APODACA", "NOM_ASEN": "PUEBLO NUEVO TERCER SECTOR", "TIPO": "COLONIA", "Shape_Leng": 2765.7195235700001, "Shape_Area": 317270.33355500002 }, "geometry": { "type": "Polygon", "coordinates": [ [ [ -100.163867782252623, 25.763482665464974 ], [ -100.163898290629376, 25.763426683591938 ], [ -100.164034873511625, 25.76350325118079 ], [ -100.164110293704098, 25.763558531992373 ], [ -100.164110476288272, 25.763560260204123 ], [ -100.164179225436328, 25.763682605247002 ], [ -100.164228454033662, 25.763912995494952 ], [ -100.164200937457153, 25.763920202778813 ], [ -100.164079702786523, 25.763971004032413 ], [ -100.164031281116095, 25.763987066100544 ], [ -100.163926157149476, 25.763945852561879 ], [ -100.163867782252623, 25.763482665464974 ] ] ] } },
{ "type": "Feature", "properties": { "CVEGEO_1": "1900600010564", "Score_Final": 71.048674181287282, "Clasificacion": "Bueno", "Comp_NSE": 81.888197276992443, "Comp_Competencia": 50, "Comp_Accesibilidad": 99.439025671699653, "Comp_Flujo": 50, "Indice_NSE_2025": 74.443815706356759, "Nivel_NSE": "C+", "NSE_Indice_Original": 68.929458987367369, "NSE_Nivel_Original": "C+", "Carnicerias_1km": 21, "Carnicerias_500m": 12, "Carnicerias_2km": 44, "Dist_Competidor_m": 16.062922990232938, "Densidad_Competencia_1km": 6.6845076098596046, "Densidad_Competencia_500m": 15.278874536821952, "Densidad_Pobl_2025": 6381.5184414456253, "Densidad_Pobl_2010": 5105.2147531565006, "Tasa_Crecimiento_Pobl": 0.25, "Porcentaje_Mujeres": 6.3847661719406323, "Poblacion_Total_2010": 7142, "Poblacion_Total_2025": 8927.5, "Num_Cadenas_2km": 17, "Tiene_Cadena_Cerca": 1, "HHI_Concentracion": 382.23140495867767, "Intensidad_Competitiva": 33.5, "Educacion_Normalizado": 59.825870646766163, "Vivienda_Normalizado": 97.157082135611745, "Activos_Normalizado": 58.36697247706423, "Economico_Normalizado": 60.503420700842646, "CVEGEO_2": "1900600010174", "CVE_ENT": "19", "CVE_MUN": "006", "CVE_LOC": "0001", "CVE_ASEN": "0174", "CP": "66646", "FECHA_ACT": "11/2024", "INSTITUCIO": "SECRETARÍA DE DESARROLLO URBANO, OBRAS PÚBLICAS, ECOLOGÍA Y TRANSPORTE DE APODACA", "NOM_ASEN": "PUEBLO NUEVO CUARTO SECTOR", "TIPO": "COLONIA", "Shape_Leng": 3878.9388214000001, "Shape_Area": 384352.43033300003 }, "geometry": { "type": "MultiPolygon", "coordinates": [ [ [ [ -100.167685797897505, 25.761396017954951 ], [ -100.167766670621816, 25.761765983293138 ], [ -100.16784281697079, 25.762139298212407 ], [ -100.167835766298111, 25.762139806396959 ], [ -100.167758639802841, 25.76176169300124 ], [ -100.167678829060733, 25.761396585033118 ], [ -100.167685797897505, 25.761396017954951 ] ] ], [ [ [ -100.168153791757973, 25.762121755206344 ], [ -100.168283906928394, 25.76225310052407 ], [ -100.168602627801405, 25.76200895619515 ], [ -100.168943447997194, 25.761746474681541 ], [ -100.169081803289288, 25.761632332974017 ], [ -100.169097477885288, 25.76135022068031 ], [ -100.169473818852268, 25.76129724797347 ], [ -100.169892736295111, 25.761249240878005 ], [ -100.170304544369912, 25.761195012061911 ], [ -100.170689400636888, 25.76114978391475 ], [ -100.17080047346397, 25.76110905208715 ], [ -100.170740181772786, 25.76072823791166 ], [ -100.170691053945234, 25.760342132980508 ], [ -100.170628551310941, 25.759940436873684 ], [ -100.170973751644155, 25.759793133970884 ], [ -100.171720887392681, 25.759599003173705 ], [ -100.172410383773311, 25.759425101704188 ], [ -100.172841290041859, 25.760443728449548 ], [ -100.172980159007622, 25.760798819454507 ], [ -100.173002257481684, 25.760866099549926 ], [ -100.173555316352477, 25.7622554956193 ], [ -100.17365553985681, 25.762526456859938 ], [ -100.173945170283403, 25.763242795460037 ], [ -100.174207340267529, 25.763729510459438 ], [ -100.174924459312706, 25.765019525548652 ], [ -100.174954429389089, 25.765097710805605 ], [ -100.172659620471336, 25.765578407722579 ], [ -100.172628392415177, 25.765556823799535 ], [ -100.171024466723509, 25.764448220417055 ], [ -100.170950538387203, 25.764397128306921 ], [ -100.170384148853117, 25.764377538217342 ], [ -100.169782448294029, 25.764352937776376 ], [ -100.169785331150919, 25.764405803449048 ], [ -100.168387121833405, 25.764368969086419 ], [ -100.168365256636449, 25.764327743695642 ], [ -100.168341082931704, 25.764282168871134 ], [ -100.16831213051185, 25.764217912754802 ], [ -100.168419779587254, 25.764053693979722 ], [ -100.168537452489673, 25.763905187692711 ], [ -100.168729478997832, 25.763807340458605 ], [ -100.169101877208817, 25.763616545267084 ], [ -100.169478362254836, 25.763416917854808 ], [ -100.168594974189418, 25.762540391200027 ], [ -100.168275876593583, 25.762248809852633 ], [ -100.168150265547098, 25.762122009355462 ], [ -100.168153791757973, 25.762121755206344 ] ] ] ] } },
{ "type": "Feature", "properties": { "CVEGEO_1": "1900600010564", "Score_Final": 71.048674181287282, "Clasificacion": "Bueno", "Comp_NSE": 81.888197276992443, "Comp_Competencia": 50, "Comp_Accesibilidad": 99.439025671699653, "Comp_Flujo": 50, "Indice_NSE_2025": 74.443815706356759, "Nivel_NSE": "C+", "NSE_Indice_Original": 68.929458987367369, "NSE_Nivel_Original": "C+", "Carnicerias_1km": 21, "Carnicerias_500m": 12, "Carnicerias_2km": 44, "Dist_Competidor_m": 16.062922990232938, "Densidad_Competencia_1km": 6.6845076098596046, "Densidad_Competencia_500m": 15.278874536821952, "Densidad_Pobl_2025": 6381.5184414456253, "Densidad_Pobl_2010": 5105.2147531565006, "Tasa_Crecimiento_Pobl": 0.25, "Porcentaje_Mujeres": 6.3847661719406323, "Poblacion_Total_2010": 7142, "Poblacion_Total_2025": 8927.5, "Num_Cadenas_2km": 17, "Tiene_Cadena_Cerca": 1, "HHI_Concentracion": 382.23140495867767, "Intensidad_Competitiva": 33.5, "Educacion_Normalizado": 59.825870646766163, "Vivienda_Normalizado": 97.157082135611745, "Activos_Normalizado": 58.36697247706423, "Economico_Normalizado": 60.503420700842646, "CVEGEO_2": "1900600010195", "CVE_ENT": "19", "CVE_MUN": "006", "CVE_LOC": "0001", "CVE_ASEN": "0195", "CP": "66646", "FECHA_ACT": "11/2024", "INSTITUCIO": "SECRETARÍA DE DESARROLLO URBANO, OBRAS PÚBLICAS, ECOLOGÍA Y TRANSPORTE DE APODACA", "NOM_ASEN": "SAN ISIDRO II", "TIPO": "COLONIA", "Shape_Leng": 1715.90194802, "Shape_Area": 162218.02342700001 }, "geometry": { "type": "Polygon", "coordinates": [ [ [ -100.151832936928756, 25.763568526278043 ], [ -100.152041329547387, 25.763549907631937 ], [ -100.153322330693641, 25.763437181990479 ], [ -100.155367405561691, 25.763263493304848 ], [ -100.155547896897289, 25.763255591226148 ], [ -100.155586832546746, 25.763253028455036 ], [ -100.155588904952637, 25.763285050568417 ], [ -100.155603606958039, 25.763444145478797 ], [ -100.155536876030538, 25.763448400343734 ], [ -100.151862145857891, 25.763813498722307 ], [ -100.151829965761124, 25.763613312152192 ], [ -100.1518254221359, 25.76356919766862 ], [ -100.151832936928756, 25.763568526278043 ] ] ] } },
{ "type": "Feature", "properties": { "CVEGEO_1": "1900600010564", "Score_Final": 71.048674181287282, "Clasificacion": "Bueno", "Comp_NSE": 81.888197276992443, "Comp_Competencia": 50, "Comp_Accesibilidad": 99.439025671699653, "Comp_Flujo": 50, "Indice_NSE_2025": 74.443815706356759, "Nivel_NSE": "C+", "NSE_Indice_Original": 68.929458987367369, "NSE_Nivel_Original": "C+", "Carnicerias_1km": 21, "Carnicerias_500m": 12, "Carnicerias_2km": 44, "Dist_Competidor_m": 16.062922990232938, "Densidad_Competencia_1km": 6.6845076098596046, "Densidad_Competencia_500m": 15.278874536821952, "Densidad_Pobl_2025": 6381.5184414456253, "Densidad_Pobl_2010": 5105.2147531565006, "Tasa_Crecimiento_Pobl": 0.25, "Porcentaje_Mujeres": 6.3847661719406323, "Poblacion_Total_2010": 7142, "Poblacion_Total_2025": 8927.5, "Num_Cadenas_2km": 17, "Tiene_Cadena_Cerca": 1, "HHI_Concentracion": 382.23140495867767, "Intensidad_Competitiva": 33.5, "Educacion_Normalizado": 59.825870646766163, "Vivienda_Normalizado": 97.157082135611745, "Activos_Normalizado": 58.36697247706423, "Economico_Normalizado": 60.503420700842646, "CVEGEO_2": "1900600010227", "CVE_ENT": "19", "CVE_MUN": "006", "CVE_LOC": "0001", "CVE_ASEN": "0227", "CP": "00000", "FECHA_ACT": "11/2024", "INSTITUCIO": "SECRETARÍA DE DESARROLLO URBANO, OBRAS PÚBLICAS, ECOLOGÍA Y TRANSPORTE DE APODACA", "NOM_ASEN": "NINGUNO", "TIPO": "NINGUNO", "Shape_Leng": 4736.69916225, "Shape_Area": 834216.94993899995 }, "geometry": { "type": "Polygon", "coordinates": [ [ [ -100.155800422102558, 25.763238969844206 ], [ -100.156900802579429, 25.763172333432642 ], [ -100.15734479865479, 25.763138524650294 ], [ -100.157764462331741, 25.763111753308582 ], [ -100.158199090815216, 25.763086184144846 ], [ -100.15859889039146, 25.763057843534636 ], [ -100.159660248031642, 25.762983858797512 ], [ -100.160094030157964, 25.762950591350368 ], [ -100.16025778079694, 25.762940041414023 ], [ -100.160890432412074, 25.762899124492129 ], [ -100.161047958331253, 25.762919507771969 ], [ -100.161914523170154, 25.762852782402156 ], [ -100.162294351344315, 25.763070696359037 ], [ -100.16392728989625, 25.7639844417569 ], [ -100.163926308560718, 25.763947053964184 ], [ -100.163926157149476, 25.763945852561879 ], [ -100.164031281116095, 25.763987066100544 ], [ -100.164079702786523, 25.763971004032413 ], [ -100.164200937457153, 25.763920202778813 ], [ -100.164228454033662, 25.763912995494952 ], [ -100.164235568037014, 25.76391300552098 ], [ -100.164236482887702, 25.763917287149582 ], [ -100.164276035396938, 25.763917342165488 ], [ -100.164336817164283, 25.763901651993464 ], [ -100.16441885827038, 25.763961050944751 ], [ -100.164466345654802, 25.764012643310565 ], [ -100.164875341639259, 25.764052976992772 ], [ -100.166123491728399, 25.76413041617781 ], [ -100.166576411591691, 25.764130638873468 ], [ -100.167994297741316, 25.764204636954648 ], [ -100.16831213051185, 25.764217912754802 ], [ -100.168341082931704, 25.764282168871134 ], [ -100.168365256636449, 25.764327743695642 ], [ -100.168387121833405, 25.764368969086419 ], [ -100.169785331150919, 25.764405803449048 ], [ -100.169782448294029, 25.764352937776376 ], [ -100.170384148853117, 25.764377538217342 ], [ -100.170950538387203, 25.764397128306921 ], [ -100.171006045668989, 25.764435487552046 ], [ -100.171024466723509, 25.764448220417055 ], [ -100.172628392415177, 25.765556823799535 ], [ -100.172659620471336, 25.765578407722579 ], [ -100.174954429389089, 25.765097710805605 ], [ -100.174983330922728, 25.765173674305284 ], [ -100.174989817549729, 25.765397471371411 ], [ -100.174957694994774, 25.765596878908621 ], [ -100.174862575454611, 25.765902570968823 ], [ -100.174769943474232, 25.76605362592327 ], [ -100.174496661961072, 25.766233026469425 ], [ -100.174390527932147, 25.766320749960077 ], [ -100.174346312453622, 25.766437497956211 ], [ -100.174220066384137, 25.766488787834586 ], [ -100.172633212825289, 25.767117358455515 ], [ -100.171907428019097, 25.767384486767163 ], [ -100.171461399190932, 25.767523066932878 ], [ -100.170632017476848, 25.767728353704808 ], [ -100.169937191498917, 25.767839608642927 ], [ -100.169374487548964, 25.767908668935569 ], [ -100.168891568864311, 25.767949644116594 ], [ -100.168366697086554, 25.767984730622199 ], [ -100.168316848217302, 25.767672845848594 ], [ -100.166456219657661, 25.76787163570798 ], [ -100.166185969865722, 25.767897672063533 ], [ -100.165931918117309, 25.767926739857501 ], [ -100.164325864420249, 25.768052595420844 ], [ -100.15766118225666, 25.768535632952119 ], [ -100.156141009460327, 25.768651301215495 ], [ -100.155603606958039, 25.763444145478797 ], [ -100.155588904952637, 25.763285050568417 ], [ -100.155586832546746, 25.763253028455036 ], [ -100.155800422102558, 25.763238969844206 ] ] ] } },
{ "type": "Feature", "properties": { "CVEGEO_1": "1900600010564", "Score_Final": 71.048674181287282, "Clasificacion": "Bueno", "Comp_NSE": 81.888197276992443, "Comp_Competencia": 50, "Comp_Accesibilidad": 99.439025671699653, "Comp_Flujo": 50, "Indice_NSE_2025": 74.443815706356759, "Nivel_NSE": "C+", "NSE_Indice_Original": 68.929458987367369, "NSE_Nivel_Original": "C+", "Carnicerias_1km": 21, "Carnicerias_500m": 12, "Carnicerias_2km": 44, "Dist_Competidor_m": 16.062922990232938, "Densidad_Competencia_1km": 6.6845076098596046, "Densidad_Competencia_500m": 15.278874536821952, "Densidad_Pobl_2025": 6381.5184414456253, "Densidad_Pobl_2010": 5105.2147531565006, "Tasa_Crecimiento_Pobl": 0.25, "Porcentaje_Mujeres": 6.3847661719406323, "Poblacion_Total_2010": 7142, "Poblacion_Total_2025": 8927.5, "Num_Cadenas_2km": 17, "Tiene_Cadena_Cerca": 1, "HHI_Concentracion": 382.23140495867767, "Intensidad_Competitiva": 33.5, "Educacion_Normalizado": 59.825870646766163, "Vivienda_Normalizado": 97.157082135611745, "Activos_Normalizado": 58.36697247706423, "Economico_Normalizado": 60.503420700842646, "CVEGEO_2": "1900600010235", "CVE_ENT": "19", "CVE_MUN": "006", "CVE_LOC": "0001", "CVE_ASEN": "0235", "CP": "00000", "FECHA_ACT": "11/2024", "INSTITUCIO": "SECRETARÍA DE DESARROLLO URBANO, OBRAS PÚBLICAS, ECOLOGÍA Y TRANSPORTE DE APODACA", "NOM_ASEN": "NINGUNO", "TIPO": "NINGUNO", "Shape_Leng": 1736.19136488, "Shape_Area": 172890.44372400001 }, "geometry": { "type": "Polygon", "coordinates": [ [ [ -100.152178030800101, 25.765687743057452 ], [ -100.152020240345649, 25.764599531236271 ], [ -100.151992332353089, 25.764482713024858 ], [ -100.151862145857891, 25.763813498722307 ], [ -100.155536876030538, 25.763448400343734 ], [ -100.155603606958039, 25.763444145478797 ], [ -100.156141009460327, 25.768651301215495 ], [ -100.155044116380751, 25.76873196764739 ], [ -100.154528428200422, 25.768767544133965 ], [ -100.152187224353952, 25.765700078484983 ], [ -100.152178030800101, 25.765687743057452 ] ] ] } },
{ "type": "Feature", "properties": { "CVEGEO_1": "1900600010564", "Score_Final": 71.048674181287282, "Clasificacion": "Bueno", "Comp_NSE": 81.888197276992443, "Comp_Competencia": 50, "Comp_Accesibilidad": 99.439025671699653, "Comp_Flujo": 50, "Indice_NSE_2025": 74.443815706356759, "Nivel_NSE": "C+", "NSE_Indice_Original": 68.929458987367369, "NSE_Nivel_Original": "C+", "Carnicerias_1km": 21, "Carnicerias_500m": 12, "Carnicerias_2km": 44, "Dist_Competidor_m": 16.062922990232938, "Densidad_Competencia_1km": 6.6845076098596046, "Densidad_Competencia_500m": 15.278874536821952, "Densidad_Pobl_2025": 6381.5184414456253, "Densidad_Pobl_2010": 5105.2147531565006, "Tasa_Crecimiento_Pobl": 0.25, "Porcentaje_Mujeres": 6.3847661719406323, "Poblacion_Total_2010": 7142, "Poblacion_Total_2025": 8927.5, "Num_Cadenas_2km": 17, "Tiene_Cadena_Cerca": 1, "HHI_Concentracion": 382.23140495867767, "Intensidad_Competitiva": 33.5, "Educacion_Normalizado": 59.825870646766163, "Vivienda_Normalizado": 97.157082135611745, "Activos_Normalizado": 58.36697247706423, "Economico_Normalizado": 60.503420700842646, "CVEGEO_2": "1900600010241", "CVE_ENT": "19", "CVE_MUN": "006", "CVE_LOC": "0001", "CVE_ASEN": "0241", "CP": "00000", "FECHA_ACT": "11/2024", "INSTITUCIO": "SECRETARÍA DE DESARROLLO URBANO, OBRAS PÚBLICAS, ECOLOGÍA Y TRANSPORTE DE APODACA", "NOM_ASEN": "NINGUNO", "TIPO": "NINGUNO", "Shape_Leng": 9310.7570935599997, "Shape_Area": 3306396.4154300001 }, "geometry": { "type": "Polygon", "coordinates": [ [ [ -100.173663571368763, 25.762530747742556 ], [ -100.173953202507278, 25.763247087839737 ], [ -100.174215372157036, 25.763733801134578 ], [ -100.174932492463157, 25.765023816869149 ], [ -100.174962460715307, 25.76510200225237 ], [ -100.174991363078178, 25.765177965793061 ], [ -100.174997849056908, 25.765401762920085 ], [ -100.174965726917307, 25.76560117094462 ], [ -100.174870607102761, 25.765906863374038 ], [ -100.174777975932798, 25.766057917510427 ], [ -100.174504694387878, 25.766237318512328 ], [ -100.17439856036107, 25.766325041129004 ], [ -100.174354344826341, 25.766441789342114 ], [ -100.174228097178272, 25.766493080113172 ], [ -100.172641243999607, 25.767121650630877 ], [ -100.171915459245284, 25.767388778600072 ], [ -100.17146943053757, 25.767527359423234 ], [ -100.170640049242536, 25.767732646701873 ], [ -100.169945222989753, 25.767843901736061 ], [ -100.169382518275654, 25.767912962014282 ], [ -100.168899599593573, 25.767953936113468 ], [ -100.168374727381348, 25.767989023805388 ], [ -100.168371649989425, 25.767989251653933 ], [ -100.168366697086554, 25.767984730622199 ], [ -100.168891568864311, 25.767949644116594 ], [ -100.169374487548964, 25.767908668935569 ], [ -100.169937191498917, 25.767839608642927 ], [ -100.170632017476848, 25.767728353704808 ], [ -100.171461399190932, 25.767523066932878 ], [ -100.171907428019097, 25.767384486767163 ], [ -100.172633212825289, 25.767117358455515 ], [ -100.174220066384137, 25.766488787834586 ], [ -100.174346312453622, 25.766437497956211 ], [ -100.174390527932147, 25.766320749960077 ], [ -100.174496661961072, 25.766233026469425 ], [ -100.174769943474232, 25.76605362592327 ], [ -100.174862575454611, 25.765902570968823 ], [ -100.174957694994774, 25.765596878908621 ], [ -100.174989817549729, 25.765397471371411 ], [ -100.174983330922728, 25.765173674305284 ], [ -100.174954429389089, 25.765097710805605 ], [ -100.174924459312706, 25.765019525548652 ], [ -100.174207340267529, 25.763729510459438 ], [ -100.173945170283403, 25.763242795460037 ], [ -100.17365553985681, 25.762526456859938 ], [ -100.173661302284046, 25.762524613126086 ], [ -100.173663571368763, 25.762530747742556 ] ] ] } },
{ "type": "Feature", "properties": { "CVEGEO_1": "1900600010598", "Score_Final": 71.427009119921593, "Clasificacion": "Bueno", "Comp_NSE": 83.01211441786873, "Comp_Competencia": 50, "Comp_Accesibilidad": 99.363845368337721, "Comp_Flujo": 50, "Indice_NSE_2025": 75.465558561698842, "Nivel_NSE": "C+", "NSE_Indice_Original": 69.875517186758188, "NSE_Nivel_Original": "C+", "Carnicerias_1km": 27, "Carnicerias_500m": 17, "Carnicerias_2km": 61, "Dist_Competidor_m": 8.2542416790477766, "Densidad_Competencia_1km": 8.5943669269623477, "Densidad_Competencia_500m": 21.645072260497766, "Densidad_Pobl_2025": 13054.994578324804, "Densidad_Pobl_2010": 10443.995662659843, "Tasa_Crecimiento_Pobl": 0.25, "Porcentaje_Mujeres": 3.5602639805488017, "Poblacion_Total_2010": 5758, "Poblacion_Total_2025": 7197.5, "Num_Cadenas_2km": 29, "Tiene_Cadena_Cerca": 1, "HHI_Concentracion": 276.80730986294014, "Intensidad_Competitiva": 45.75, "Educacion_Normalizado": 48.258706467661682, "Vivienda_Normalizado": 97.714787500316319, "Activos_Normalizado": 76.224770642201847, "Economico_Normalizado": 59.565078554150688, "CVEGEO_2": "1900600010077", "CVE_ENT": "19", "CVE_MUN": "006", "CVE_LOC": "0001", "CVE_ASEN": "0077", "CP": "66634", "FECHA_ACT": "11/2024", "INSTITUCIO": "SECRETARÍA DE DESARROLLO URBANO, OBRAS PÚBLICAS, ECOLOGÍA Y TRANSPORTE DE APODACA", "NOM_ASEN": "JACARANDAS PRIMER SECTOR", "TIPO": "COLONIA", "Shape_Leng": 1479.2772343, "Shape_Area": 112681.576042 }, "geometry": { "type": "Polygon", "coordinates": [ [ [ -100.18653933647397, 25.745572694407095 ], [ -100.184705459094914, 25.745262705232932 ], [ -100.184697574283177, 25.745261481778879 ], [ -100.184697425326704, 25.74525841737832 ], [ -100.186531302602944, 25.745568407433392 ], [ -100.187162383415625, 25.745661376292677 ], [ -100.187163120831542, 25.745664588021199 ], [ -100.18653933647397, 25.745572694407095 ] ] ] } },
{ "type": "Feature", "properties": { "CVEGEO_1": "1900600010598", "Score_Final": 71.427009119921593, "Clasificacion": "Bueno", "Comp_NSE": 83.01211441786873, "Comp_Competencia": 50, "Comp_Accesibilidad": 99.363845368337721, "Comp_Flujo": 50, "Indice_NSE_2025": 75.465558561698842, "Nivel_NSE": "C+", "NSE_Indice_Original": 69.875517186758188, "NSE_Nivel_Original": "C+", "Carnicerias_1km": 27, "Carnicerias_500m": 17, "Carnicerias_2km": 61, "Dist_Competidor_m": 8.2542416790477766, "Densidad_Competencia_1km": 8.5943669269623477, "Densidad_Competencia_500m": 21.645072260497766, "Densidad_Pobl_2025": 13054.994578324804, "Densidad_Pobl_2010": 10443.995662659843, "Tasa_Crecimiento_Pobl": 0.25, "Porcentaje_Mujeres": 3.5602639805488017, "Poblacion_Total_2010": 5758, "Poblacion_Total_2025": 7197.5, "Num_Cadenas_2km": 29, "Tiene_Cadena_Cerca": 1, "HHI_Concentracion": 276.80730986294014, "Intensidad_Competitiva": 45.75, "Educacion_Normalizado": 48.258706467661682, "Vivienda_Normalizado": 97.714787500316319, "Activos_Normalizado": 76.224770642201847, "Economico_Normalizado": 59.565078554150688, "CVEGEO_2": "1900600010238", "CVE_ENT": "19", "CVE_MUN": "006", "CVE_LOC": "0001", "CVE_ASEN": "0238", "CP": "66637", "FECHA_ACT": "11/2024", "INSTITUCIO": "SECRETARÍA DE DESARROLLO URBANO, OBRAS PÚBLICAS, ECOLOGÍA Y TRANSPORTE DE APODACA", "NOM_ASEN": "PARQUE INDUSTRIAL MARTEL", "TIPO": "ZONA INDUSTRIAL", "Shape_Leng": 6651.8908830700002, "Shape_Area": 1265346.7303299999 }, "geometry": { "type": "Polygon", "coordinates": [ [ [ -100.190619128172614, 25.746241248321727 ], [ -100.18717041858244, 25.745665663098983 ], [ -100.187163120831542, 25.745664588021199 ], [ -100.187162383415625, 25.745661376292677 ], [ -100.190611093390743, 25.746236961778152 ], [ -100.191936322413156, 25.746458115802177 ], [ -100.191933297513401, 25.746460558323992 ], [ -100.190619128172614, 25.746241248321727 ] ] ] } },
{ "type": "Feature", "properties": { "CVEGEO_1": "1900600010598", "Score_Final": 71.427009119921593, "Clasificacion": "Bueno", "Comp_NSE": 83.01211441786873, "Comp_Competencia": 50, "Comp_Accesibilidad": 99.363845368337721, "Comp_Flujo": 50, "Indice_NSE_2025": 75.465558561698842, "Nivel_NSE": "C+", "NSE_Indice_Original": 69.875517186758188, "NSE_Nivel_Original": "C+", "Carnicerias_1km": 27, "Carnicerias_500m": 17, "Carnicerias_2km": 61, "Dist_Competidor_m": 8.2542416790477766, "Densidad_Competencia_1km": 8.5943669269623477, "Densidad_Competencia_500m": 21.645072260497766, "Densidad_Pobl_2025": 13054.994578324804, "Densidad_Pobl_2010": 10443.995662659843, "Tasa_Crecimiento_Pobl": 0.25, "Porcentaje_Mujeres": 3.5602639805488017, "Poblacion_Total_2010": 5758, "Poblacion_Total_2025": 7197.5, "Num_Cadenas_2km": 29, "Tiene_Cadena_Cerca": 1, "HHI_Concentracion": 276.80730986294014, "Intensidad_Competitiva": 45.75, "Educacion_Normalizado": 48.258706467661682, "Vivienda_Normalizado": 97.714787500316319, "Activos_Normalizado": 76.224770642201847, "Economico_Normalizado": 59.565078554150688, "CVEGEO_2": "1900600010242", "CVE_ENT": "19", "CVE_MUN": "006", "CVE_LOC": "0001", "CVE_ASEN": "0242", "CP": "66634", "FECHA_ACT": "11/2024", "INSTITUCIO": "SECRETARÍA DE DESARROLLO URBANO, OBRAS PÚBLICAS, ECOLOGÍA Y TRANSPORTE DE APODACA", "NOM_ASEN": "PARQUE INDUSTRIAL VILLAS DE HUINALÁ I", "TIPO": "ZONA INDUSTRIAL", "Shape_Leng": 2960.7818807100002, "Shape_Area": 241984.31082700001 }, "geometry": { "type": "Polygon", "coordinates": [ [ [ -100.180007785850009, 25.744945374047152 ], [ -100.180688444933068, 25.744420781726046 ], [ -100.181735381890363, 25.743616958109996 ], [ -100.182211660011887, 25.743301505025062 ], [ -100.182591823457088, 25.74307162601194 ], [ -100.183049870509009, 25.742794649520579 ], [ -100.183628785339707, 25.742484621359115 ], [ -100.184375661466134, 25.74208971876028 ], [ -100.184619736458743, 25.741968917345503 ], [ -100.185419630368571, 25.742795461827441 ], [ -100.185455175318921, 25.742831960807376 ], [ -100.185486147043548, 25.742863767121165 ], [ -100.185964853415328, 25.74335535176505 ], [ -100.18601336659728, 25.743392362872495 ], [ -100.18606794328295, 25.743413844709774 ], [ -100.186445264842106, 25.743611899723124 ], [ -100.186505420224492, 25.743644691278398 ], [ -100.186565422681895, 25.743677822092994 ], [ -100.188842457570118, 25.744764166058921 ], [ -100.188909266603446, 25.744764445841533 ], [ -100.188976073609084, 25.744764727386727 ], [ -100.191292792845033, 25.74427390076486 ], [ -100.191363810910943, 25.744256267051341 ], [ -100.191700116032564, 25.744797019247383 ], [ -100.192168840863076, 25.745541372176465 ], [ -100.192320795776169, 25.745784225183108 ], [ -100.192832194974613, 25.746604619723481 ], [ -100.191936322413156, 25.746458115802177 ], [ -100.190611093390743, 25.746236961778152 ], [ -100.187162383415625, 25.745661376292677 ], [ -100.186531302602944, 25.745568407433392 ], [ -100.184697425326704, 25.74525841737832 ], [ -100.18346357672587, 25.74506696640794 ], [ -100.182906729774771, 25.745029514353085 ], [ -100.180780151778336, 25.744999152836737 ], [ -100.180400280149442, 25.744993731547218 ], [ -100.180331716174067, 25.744992750475355 ], [ -100.179977758505004, 25.744987688484738 ], [ -100.180007785850009, 25.744945374047152 ] ] ] } },
{ "type": "Feature", "properties": { "CVEGEO_1": "1900600010598", "Score_Final": 71.427009119921593, "Clasificacion": "Bueno", "Comp_NSE": 83.01211441786873, "Comp_Competencia": 50, "Comp_Accesibilidad": 99.363845368337721, "Comp_Flujo": 50, "Indice_NSE_2025": 75.465558561698842, "Nivel_NSE": "C+", "NSE_Indice_Original": 69.875517186758188, "NSE_Nivel_Original": "C+", "Carnicerias_1km": 27, "Carnicerias_500m": 17, "Carnicerias_2km": 61, "Dist_Competidor_m": 8.2542416790477766, "Densidad_Competencia_1km": 8.5943669269623477, "Densidad_Competencia_500m": 21.645072260497766, "Densidad_Pobl_2025": 13054.994578324804, "Densidad_Pobl_2010": 10443.995662659843, "Tasa_Crecimiento_Pobl": 0.25, "Porcentaje_Mujeres": 3.5602639805488017, "Poblacion_Total_2010": 5758, "Poblacion_Total_2025": 7197.5, "Num_Cadenas_2km": 29, "Tiene_Cadena_Cerca": 1, "HHI_Concentracion": 276.80730986294014, "Intensidad_Competitiva": 45.75, "Educacion_Normalizado": 48.258706467661682, "Vivienda_Normalizado": 97.714787500316319, "Activos_Normalizado": 76.224770642201847, "Economico_Normalizado": 59.565078554150688, "CVEGEO_2": "1900600010361", "CVE_ENT": "19", "CVE_MUN": "006", "CVE_LOC": "0001", "CVE_ASEN": "0361", "CP": "66634", "FECHA_ACT": "11/2024", "INSTITUCIO": "SECRETARÍA DE DESARROLLO URBANO, OBRAS PÚBLICAS, ECOLOGÍA Y TRANSPORTE DE APODACA", "NOM_ASEN": "PRIVADA ILTAMARINDO", "TIPO": "FRACCIONAMIENTO", "Shape_Leng": 1522.3656180099999, "Shape_Area": 105236.94970700001 }, "geometry": { "type": "Polygon", "coordinates": [ [ [ -100.183471610793902, 25.745071254028446 ], [ -100.182914763697653, 25.745033801380504 ], [ -100.180788185644417, 25.745003439392068 ], [ -100.180788096215267, 25.745003438114349 ], [ -100.180780151778336, 25.744999152836737 ], [ -100.182906729774771, 25.745029514353085 ], [ -100.18346357672587, 25.74506696640794 ], [ -100.184697425326704, 25.74525841737832 ], [ -100.184697574283177, 25.745261481778879 ], [ -100.183471610793902, 25.745071254028446 ] ] ] } },
{ "type": "Feature", "properties": { "CVEGEO_1": "1900600010598", "Score_Final": 71.427009119921593, "Clasificacion": "Bueno", "Comp_NSE": 83.01211441786873, "Comp_Competencia": 50, "Comp_Accesibilidad": 99.363845368337721, "Comp_Flujo": 50, "Indice_NSE_2025": 75.465558561698842, "Nivel_NSE": "C+", "NSE_Indice_Original": 69.875517186758188, "NSE_Nivel_Original": "C+", "Carnicerias_1km": 27, "Carnicerias_500m": 17, "Carnicerias_2km": 61, "Dist_Competidor_m": 8.2542416790477766, "Densidad_Competencia_1km": 8.5943669269623477, "Densidad_Competencia_500m": 21.645072260497766, "Densidad_Pobl_2025": 13054.994578324804, "Densidad_Pobl_2010": 10443.995662659843, "Tasa_Crecimiento_Pobl": 0.25, "Porcentaje_Mujeres": 3.5602639805488017, "Poblacion_Total_2010": 5758, "Poblacion_Total_2025": 7197.5, "Num_Cadenas_2km": 29, "Tiene_Cadena_Cerca": 1, "HHI_Concentracion": 276.80730986294014, "Intensidad_Competitiva": 45.75, "Educacion_Normalizado": 48.258706467661682, "Vivienda_Normalizado": 97.714787500316319, "Activos_Normalizado": 76.224770642201847, "Economico_Normalizado": 59.565078554150688, "CVEGEO_2": "1900600010512", "CVE_ENT": "19", "CVE_MUN": "006", "CVE_LOC": "0001", "CVE_ASEN": "0512", "CP": "66634", "FECHA_ACT": "11/2024", "INSTITUCIO": "SECRETARÍA DE DESARROLLO URBANO, OBRAS PÚBLICAS, ECOLOGÍA Y TRANSPORTE DE APODACA", "NOM_ASEN": "MONTALTO RESIDENCIAL", "TIPO": "FRACCIONAMIENTO", "Shape_Leng": 1470.3438941700001, "Shape_Area": 116118.03677000001 }, "geometry": { "type": "Polygon", "coordinates": [ [ [ -100.179974827717473, 25.744991818541067 ], [ -100.179977758505004, 25.744987688484738 ], [ -100.180331716174067, 25.744992750475355 ], [ -100.180400280149442, 25.744993731547218 ], [ -100.180780151778336, 25.744999152836737 ], [ -100.180788096215267, 25.745003438114349 ], [ -100.179974827717473, 25.744991818541067 ] ] ] } },
{ "type": "Feature", "properties": { "CVEGEO_1": "1900600010687", "Score_Final": 70.055660315154057, "Clasificacion": "Bueno", "Comp_NSE": 78.888810256255823, "Comp_Competencia": 50, "Comp_Accesibilidad": 99.722883627322588, "Comp_Flujo": 50, "Indice_NSE_2025": 71.717100232959837, "Nivel_NSE": "C+", "NSE_Indice_Original": 66.40472243792577, "NSE_Nivel_Original": "C+", "Carnicerias_1km": 20, "Carnicerias_500m": 8, "Carnicerias_2km": 32, "Dist_Competidor_m": 0.0, "Densidad_Competencia_1km": 6.366197723675814, "Densidad_Competencia_500m": 10.185916357881302, "Densidad_Pobl_2025": 737.10422761401333, "Densidad_Pobl_2010": 589.68338209121066, "Tasa_Crecimiento_Pobl": 0.25, "Porcentaje_Mujeres": 7.9754601226993866, "Poblacion_Total_2010": 489, "Poblacion_Total_2025": 611.25, "Num_Cadenas_2km": 7, "Tiene_Cadena_Cerca": 1, "HHI_Concentracion": 312.5, "Intensidad_Competitiva": 26.0, "Educacion_Normalizado": 21.393034825870643, "Vivienda_Normalizado": 98.295746119442711, "Activos_Normalizado": 85.229357798165125, "Economico_Normalizado": 70.527680053813086, "CVEGEO_2": "1900600010017", "CVE_ENT": "19", "CVE_MUN": "006", "CVE_LOC": "0001", "CVE_ASEN": "0017", "CP": "66600", "FECHA_ACT": "11/2024", "INSTITUCIO": "SECRETARÍA DE DESARROLLO URBANO, OBRAS PÚBLICAS, ECOLOGÍA Y TRANSPORTE DE APODACA", "NOM_ASEN": "CABECERA MUNICIPAL (APODACA)", "TIPO": "COLONIA", "Shape_Leng": 10463.263806000001, "Shape_Area": 1836887.27205 }, "geometry": { "type": "MultiPolygon", "coordinates": [ [ [ [ -100.200697968627424, 25.773059168825025 ], [ -100.200649478541251, 25.77316127524454 ], [ -100.200594064429481, 25.773430615909056 ], [ -100.200560774584673, 25.773703459721713 ], [ -100.200458677650445, 25.774193637152781 ], [ -100.198014479440459, 25.775416232064067 ], [ -100.197033365524206, 25.775901590303125 ], [ -100.197758923431934, 25.776677129136942 ], [ -100.195785910110587, 25.777617982521139 ], [ -100.195276859585917, 25.776802066597579 ], [ -100.194804586136968, 25.776035291355772 ], [ -100.194800488580853, 25.776028719243055 ], [ -100.195250282528576, 25.775768471289759 ], [ -100.195474157377845, 25.77539306407985 ], [ -100.199882214051712, 25.77165058778748 ], [ -100.199882729796826, 25.771655172307984 ], [ -100.199903673595884, 25.771724087239164 ], [ -100.200719714052582, 25.772980439317958 ], [ -100.200697968627424, 25.773059168825025 ] ] ], [ [ [ -100.200225216096428, 25.775505004510187 ], [ -100.200953300800933, 25.776075939865454 ], [ -100.201751477497808, 25.776710822975957 ], [ -100.202162484716368, 25.777037653308149 ], [ -100.20218324197819, 25.777062175114708 ], [ -100.202266125132724, 25.77719198154513 ], [ -100.202302636524934, 25.777256358059944 ], [ -100.202389264596633, 25.777448118060008 ], [ -100.202373671195147, 25.777472003088146 ], [ -100.202116396468497, 25.777516517742736 ], [ -100.201924698892697, 25.777579140082103 ], [ -100.201715771343785, 25.777698031575333 ], [ -100.200329674156393, 25.779018162324533 ], [ -100.200337904869983, 25.779022275274144 ], [ -100.200337713657291, 25.779022455250644 ], [ -100.201286588252884, 25.779496616528359 ], [ -100.200317260847925, 25.779958147387703 ], [ -100.199529570983486, 25.780379118524408 ], [ -100.199494967386741, 25.78040107586855 ], [ -100.19885259651906, 25.780667164649824 ], [ -100.198790364476892, 25.780685318256488 ], [ -100.197778102486637, 25.78087749353729 ], [ -100.197217147868983, 25.779917984367636 ], [ -100.196742386776478, 25.779154592015214 ], [ -100.196279627012416, 25.778403354891335 ], [ -100.196275536290159, 25.778396980374055 ], [ -100.196571844804737, 25.778240978260584 ], [ -100.19700545248844, 25.77900544724617 ], [ -100.197240277618548, 25.778879775975017 ], [ -100.197595618802467, 25.778693870923945 ], [ -100.198141097889433, 25.778407320961296 ], [ -100.19829558143968, 25.77833188058279 ], [ -100.199748442952114, 25.777619362260516 ], [ -100.199679578734674, 25.777494725850914 ], [ -100.199652131922633, 25.777449735994523 ], [ -100.199502051606459, 25.777203426293333 ], [ -100.199426439250871, 25.777126246103318 ], [ -100.19932689446307, 25.776938196470866 ], [ -100.199305746346369, 25.776903060840532 ], [ -100.198246323856736, 25.777430705401994 ], [ -100.198219240352799, 25.77737891706159 ], [ -100.1983406212413, 25.777087186743433 ], [ -100.198014516315425, 25.776554858200871 ], [ -100.198265275691369, 25.776434802947321 ], [ -100.200232466215539, 25.775464148627311 ], [ -100.200225216096428, 25.775505004510187 ] ] ], [ [ [ -100.19297687087645, 25.774917510942064 ], [ -100.192549965700394, 25.775132616918871 ], [ -100.192116162883678, 25.775357266238629 ], [ -100.191282900695569, 25.775783667577709 ], [ -100.19082829635002, 25.775044475009484 ], [ -100.190861309431014, 25.774978249497607 ], [ -100.18992608305777, 25.775448862697157 ], [ -100.189228821762384, 25.774331075003076 ], [ -100.189284077289173, 25.774218970414871 ], [ -100.189776429215172, 25.773904764584906 ], [ -100.191255345837035, 25.772862387885489 ], [ -100.191573335280751, 25.77263754938512 ], [ -100.192346496985834, 25.772100134874762 ], [ -100.193355915024085, 25.773716113294174 ], [ -100.193826312999931, 25.774471490508084 ], [ -100.193830279422826, 25.774477880162387 ], [ -100.19297687087645, 25.774917510942064 ] ] ] ] } },
{ "type": "Feature", "properties": { "CVEGEO_1": "1900600010761", "Score_Final": 70.737878752350952, "Clasificacion": "Bueno", "Comp_NSE": 81.053440423733022, "Comp_Competencia": 50, "Comp_Accesibilidad": 99.345873020221958, "Comp_Flujo": 50, "Indice_NSE_2025": 73.68494583975729, "Nivel_NSE": "C+", "NSE_Indice_Original": 68.226801703478969, "NSE_Nivel_Original": "C+", "Carnicerias_1km": 17, "Carnicerias_500m": 10, "Carnicerias_2km": 30, "Dist_Competidor_m": 0.0, "Densidad_Competencia_1km": 5.4112680651244416, "Densidad_Competencia_500m": 12.732395447351628, "Densidad_Pobl_2025": 23121.277090219639, "Densidad_Pobl_2010": 18497.02167217571, "Tasa_Crecimiento_Pobl": 0.25, "Porcentaje_Mujeres": 6.4052519517388218, "Poblacion_Total_2010": 5636, "Poblacion_Total_2025": 7045.0, "Num_Cadenas_2km": 14, "Tiene_Cadena_Cerca": 1, "HHI_Concentracion": 599.99999999999989, "Intensidad_Competitiva": 26.0, "Educacion_Normalizado": 58.955223880597011, "Vivienda_Normalizado": 97.537521560425375, "Activos_Normalizado": 56.633027522935777, "Economico_Normalizado": 59.987986342297908, "CVEGEO_2": "1900600010075", "CVE_ENT": "19", "CVE_MUN": "006", "CVE_LOC": "0001", "CVE_ASEN": "0075", "CP": "66645", "FECHA_ACT": "11/2024", "INSTITUCIO": "SECRETARÍA DE DESARROLLO URBANO, OBRAS PÚBLICAS, ECOLOGÍA Y TRANSPORTE DE APODACA", "NOM_ASEN": "PARQUE INDUSTRIAL EL HUINALÁ I", "TIPO": "ZONA INDUSTRIAL", "Shape_Leng": 1375.9022515300001, "Shape_Area": 118582.917023 }, "geometry": { "type": "Polygon", "coordinates": [ [ [ -100.172355445181992, 25.759296929143822 ], [ -100.172416000389219, 25.759423685108267 ], [ -100.172410383773311, 25.759425101704188 ], [ -100.172407969803999, 25.759419395280585 ], [ -100.172347414263967, 25.759292638417836 ], [ -100.172352166453209, 25.759290969875206 ], [ -100.172355445181992, 25.759296929143822 ] ] ] } },
{ "type": "Feature", "properties": { "CVEGEO_1": "1900600010761", "Score_Final": 70.737878752350952, "Clasificacion": "Bueno", "Comp_NSE": 81.053440423733022, "Comp_Competencia": 50, "Comp_Accesibilidad": 99.345873020221958, "Comp_Flujo": 50, "Indice_NSE_2025": 73.68494583975729, "Nivel_NSE": "C+", "NSE_Indice_Original": 68.226801703478969, "NSE_Nivel_Original": "C+", "Carnicerias_1km": 17, "Carnicerias_500m": 10, "Carnicerias_2km": 30, "Dist_Competidor_m": 0.0, "Densidad_Competencia_1km": 5.4112680651244416, "Densidad_Competencia_500m": 12.732395447351628, "Densidad_Pobl_2025": 23121.277090219639, "Densidad_Pobl_2010": 18497.02167217571, "Tasa_Crecimiento_Pobl": 0.25, "Porcentaje_Mujeres": 6.4052519517388218, "Poblacion_Total_2010": 5636, "Poblacion_Total_2025": 7045.0, "Num_Cadenas_2km": 14, "Tiene_Cadena_Cerca": 1, "HHI_Concentracion": 599.99999999999989, "Intensidad_Competitiva": 26.0, "Educacion_Normalizado": 58.955223880597011, "Vivienda_Normalizado": 97.537521560425375, "Activos_Normalizado": 56.633027522935777, "Economico_Normalizado": 59.987986342297908, "CVEGEO_2": "1900600010171", "CVE_ENT": "19", "CVE_MUN": "006", "CVE_LOC": "0001", "CVE_ASEN": "0171", "CP": "66646", "FECHA_ACT": "11/2024", "INSTITUCIO": "SECRETARÍA DE DESARROLLO URBANO, OBRAS PÚBLICAS, ECOLOGÍA Y TRANSPORTE DE APODACA", "NOM_ASEN": "PUEBLO NUEVO PRIMER SECTOR", "TIPO": "COLONIA", "Shape_Leng": 1838.9417030699999, "Shape_Area": 194677.52374800001 }, "geometry": { "type": "MultiPolygon", "coordinates": [ [ [ [ -100.164029912599091, 25.760227565251547 ], [ -100.164471964762924, 25.760140460258885 ], [ -100.164860392329501, 25.760065423496282 ], [ -100.165265609060384, 25.759982250426486 ], [ -100.165666797617462, 25.759904480715392 ], [ -100.166096485807486, 25.759822131344453 ], [ -100.166440211256614, 25.759748778877306 ], [ -100.166839590889737, 25.759668920928839 ], [ -100.166971397186529, 25.759639559675058 ], [ -100.167256089414181, 25.759585438904963 ], [ -100.167348471408019, 25.759987269976129 ], [ -100.167435926805084, 25.7603626448104 ], [ -100.167526600912424, 25.760716579956732 ], [ -100.1675527418939, 25.760767900049913 ], [ -100.167594578138079, 25.761011162459734 ], [ -100.167677766960537, 25.761391726273072 ], [ -100.167678829060733, 25.761396585033118 ], [ -100.166288903584274, 25.761509688039649 ], [ -100.165855481026369, 25.761545246471147 ], [ -100.165485116672826, 25.761579767720878 ], [ -100.165071940610062, 25.761606699850532 ], [ -100.16464606935908, 25.761646238014634 ], [ -100.16418921170559, 25.761683836870837 ], [ -100.164030475287376, 25.760233327763611 ], [ -100.164029912599091, 25.760227565251547 ] ] ], [ [ [ -100.167843795985789, 25.762144097929113 ], [ -100.16784281697079, 25.762139298212407 ], [ -100.168145761974245, 25.76211746313686 ], [ -100.168150265547098, 25.762122009355462 ], [ -100.167843795985789, 25.762144097929113 ] ] ] ] } },
{ "type": "Feature", "properties": { "CVEGEO_1": "1900600010761", "Score_Final": 70.737878752350952, "Clasificacion": "Bueno", "Comp_NSE": 81.053440423733022, "Comp_Competencia": 50, "Comp_Accesibilidad": 99.345873020221958, "Comp_Flujo": 50, "Indice_NSE_2025": 73.68494583975729, "Nivel_NSE": "C+", "NSE_Indice_Original": 68.226801703478969, "NSE_Nivel_Original": "C+", "Carnicerias_1km": 17, "Carnicerias_500m": 10, "Carnicerias_2km": 30, "Dist_Competidor_m": 0.0, "Densidad_Competencia_1km": 5.4112680651244416, "Densidad_Competencia_500m": 12.732395447351628, "Densidad_Pobl_2025": 23121.277090219639, "Densidad_Pobl_2010": 18497.02167217571, "Tasa_Crecimiento_Pobl": 0.25, "Porcentaje_Mujeres": 6.4052519517388218, "Poblacion_Total_2010": 5636, "Poblacion_Total_2025": 7045.0, "Num_Cadenas_2km": 14, "Tiene_Cadena_Cerca": 1, "HHI_Concentracion": 599.99999999999989, "Intensidad_Competitiva": 26.0, "Educacion_Normalizado": 58.955223880597011, "Vivienda_Normalizado": 97.537521560425375, "Activos_Normalizado": 56.633027522935777, "Economico_Normalizado": 59.987986342297908, "CVEGEO_2": "1900600010174", "CVE_ENT": "19", "CVE_MUN": "006", "CVE_LOC": "0001", "CVE_ASEN": "0174", "CP": "66646", "FECHA_ACT": "11/2024", "INSTITUCIO": "SECRETARÍA DE DESARROLLO URBANO, OBRAS PÚBLICAS, ECOLOGÍA Y TRANSPORTE DE APODACA", "NOM_ASEN": "PUEBLO NUEVO CUARTO SECTOR", "TIPO": "COLONIA", "Shape_Leng": 3878.9388214000001, "Shape_Area": 384352.43033300003 }, "geometry": { "type": "Polygon", "coordinates": [ [ [ -100.170579164160571, 25.757243592076453 ], [ -100.170498546439987, 25.757086245051592 ], [ -100.171095878514606, 25.756839622396253 ], [ -100.172000291945636, 25.758642481936864 ], [ -100.172195892625922, 25.759017241493282 ], [ -100.172347414263967, 25.759292638417836 ], [ -100.172407969803999, 25.759419395280585 ], [ -100.172410383773311, 25.759425101704188 ], [ -100.171720887392681, 25.759599003173705 ], [ -100.170973751644155, 25.759793133970884 ], [ -100.170628551310941, 25.759940436873684 ], [ -100.170691053945234, 25.760342132980508 ], [ -100.170740181772786, 25.76072823791166 ], [ -100.17080047346397, 25.76110905208715 ], [ -100.170689400636888, 25.76114978391475 ], [ -100.170304544369912, 25.761195012061911 ], [ -100.169892736295111, 25.761249240878005 ], [ -100.169473818852268, 25.76129724797347 ], [ -100.169097477885288, 25.76135022068031 ], [ -100.169081803289288, 25.761632332974017 ], [ -100.168943447997194, 25.761746474681541 ], [ -100.168602627801405, 25.76200895619515 ], [ -100.168283906928394, 25.76225310052407 ], [ -100.168153791757973, 25.762121755206344 ], [ -100.168150265547098, 25.762122009355462 ], [ -100.168145761974245, 25.76211746313686 ], [ -100.16784281697079, 25.762139298212407 ], [ -100.167766670621816, 25.761765983293138 ], [ -100.167685797897505, 25.761396017954951 ], [ -100.167678829060733, 25.761396585033118 ], [ -100.167677766960537, 25.761391726273072 ], [ -100.167594578138079, 25.761011162459734 ], [ -100.1675527418939, 25.760767900049913 ], [ -100.167526600912424, 25.760716579956732 ], [ -100.167435926805084, 25.7603626448104 ], [ -100.167348471408019, 25.759987269976129 ], [ -100.167256089414181, 25.759585438904963 ], [ -100.168466137413731, 25.759346027157569 ], [ -100.168993039183292, 25.75923822096734 ], [ -100.16939468385398, 25.759156042713638 ], [ -100.169806499141387, 25.759080193909195 ], [ -100.169963399848143, 25.759047296266537 ], [ -100.170384440700801, 25.758966074302844 ], [ -100.171327477260448, 25.758776889901725 ], [ -100.171094235686255, 25.758309672314752 ], [ -100.170914416896139, 25.757951078339655 ], [ -100.170739589308738, 25.757602558584534 ], [ -100.170573633677819, 25.75724469118218 ], [ -100.170579164160571, 25.757243592076453 ] ] ] } },
{ "type": "Feature", "properties": { "CVEGEO_1": "1900600010761", "Score_Final": 70.737878752350952, "Clasificacion": "Bueno", "Comp_NSE": 81.053440423733022, "Comp_Competencia": 50, "Comp_Accesibilidad": 99.345873020221958, "Comp_Flujo": 50, "Indice_NSE_2025": 73.68494583975729, "Nivel_NSE": "C+", "NSE_Indice_Original": 68.226801703478969, "NSE_Nivel_Original": "C+", "Carnicerias_1km": 17, "Carnicerias_500m": 10, "Carnicerias_2km": 30, "Dist_Competidor_m": 0.0, "Densidad_Competencia_1km": 5.4112680651244416, "Densidad_Competencia_500m": 12.732395447351628, "Densidad_Pobl_2025": 23121.277090219639, "Densidad_Pobl_2010": 18497.02167217571, "Tasa_Crecimiento_Pobl": 0.25, "Porcentaje_Mujeres": 6.4052519517388218, "Poblacion_Total_2010": 5636, "Poblacion_Total_2025": 7045.0, "Num_Cadenas_2km": 14, "Tiene_Cadena_Cerca": 1, "HHI_Concentracion": 599.99999999999989, "Intensidad_Competitiva": 26.0, "Educacion_Normalizado": 58.955223880597011, "Vivienda_Normalizado": 97.537521560425375, "Activos_Normalizado": 56.633027522935777, "Economico_Normalizado": 59.987986342297908, "CVEGEO_2": "1900600010175", "CVE_ENT": "19", "CVE_MUN": "006", "CVE_LOC": "0001", "CVE_ASEN": "0175", "CP": "66646", "FECHA_ACT": "11/2024", "INSTITUCIO": "SECRETARÍA DE DESARROLLO URBANO, OBRAS PÚBLICAS, ECOLOGÍA Y TRANSPORTE DE APODACA", "NOM_ASEN": "PUEBLO NUEVO QUINTO SECTOR", "TIPO": "COLONIA", "Shape_Leng": 3083.1966139199999, "Shape_Area": 559003.02493399999 }, "geometry": { "type": "Polygon", "coordinates": [ [ [ -100.163981126054054, 25.759727940388885 ], [ -100.163862403106933, 25.758589150275839 ], [ -100.164292314475802, 25.758507712752259 ], [ -100.164703881709798, 25.758426038614065 ], [ -100.165115357597799, 25.758343897967311 ], [ -100.166595520774379, 25.758042020094724 ], [ -100.168083784745548, 25.75774196696436 ], [ -100.169575563365242, 25.757443043630726 ], [ -100.170573633677819, 25.75724469118218 ], [ -100.170739589308738, 25.757602558584534 ], [ -100.170914416896139, 25.757951078339655 ], [ -100.171094235686255, 25.758309672314752 ], [ -100.171327477260448, 25.758776889901725 ], [ -100.170384440700801, 25.758966074302844 ], [ -100.169963399848143, 25.759047296266537 ], [ -100.169806499141387, 25.759080193909195 ], [ -100.16939468385398, 25.759156042713638 ], [ -100.168993039183292, 25.75923822096734 ], [ -100.168466137413731, 25.759346027157569 ], [ -100.167256089414181, 25.759585438904963 ], [ -100.166971397186529, 25.759639559675058 ], [ -100.166839590889737, 25.759668920928839 ], [ -100.166440211256614, 25.759748778877306 ], [ -100.166096485807486, 25.759822131344453 ], [ -100.165666797617462, 25.759904480715392 ], [ -100.165265609060384, 25.759982250426486 ], [ -100.164860392329501, 25.760065423496282 ], [ -100.164471964762924, 25.760140460258885 ], [ -100.164029912599091, 25.760227565251547 ], [ -100.163981126054054, 25.759727940388885 ] ] ] } },
{ "type": "Feature", "properties": { "CVEGEO_1": "1900600010761", "Score_Final": 70.737878752350952, "Clasificacion": "Bueno", "Comp_NSE": 81.053440423733022, "Comp_Competencia": 50, "Comp_Accesibilidad": 99.345873020221958, "Comp_Flujo": 50, "Indice_NSE_2025": 73.68494583975729, "Nivel_NSE": "C+", "NSE_Indice_Original": 68.226801703478969, "NSE_Nivel_Original": "C+", "Carnicerias_1km": 17, "Carnicerias_500m": 10, "Carnicerias_2km": 30, "Dist_Competidor_m": 0.0, "Densidad_Competencia_1km": 5.4112680651244416, "Densidad_Competencia_500m": 12.732395447351628, "Densidad_Pobl_2025": 23121.277090219639, "Densidad_Pobl_2010": 18497.02167217571, "Tasa_Crecimiento_Pobl": 0.25, "Porcentaje_Mujeres": 6.4052519517388218, "Poblacion_Total_2010": 5636, "Poblacion_Total_2025": 7045.0, "Num_Cadenas_2km": 14, "Tiene_Cadena_Cerca": 1, "HHI_Concentracion": 599.99999999999989, "Intensidad_Competitiva": 26.0, "Educacion_Normalizado": 58.955223880597011, "Vivienda_Normalizado": 97.537521560425375, "Activos_Normalizado": 56.633027522935777, "Economico_Normalizado": 59.987986342297908, "CVEGEO_2": "1900600010412", "CVE_ENT": "19", "CVE_MUN": "006", "CVE_LOC": "0001", "CVE_ASEN": "0412", "CP": "66645", "FECHA_ACT": "11/2024", "INSTITUCIO": "SECRETARÍA DE DESARROLLO URBANO, OBRAS PÚBLICAS, ECOLOGÍA Y TRANSPORTE DE APODACA", "NOM_ASEN": "PARQUE INDUSTRIAL EL SABINAL", "TIPO": "ZONA INDUSTRIAL", "Shape_Leng": 4442.3587141099997, "Shape_Area": 1094081.1213100001 }, "geometry": { "type": "Polygon", "coordinates": [ [ [ -100.171100748244029, 25.756837611813445 ], [ -100.17200832248308, 25.758646772664058 ], [ -100.172203924372695, 25.759021531798087 ], [ -100.172352166453209, 25.759290969875206 ], [ -100.172347414263967, 25.759292638417836 ], [ -100.172195892625922, 25.759017241493282 ], [ -100.172000291945636, 25.758642481936864 ], [ -100.171095878514606, 25.756839622396253 ], [ -100.171100748244029, 25.756837611813445 ] ] ] } },
{ "type": "Feature", "properties": { "CVEGEO_1": "1900600010776", "Score_Final": 71.090666796165976, "Clasificacion": "Bueno", "Comp_NSE": 82.145149371900459, "Comp_Competencia": 50, "Comp_Accesibilidad": 99.199322580004051, "Comp_Flujo": 50, "Indice_NSE_2025": 74.677408519909505, "Nivel_NSE": "C+", "NSE_Indice_Original": 69.145748629545835, "NSE_Nivel_Original": "C+", "Carnicerias_1km": 17, "Carnicerias_500m": 16, "Carnicerias_2km": 36, "Dist_Competidor_m": 2.7917430344004766, "Densidad_Competencia_1km": 5.4112680651244416, "Densidad_Competencia_500m": 20.371832715762604, "Densidad_Pobl_2025": 14078.087737600748, "Densidad_Pobl_2010": 11262.470190080599, "Tasa_Crecimiento_Pobl": 0.25, "Porcentaje_Mujeres": 6.3308506468051746, "Poblacion_Total_2010": 5102, "Poblacion_Total_2025": 6377.5, "Num_Cadenas_2km": 16, "Tiene_Cadena_Cerca": 1, "HHI_Concentracion": 540.12345679012344, "Intensidad_Competitiva": 33.5, "Educacion_Normalizado": 56.467661691542283, "Vivienda_Normalizado": 98.033357079905244, "Activos_Normalizado": 60.784403669724782, "Economico_Normalizado": 62.505049673378231, "CVEGEO_2": "1900600010171", "CVE_ENT": "19", "CVE_MUN": "006", "CVE_LOC": "0001", "CVE_ASEN": "0171", "CP": "66646", "FECHA_ACT": "11/2024", "INSTITUCIO": "SECRETARÍA DE DESARROLLO URBANO, OBRAS PÚBLICAS, ECOLOGÍA Y TRANSPORTE DE APODACA", "NOM_ASEN": "PUEBLO NUEVO PRIMER SECTOR", "TIPO": "COLONIA", "Shape_Leng": 1838.9417030699999, "Shape_Area": 194677.52374800001 }, "geometry": { "type": "Polygon", "coordinates": [ [ [ -100.164030475287376, 25.760233327763611 ], [ -100.163772022347629, 25.760284792411198 ], [ -100.163771187727093, 25.760284958604448 ], [ -100.163771744902746, 25.760273542584116 ], [ -100.164022444768818, 25.760229036764084 ], [ -100.164029912599091, 25.760227565251547 ], [ -100.164030475287376, 25.760233327763611 ] ] ] } },
{ "type": "Feature", "properties": { "CVEGEO_1": "1900600010776", "Score_Final": 71.090666796165976, "Clasificacion": "Bueno", "Comp_NSE": 82.145149371900459, "Comp_Competencia": 50, "Comp_Accesibilidad": 99.199322580004051, "Comp_Flujo": 50, "Indice_NSE_2025": 74.677408519909505, "Nivel_NSE": "C+", "NSE_Indice_Original": 69.145748629545835, "NSE_Nivel_Original": "C+", "Carnicerias_1km": 17, "Carnicerias_500m": 16, "Carnicerias_2km": 36, "Dist_Competidor_m": 2.7917430344004766, "Densidad_Competencia_1km": 5.4112680651244416, "Densidad_Competencia_500m": 20.371832715762604, "Densidad_Pobl_2025": 14078.087737600748, "Densidad_Pobl_2010": 11262.470190080599, "Tasa_Crecimiento_Pobl": 0.25, "Porcentaje_Mujeres": 6.3308506468051746, "Poblacion_Total_2010": 5102, "Poblacion_Total_2025": 6377.5, "Num_Cadenas_2km": 16, "Tiene_Cadena_Cerca": 1, "HHI_Concentracion": 540.12345679012344, "Intensidad_Competitiva": 33.5, "Educacion_Normalizado": 56.467661691542283, "Vivienda_Normalizado": 98.033357079905244, "Activos_Normalizado": 60.784403669724782, "Economico_Normalizado": 62.505049673378231, "CVEGEO_2": "1900600010172", "CVE_ENT": "19", "CVE_MUN": "006", "CVE_LOC": "0001", "CVE_ASEN": "0172", "CP": "66646", "FECHA_ACT": "11/2024", "INSTITUCIO": "SECRETARÍA DE DESARROLLO URBANO, OBRAS PÚBLICAS, ECOLOGÍA Y TRANSPORTE DE APODACA", "NOM_ASEN": "PUEBLO NUEVO SEGUNDO SECTOR", "TIPO": "COLONIA", "Shape_Leng": 1911.4663302199999, "Shape_Area": 199098.31680299999 }, "geometry": { "type": "Polygon", "coordinates": [ [ [ -100.160245668521782, 25.758030880427452 ], [ -100.160118580597214, 25.757864064163321 ], [ -100.159871461913511, 25.757428059319523 ], [ -100.160109207125444, 25.757830825403659 ], [ -100.160237334041668, 25.758000015268625 ], [ -100.160430634610933, 25.758187806348541 ], [ -100.160412064214228, 25.75819161735998 ], [ -100.160245668521782, 25.758030880427452 ] ] ] } },
{ "type": "Feature", "properties": { "CVEGEO_1": "1900600010776", "Score_Final": 71.090666796165976, "Clasificacion": "Bueno", "Comp_NSE": 82.145149371900459, "Comp_Competencia": 50, "Comp_Accesibilidad": 99.199322580004051, "Comp_Flujo": 50, "Indice_NSE_2025": 74.677408519909505, "Nivel_NSE": "C+", "NSE_Indice_Original": 69.145748629545835, "NSE_Nivel_Original": "C+", "Carnicerias_1km": 17, "Carnicerias_500m": 16, "Carnicerias_2km": 36, "Dist_Competidor_m": 2.7917430344004766, "Densidad_Competencia_1km": 5.4112680651244416, "Densidad_Competencia_500m": 20.371832715762604, "Densidad_Pobl_2025": 14078.087737600748, "Densidad_Pobl_2010": 11262.470190080599, "Tasa_Crecimiento_Pobl": 0.25, "Porcentaje_Mujeres": 6.3308506468051746, "Poblacion_Total_2010": 5102, "Poblacion_Total_2025": 6377.5, "Num_Cadenas_2km": 16, "Tiene_Cadena_Cerca": 1, "HHI_Concentracion": 540.12345679012344, "Intensidad_Competitiva": 33.5, "Educacion_Normalizado": 56.467661691542283, "Vivienda_Normalizado": 98.033357079905244, "Activos_Normalizado": 60.784403669724782, "Economico_Normalizado": 62.505049673378231, "CVEGEO_2": "1900600010173", "CVE_ENT": "19", "CVE_MUN": "006", "CVE_LOC": "0001", "CVE_ASEN": "0173", "CP": "66646", "FECHA_ACT": "11/2024", "INSTITUCIO": "SECRETARÍA DE DESARROLLO URBANO, OBRAS PÚBLICAS, ECOLOGÍA Y TRANSPORTE DE APODACA", "NOM_ASEN": "PUEBLO NUEVO TERCER SECTOR", "TIPO": "COLONIA", "Shape_Leng": 2765.7195235700001, "Shape_Area": 317270.33355500002 }, "geometry": { "type": "MultiPolygon", "coordinates": [ [ [ [ -100.163621382034776, 25.76031478856169 ], [ -100.163531932600051, 25.76035145108839 ], [ -100.163282125898533, 25.76038830165378 ], [ -100.16310783046967, 25.760366939771355 ], [ -100.163066419131297, 25.760355626518933 ], [ -100.162917802440461, 25.760283712079236 ], [ -100.162762726941139, 25.760189681766342 ], [ -100.16267928737048, 25.760139823393821 ], [ -100.162412786342074, 25.75994703512437 ], [ -100.162091577353991, 25.759706925337053 ], [ -100.161805515547599, 25.75947070836332 ], [ -100.162090601241516, 25.759687257378467 ], [ -100.162417935654872, 25.759927193438223 ], [ -100.162680283745956, 25.760113497827401 ], [ -100.16276231013542, 25.760161566102941 ], [ -100.162916732880674, 25.760262572946022 ], [ -100.163065491279255, 25.760340814518589 ], [ -100.163107283159121, 25.760353709690381 ], [ -100.163284836026619, 25.760373449051237 ], [ -100.163538371952583, 25.760333111886379 ], [ -100.163625610390909, 25.760299493428878 ], [ -100.163771744902746, 25.760273542584116 ], [ -100.163771187727093, 25.760284958604448 ], [ -100.163621382034776, 25.76031478856169 ] ] ], [ [ [ -100.161486219432945, 25.759185744258453 ], [ -100.161152100351714, 25.758879304319148 ], [ -100.160437208873375, 25.758215906903313 ], [ -100.160412064214228, 25.75819161735998 ], [ -100.160430634610933, 25.758187806348541 ], [ -100.161163256834854, 25.758850972382771 ], [ -100.161489608173341, 25.75916001148158 ], [ -100.161744277396238, 25.759417666253327 ], [ -100.161486219432945, 25.759185744258453 ] ] ] ] } },
{ "type": "Feature", "properties": { "CVEGEO_1": "1900600010776", "Score_Final": 71.090666796165976, "Clasificacion": "Bueno", "Comp_NSE": 82.145149371900459, "Comp_Competencia": 50, "Comp_Accesibilidad": 99.199322580004051, "Comp_Flujo": 50, "Indice_NSE_2025": 74.677408519909505, "Nivel_NSE": "C+", "NSE_Indice_Original": 69.145748629545835, "NSE_Nivel_Original": "C+", "Carnicerias_1km": 17, "Carnicerias_500m": 16, "Carnicerias_2km": 36, "Dist_Competidor_m": 2.7917430344004766, "Densidad_Competencia_1km": 5.4112680651244416, "Densidad_Competencia_500m": 20.371832715762604, "Densidad_Pobl_2025": 14078.087737600748, "Densidad_Pobl_2010": 11262.470190080599, "Tasa_Crecimiento_Pobl": 0.25, "Porcentaje_Mujeres": 6.3308506468051746, "Poblacion_Total_2010": 5102, "Poblacion_Total_2025": 6377.5, "Num_Cadenas_2km": 16, "Tiene_Cadena_Cerca": 1, "HHI_Concentracion": 540.12345679012344, "Intensidad_Competitiva": 33.5, "Educacion_Normalizado": 56.467661691542283, "Vivienda_Normalizado": 98.033357079905244, "Activos_Normalizado": 60.784403669724782, "Economico_Normalizado": 62.505049673378231, "CVEGEO_2": "1900600010174", "CVE_ENT": "19", "CVE_MUN": "006", "CVE_LOC": "0001", "CVE_ASEN": "0174", "CP": "66646", "FECHA_ACT": "11/2024", "INSTITUCIO": "SECRETARÍA DE DESARROLLO URBANO, OBRAS PÚBLICAS, ECOLOGÍA Y TRANSPORTE DE APODACA", "NOM_ASEN": "PUEBLO NUEVO CUARTO SECTOR", "TIPO": "COLONIA", "Shape_Leng": 3878.9388214000001, "Shape_Area": 384352.43033300003 }, "geometry": { "type": "Polygon", "coordinates": [ [ [ -100.170498546439987, 25.757086245051592 ], [ -100.170579164160571, 25.757243592076453 ], [ -100.170573633677819, 25.75724469118218 ], [ -100.170571133993718, 25.757239300853144 ], [ -100.170490515850602, 25.757081954019281 ], [ -100.170389858623224, 25.756879085536532 ], [ -100.170222897909298, 25.756532295614655 ], [ -100.170042030353613, 25.756172987753555 ], [ -100.169864765729514, 25.755817639444622 ], [ -100.169687887918329, 25.755471441480733 ], [ -100.169502379876064, 25.755100208208582 ], [ -100.169465287999472, 25.755018060565419 ], [ -100.169335364374874, 25.754763033994955 ], [ -100.169169133331295, 25.754410629146573 ], [ -100.16913116878861, 25.754346364596131 ], [ -100.168861841437533, 25.753748360204238 ], [ -100.169389976967622, 25.753606241729145 ], [ -100.169485467032104, 25.753515179298418 ], [ -100.169990665215067, 25.754545461296168 ], [ -100.170229983601914, 25.75506556870646 ], [ -100.171092717449071, 25.756833321121889 ], [ -100.171095878514606, 25.756839622396253 ], [ -100.170498546439987, 25.757086245051592 ] ] ] } },
{ "type": "Feature", "properties": { "CVEGEO_1": "1900600010776", "Score_Final": 71.090666796165976, "Clasificacion": "Bueno", "Comp_NSE": 82.145149371900459, "Comp_Competencia": 50, "Comp_Accesibilidad": 99.199322580004051, "Comp_Flujo": 50, "Indice_NSE_2025": 74.677408519909505, "Nivel_NSE": "C+", "NSE_Indice_Original": 69.145748629545835, "NSE_Nivel_Original": "C+", "Carnicerias_1km": 17, "Carnicerias_500m": 16, "Carnicerias_2km": 36, "Dist_Competidor_m": 2.7917430344004766, "Densidad_Competencia_1km": 5.4112680651244416, "Densidad_Competencia_500m": 20.371832715762604, "Densidad_Pobl_2025": 14078.087737600748, "Densidad_Pobl_2010": 11262.470190080599, "Tasa_Crecimiento_Pobl": 0.25, "Porcentaje_Mujeres": 6.3308506468051746, "Poblacion_Total_2010": 5102, "Poblacion_Total_2025": 6377.5, "Num_Cadenas_2km": 16, "Tiene_Cadena_Cerca": 1, "HHI_Concentracion": 540.12345679012344, "Intensidad_Competitiva": 33.5, "Educacion_Normalizado": 56.467661691542283, "Vivienda_Normalizado": 98.033357079905244, "Activos_Normalizado": 60.784403669724782, "Economico_Normalizado": 62.505049673378231, "CVEGEO_2": "1900600010175", "CVE_ENT": "19", "CVE_MUN": "006", "CVE_LOC": "0001", "CVE_ASEN": "0175", "CP": "66646", "FECHA_ACT": "11/2024", "INSTITUCIO": "SECRETARÍA DE DESARROLLO URBANO, OBRAS PÚBLICAS, ECOLOGÍA Y TRANSPORTE DE APODACA", "NOM_ASEN": "PUEBLO NUEVO QUINTO SECTOR", "TIPO": "COLONIA", "Shape_Leng": 3083.1966139199999, "Shape_Area": 559003.02493399999 }, "geometry": { "type": "Polygon", "coordinates": [ [ [ -100.169575563365242, 25.757443043630726 ], [ -100.168083784745548, 25.75774196696436 ], [ -100.166595520774379, 25.758042020094724 ], [ -100.165115357597799, 25.758343897967311 ], [ -100.164703881709798, 25.758426038614065 ], [ -100.164292314475802, 25.758507712752259 ], [ -100.163862403106933, 25.758589150275839 ], [ -100.163981126054054, 25.759727940388885 ], [ -100.164029912599091, 25.760227565251547 ], [ -100.164022444768818, 25.760229036764084 ], [ -100.163771744902746, 25.760273542584116 ], [ -100.163625610390909, 25.760299493428878 ], [ -100.163538371952583, 25.760333111886379 ], [ -100.163284836026619, 25.760373449051237 ], [ -100.163107283159121, 25.760353709690381 ], [ -100.163065491279255, 25.760340814518589 ], [ -100.162916732880674, 25.760262572946022 ], [ -100.16276231013542, 25.760161566102941 ], [ -100.162680283745956, 25.760113497827401 ], [ -100.162417935654872, 25.759927193438223 ], [ -100.162090601241516, 25.759687257378467 ], [ -100.161805515547599, 25.75947070836332 ], [ -100.161778189285442, 25.759448143565066 ], [ -100.161744277396238, 25.759417666253327 ], [ -100.161489608173341, 25.75916001148158 ], [ -100.161163256834854, 25.758850972382771 ], [ -100.160430634610933, 25.758187806348541 ], [ -100.160237334041668, 25.758000015268625 ], [ -100.160109207125444, 25.757830825403659 ], [ -100.159871461913511, 25.757428059319523 ], [ -100.159787907996972, 25.757280640630722 ], [ -100.159758566517013, 25.757207938625399 ], [ -100.159675888199573, 25.757052412317659 ], [ -100.159696428129962, 25.756733643504234 ], [ -100.159873753927542, 25.755680003800279 ], [ -100.160738744147594, 25.755514242725866 ], [ -100.161160646503859, 25.755430451690845 ], [ -100.162158966101998, 25.755238240561948 ], [ -100.162990382217174, 25.755134089753764 ], [ -100.163226166237266, 25.755102804744268 ], [ -100.163478316000209, 25.755079460820056 ], [ -100.163717795511559, 25.755032173798149 ], [ -100.163948102589629, 25.754947436658753 ], [ -100.164022986529403, 25.754921622397713 ], [ -100.164338320087381, 25.75480198368377 ], [ -100.164767431418369, 25.754647272057717 ], [ -100.165155024096819, 25.754517501516307 ], [ -100.1652677550574, 25.754491617978314 ], [ -100.165582352421453, 25.754461630790573 ], [ -100.165961483774439, 25.754370401565453 ], [ -100.166584019214469, 25.754210138036338 ], [ -100.167185074760837, 25.754060388800131 ], [ -100.167439394679604, 25.754005695432404 ], [ -100.167603700574574, 25.753984800822266 ], [ -100.167951349866115, 25.753953757919117 ], [ -100.168407388867678, 25.753873061228155 ], [ -100.168846023134421, 25.75375261682586 ], [ -100.168861841437533, 25.753748360204238 ], [ -100.16913116878861, 25.754346364596131 ], [ -100.169169133331295, 25.754410629146573 ], [ -100.169335364374874, 25.754763033994955 ], [ -100.169465287999472, 25.755018060565419 ], [ -100.169502379876064, 25.755100208208582 ], [ -100.169687887918329, 25.755471441480733 ], [ -100.169864765729514, 25.755817639444622 ], [ -100.170042030353613, 25.756172987753555 ], [ -100.170222897909298, 25.756532295614655 ], [ -100.170389858623224, 25.756879085536532 ], [ -100.170490515850602, 25.757081954019281 ], [ -100.170571133993718, 25.757239300853144 ], [ -100.170573633677819, 25.75724469118218 ], [ -100.169575563365242, 25.757443043630726 ] ] ] } },
{ "type": "Feature", "properties": { "CVEGEO_1": "1900600010776", "Score_Final": 71.090666796165976, "Clasificacion": "Bueno", "Comp_NSE": 82.145149371900459, "Comp_Competencia": 50, "Comp_Accesibilidad": 99.199322580004051, "Comp_Flujo": 50, "Indice_NSE_2025": 74.677408519909505, "Nivel_NSE": "C+", "NSE_Indice_Original": 69.145748629545835, "NSE_Nivel_Original": "C+", "Carnicerias_1km": 17, "Carnicerias_500m": 16, "Carnicerias_2km": 36, "Dist_Competidor_m": 2.7917430344004766, "Densidad_Competencia_1km": 5.4112680651244416, "Densidad_Competencia_500m": 20.371832715762604, "Densidad_Pobl_2025": 14078.087737600748, "Densidad_Pobl_2010": 11262.470190080599, "Tasa_Crecimiento_Pobl": 0.25, "Porcentaje_Mujeres": 6.3308506468051746, "Poblacion_Total_2010": 5102, "Poblacion_Total_2025": 6377.5, "Num_Cadenas_2km": 16, "Tiene_Cadena_Cerca": 1, "HHI_Concentracion": 540.12345679012344, "Intensidad_Competitiva": 33.5, "Educacion_Normalizado": 56.467661691542283, "Vivienda_Normalizado": 98.033357079905244, "Activos_Normalizado": 60.784403669724782, "Economico_Normalizado": 62.505049673378231, "CVEGEO_2": "1900600010412", "CVE_ENT": "19", "CVE_MUN": "006", "CVE_LOC": "0001", "CVE_ASEN": "0412", "CP": "66645", "FECHA_ACT": "11/2024", "INSTITUCIO": "SECRETARÍA DE DESARROLLO URBANO, OBRAS PÚBLICAS, ECOLOGÍA Y TRANSPORTE DE APODACA", "NOM_ASEN": "PARQUE INDUSTRIAL EL SABINAL", "TIPO": "ZONA INDUSTRIAL", "Shape_Leng": 4442.3587141099997, "Shape_Area": 1094081.1213100001 }, "geometry": { "type": "Polygon", "coordinates": [ [ [ -100.171095878514606, 25.756839622396253 ], [ -100.171092717449071, 25.756833321121889 ], [ -100.170229983601914, 25.75506556870646 ], [ -100.169990665215067, 25.754545461296168 ], [ -100.169485467032104, 25.753515179298418 ], [ -100.169489505738568, 25.753511327856593 ], [ -100.169998695371802, 25.754549751627295 ], [ -100.170238015080741, 25.755069858066292 ], [ -100.171100748244029, 25.756837611813445 ], [ -100.171095878514606, 25.756839622396253 ] ] ] } },
{ "type": "Feature", "properties": { "CVEGEO_1": "1900600010935", "Score_Final": 71.6090464025785, "Clasificacion": "Bueno", "Comp_NSE": 83.384070022932647, "Comp_Competencia": 50, "Comp_Accesibilidad": 99.62310947276039, "Comp_Flujo": 50, "Indice_NSE_2025": 75.803700020847856, "Nivel_NSE": "C+", "NSE_Indice_Original": 70.188611130414671, "NSE_Nivel_Original": "A/B", "Carnicerias_1km": 20, "Carnicerias_500m": 8, "Carnicerias_2km": 33, "Dist_Competidor_m": 34.441125361887906, "Densidad_Competencia_1km": 6.366197723675814, "Densidad_Competencia_500m": 10.185916357881302, "Densidad_Pobl_2025": 2729.4674455429194, "Densidad_Pobl_2010": 2183.5739564343357, "Tasa_Crecimiento_Pobl": 0.25, "Porcentaje_Mujeres": 3.6976170912078881, "Poblacion_Total_2010": 1217, "Poblacion_Total_2025": 1521.25, "Num_Cadenas_2km": 7, "Tiene_Cadena_Cerca": 1, "HHI_Concentracion": 303.030303030303, "Intensidad_Competitiva": 26.25, "Educacion_Normalizado": 48.631840796019901, "Vivienda_Normalizado": 99.137965016841548, "Activos_Normalizado": 74.215596330275218, "Economico_Normalizado": 61.303342774147531, "CVEGEO_2": "1900600010017", "CVE_ENT": "19", "CVE_MUN": "006", "CVE_LOC": "0001", "CVE_ASEN": "0017", "CP": "66600", "FECHA_ACT": "11/2024", "INSTITUCIO": "SECRETARÍA DE DESARROLLO URBANO, OBRAS PÚBLICAS, ECOLOGÍA Y TRANSPORTE DE APODACA", "NOM_ASEN": "CABECERA MUNICIPAL (APODACA)", "TIPO": "COLONIA", "Shape_Leng": 10463.263806000001, "Shape_Area": 1836887.27205 }, "geometry": { "type": "Polygon", "coordinates": [ [ [ -100.199494967386741, 25.78040107586855 ], [ -100.199265397041984, 25.780546747288245 ], [ -100.19885259651906, 25.780667164649824 ], [ -100.199494967386741, 25.78040107586855 ] ] ] } },
{ "type": "Feature", "properties": { "CVEGEO_1": "190060001094A", "Score_Final": 50.464537936331823, "Clasificacion": "Aceptable", "Comp_NSE": 23.036090558369501, "Comp_Competencia": 50, "Comp_Accesibilidad": 99.50953120451247, "Comp_Flujo": 50, "Indice_NSE_2025": 23.036090558369501, "Nivel_NSE": "D+", "NSE_Indice_Original": 21.329713479971758, "NSE_Nivel_Original": "D/E", "Carnicerias_1km": 6, "Carnicerias_500m": 3, "Carnicerias_2km": 35, "Dist_Competidor_m": 0.0, "Densidad_Competencia_1km": 1.909859317102744, "Densidad_Competencia_500m": 3.8197186342054881, "Densidad_Pobl_2025": 90.605508704142466, "Densidad_Pobl_2010": 72.484406963313972, "Tasa_Crecimiento_Pobl": 0.25, "Porcentaje_Mujeres": -12.244897959183673, "Poblacion_Total_2010": 49, "Poblacion_Total_2025": 61.25, "Num_Cadenas_2km": 9, "Tiene_Cadena_Cerca": 1, "HHI_Concentracion": 318.36734693877548, "Intensidad_Competitiva": 14.75, "Educacion_Normalizado": 3.7313432835820901, "Vivienda_Normalizado": 0.0, "Activos_Normalizado": 2.7522935779816518, "Economico_Normalizado": 97.611185502008581, "CVEGEO_2": "1900600010017", "CVE_ENT": "19", "CVE_MUN": "006", "CVE_LOC": "0001", "CVE_ASEN": "0017", "CP": "66600", "FECHA_ACT": "11/2024", "INSTITUCIO": "SECRETARÍA DE DESARROLLO URBANO, OBRAS PÚBLICAS, ECOLOGÍA Y TRANSPORTE DE APODACA", "NOM_ASEN": "CABECERA MUNICIPAL (APODACA)", "TIPO": "COLONIA", "Shape_Leng": 10463.263806000001, "Shape_Area": 1836887.27205 }, "geometry": { "type": "Polygon", "coordinates": [ [ [ -100.200719714052582, 25.772980439317958 ], [ -100.199903673595884, 25.771724087239164 ], [ -100.199882729796826, 25.771655172307984 ], [ -100.199882214051712, 25.77165058778748 ], [ -100.199985117084779, 25.771563222267901 ], [ -100.20049874891204, 25.772381321978568 ], [ -100.200832079081437, 25.772776770104748 ], [ -100.200792979541191, 25.772859102688063 ], [ -100.200719714052582, 25.772980439317958 ] ] ] } },
{ "type": "Feature", "properties": { "CVEGEO_1": "1900600010954", "Score_Final": 44.908890921805195, "Clasificacion": "Aceptable", "Comp_NSE": 6.9858314348804971, "Comp_Competencia": 50, "Comp_Accesibilidad": 99.819249597985106, "Comp_Flujo": 50, "Indice_NSE_2025": 6.9858314348804971, "Nivel_NSE": "D/E", "NSE_Indice_Original": 6.4683624397041637, "NSE_Nivel_Original": "D/E", "Carnicerias_1km": 22, "Carnicerias_500m": 9, "Carnicerias_2km": 33, "Dist_Competidor_m": 9.1010996717414336, "Densidad_Competencia_1km": 7.0028174960433951, "Densidad_Competencia_500m": 11.459155902616464, "Densidad_Pobl_2025": 0.0, "Densidad_Pobl_2010": 0.0, "Tasa_Crecimiento_Pobl": null, "Porcentaje_Mujeres": null, "Poblacion_Total_2010": 0, "Poblacion_Total_2025": 0.0, "Num_Cadenas_2km": 9, "Tiene_Cadena_Cerca": 1, "HHI_Concentracion": 321.39577594123045, "Intensidad_Competitiva": 28.25, "Educacion_Normalizado": 1.2437810945273626, "Vivienda_Normalizado": 7.8022183986262066, "Activos_Normalizado": 0.91743119266055051, "Economico_Normalizado": 19.576578567621326, "CVEGEO_2": "1900600010017", "CVE_ENT": "19", "CVE_MUN": "006", "CVE_LOC": "0001", "CVE_ASEN": "0017", "CP": "66600", "FECHA_ACT": "11/2024", "INSTITUCIO": "SECRETARÍA DE DESARROLLO URBANO, OBRAS PÚBLICAS, ECOLOGÍA Y TRANSPORTE DE APODACA", "NOM_ASEN": "CABECERA MUNICIPAL (APODACA)", "TIPO": "COLONIA", "Shape_Leng": 10463.263806000001, "Shape_Area": 1836887.27205 }, "geometry": { "type": "Polygon", "coordinates": [ [ [ -100.191573335280751, 25.77263754938512 ], [ -100.191255345837035, 25.772862387885489 ], [ -100.189776429215172, 25.773904764584906 ], [ -100.189284077289173, 25.774218970414871 ], [ -100.189228821762384, 25.774331075003076 ], [ -100.188464095986944, 25.77490203859065 ], [ -100.188425244429951, 25.774932025900533 ], [ -100.187708835398624, 25.775490867919419 ], [ -100.186924877058217, 25.776075824801161 ], [ -100.186135009754722, 25.776614080555724 ], [ -100.185290972110565, 25.777115399385124 ], [ -100.184369741633205, 25.777413547684326 ], [ -100.184365248815723, 25.77741492795715 ], [ -100.184361707550465, 25.777409253795447 ], [ -100.185282936851124, 25.777111104947192 ], [ -100.186126973738851, 25.776609786003537 ], [ -100.186916841642542, 25.776071530401552 ], [ -100.187700799468089, 25.775486575050234 ], [ -100.188417208812155, 25.77492773331603 ], [ -100.188456061010015, 25.774897744739036 ], [ -100.189220787095863, 25.774326781205279 ], [ -100.18927604206479, 25.774214676546958 ], [ -100.189768393389727, 25.773900470790544 ], [ -100.191247309329142, 25.772858095091038 ], [ -100.191565298790479, 25.772633256519931 ], [ -100.192342194094948, 25.772093246372119 ], [ -100.192346496985834, 25.772100134874762 ], [ -100.191573335280751, 25.77263754938512 ] ] ] } },
{ "type": "Feature", "properties": { "CVEGEO_1": "1900600010954", "Score_Final": 44.908890921805195, "Clasificacion": "Aceptable", "Comp_NSE": 6.9858314348804971, "Comp_Competencia": 50, "Comp_Accesibilidad": 99.819249597985106, "Comp_Flujo": 50, "Indice_NSE_2025": 6.9858314348804971, "Nivel_NSE": "D/E", "NSE_Indice_Original": 6.4683624397041637, "NSE_Nivel_Original": "D/E", "Carnicerias_1km": 22, "Carnicerias_500m": 9, "Carnicerias_2km": 33, "Dist_Competidor_m": 9.1010996717414336, "Densidad_Competencia_1km": 7.0028174960433951, "Densidad_Competencia_500m": 11.459155902616464, "Densidad_Pobl_2025": 0.0, "Densidad_Pobl_2010": 0.0, "Tasa_Crecimiento_Pobl": null, "Porcentaje_Mujeres": null, "Poblacion_Total_2010": 0, "Poblacion_Total_2025": 0.0, "Num_Cadenas_2km": 9, "Tiene_Cadena_Cerca": 1, "HHI_Concentracion": 321.39577594123045, "Intensidad_Competitiva": 28.25, "Educacion_Normalizado": 1.2437810945273626, "Vivienda_Normalizado": 7.8022183986262066, "Activos_Normalizado": 0.91743119266055051, "Economico_Normalizado": 19.576578567621326, "CVEGEO_2": "1900600010137", "CVE_ENT": "19", "CVE_MUN": "006", "CVE_LOC": "0001", "CVE_ASEN": "0137", "CP": "66600", "FECHA_ACT": "11/2024", "INSTITUCIO": "SECRETARÍA DE DESARROLLO URBANO, OBRAS PÚBLICAS, ECOLOGÍA Y TRANSPORTE DE APODACA", "NOM_ASEN": "MODERNO APODACA PRIMER SECTOR", "TIPO": "COLONIA", "Shape_Leng": 1638.9048142900001, "Shape_Area": 90313.813643000001 }, "geometry": { "type": "Polygon", "coordinates": [ [ [ -100.183852561344835, 25.777572434596646 ], [ -100.183858374434152, 25.77756388559872 ], [ -100.184361707550465, 25.777409253795447 ], [ -100.184365248815723, 25.77741492795715 ], [ -100.183852561344835, 25.777572434596646 ] ] ] } },
{ "type": "Feature", "properties": { "CVEGEO_1": "1900600010954", "Score_Final": 44.908890921805195, "Clasificacion": "Aceptable", "Comp_NSE": 6.9858314348804971, "Comp_Competencia": 50, "Comp_Accesibilidad": 99.819249597985106, "Comp_Flujo": 50, "Indice_NSE_2025": 6.9858314348804971, "Nivel_NSE": "D/E", "NSE_Indice_Original": 6.4683624397041637, "NSE_Nivel_Original": "D/E", "Carnicerias_1km": 22, "Carnicerias_500m": 9, "Carnicerias_2km": 33, "Dist_Competidor_m": 9.1010996717414336, "Densidad_Competencia_1km": 7.0028174960433951, "Densidad_Competencia_500m": 11.459155902616464, "Densidad_Pobl_2025": 0.0, "Densidad_Pobl_2010": 0.0, "Tasa_Crecimiento_Pobl": null, "Porcentaje_Mujeres": null, "Poblacion_Total_2010": 0, "Poblacion_Total_2025": 0.0, "Num_Cadenas_2km": 9, "Tiene_Cadena_Cerca": 1, "HHI_Concentracion": 321.39577594123045, "Intensidad_Competitiva": 28.25, "Educacion_Normalizado": 1.2437810945273626, "Vivienda_Normalizado": 7.8022183986262066, "Activos_Normalizado": 0.91743119266055051, "Economico_Normalizado": 19.576578567621326, "CVEGEO_2": "1900600010241", "CVE_ENT": "19", "CVE_MUN": "006", "CVE_LOC": "0001", "CVE_ASEN": "0241", "CP": "00000", "FECHA_ACT": "11/2024", "INSTITUCIO": "SECRETARÍA DE DESARROLLO URBANO, OBRAS PÚBLICAS, ECOLOGÍA Y TRANSPORTE DE APODACA", "NOM_ASEN": "NINGUNO", "TIPO": "NINGUNO", "Shape_Leng": 9310.7570935599997, "Shape_Area": 3306396.4154300001 }, "geometry": { "type": "Polygon", "coordinates": [ [ [ -100.192210355191705, 25.767491745014699 ], [ -100.192346189260149, 25.767537043553958 ], [ -100.192370756168017, 25.767540255923798 ], [ -100.192140235731657, 25.76843623489043 ], [ -100.192000338652832, 25.769006996551447 ], [ -100.191637563351961, 25.770461869580206 ], [ -100.191602489435951, 25.770663485950138 ], [ -100.191527893433104, 25.771123636513643 ], [ -100.191501905117804, 25.771274069135995 ], [ -100.191247309329142, 25.772858095091038 ], [ -100.189768393389727, 25.773900470790544 ], [ -100.18927604206479, 25.774214676546958 ], [ -100.189220787095863, 25.774326781205279 ], [ -100.188456061010015, 25.774897744739036 ], [ -100.188417208812155, 25.77492773331603 ], [ -100.187700799468089, 25.775486575050234 ], [ -100.186916841642542, 25.776071530401552 ], [ -100.186126973738851, 25.776609786003537 ], [ -100.185282936851124, 25.777111104947192 ], [ -100.184361707550465, 25.777409253795447 ], [ -100.183858374434152, 25.77756388559872 ], [ -100.184075252587292, 25.777244934559025 ], [ -100.185077219759975, 25.776806436236626 ], [ -100.185484489760483, 25.776446317049846 ], [ -100.18575529960404, 25.776091410770405 ], [ -100.18596268310327, 25.775815827143283 ], [ -100.186178268279974, 25.77551810571666 ], [ -100.18640842962607, 25.775174536895701 ], [ -100.186617916629487, 25.774915683500883 ], [ -100.187739895585395, 25.773297876035809 ], [ -100.187959506937887, 25.772961088006944 ], [ -100.188625746433289, 25.77197799401856 ], [ -100.191307888278047, 25.767001063894433 ], [ -100.191756169486226, 25.76726060669294 ], [ -100.192082606737443, 25.767417917433537 ], [ -100.192203422327211, 25.767458665493859 ], [ -100.192210355191705, 25.767491745014699 ] ] ] } },
{ "type": "Feature", "properties": { "CVEGEO_1": "1900600010969", "Score_Final": 44.932524728010364, "Clasificacion": "Aceptable", "Comp_NSE": 6.9858314348804971, "Comp_Competencia": 50, "Comp_Accesibilidad": 99.937418629010963, "Comp_Flujo": 50, "Indice_NSE_2025": 6.9858314348804971, "Nivel_NSE": "D/E", "NSE_Indice_Original": 6.4683624397041637, "NSE_Nivel_Original": "D/E", "Carnicerias_1km": 22, "Carnicerias_500m": 7, "Carnicerias_2km": 41, "Dist_Competidor_m": 0.0, "Densidad_Competencia_1km": 7.0028174960433951, "Densidad_Competencia_500m": 8.91267681314614, "Densidad_Pobl_2025": 0.0, "Densidad_Pobl_2010": 0.0, "Tasa_Crecimiento_Pobl": null, "Porcentaje_Mujeres": null, "Poblacion_Total_2010": 0, "Poblacion_Total_2025": 0.0, "Num_Cadenas_2km": 12, "Tiene_Cadena_Cerca": 1, "HHI_Concentracion": 255.8001189767995, "Intensidad_Competitiva": 28.25, "Educacion_Normalizado": 1.2437810945273626, "Vivienda_Normalizado": 7.8022183986262066, "Activos_Normalizado": 0.91743119266055051, "Economico_Normalizado": 19.576578567621326, "CVEGEO_2": "1900600010241", "CVE_ENT": "19", "CVE_MUN": "006", "CVE_LOC": "0001", "CVE_ASEN": "0241", "CP": "00000", "FECHA_ACT": "11/2024", "INSTITUCIO": "SECRETARÍA DE DESARROLLO URBANO, OBRAS PÚBLICAS, ECOLOGÍA Y TRANSPORTE DE APODACA", "NOM_ASEN": "NINGUNO", "TIPO": "NINGUNO", "Shape_Leng": 9310.7570935599997, "Shape_Area": 3306396.4154300001 }, "geometry": { "type": "Polygon", "coordinates": [ [ [ -100.185622736768181, 25.775520938170384 ], [ -100.185422305991551, 25.775347940248277 ], [ -100.185355850383829, 25.77527945675828 ], [ -100.185956475510935, 25.774618090382781 ], [ -100.185597555770968, 25.773082932059566 ], [ -100.184617454831383, 25.769026420448622 ], [ -100.183265377009064, 25.763450358790003 ], [ -100.183110717025414, 25.762789621391992 ], [ -100.186262329927104, 25.761529584292461 ], [ -100.189840514214225, 25.760100143388684 ], [ -100.189943831823541, 25.760059368386692 ], [ -100.191992989507526, 25.759156253549801 ], [ -100.192111500787078, 25.759323613733173 ], [ -100.195394510746752, 25.758010582701818 ], [ -100.196381654917076, 25.757613581361781 ], [ -100.196386112174466, 25.757614168376211 ], [ -100.195171186212704, 25.759916061884056 ], [ -100.19439096861845, 25.761299770796871 ], [ -100.194325352477094, 25.7614244417599 ], [ -100.193845629520425, 25.762276791190704 ], [ -100.193476415889648, 25.762933694345037 ], [ -100.192999699189329, 25.763826891030007 ], [ -100.19175893875925, 25.766144864911254 ], [ -100.191366976398598, 25.766872217771244 ], [ -100.191300001715447, 25.76699649778617 ], [ -100.191307888278047, 25.767001063894433 ], [ -100.188625746433289, 25.77197799401856 ], [ -100.187959506937887, 25.772961088006944 ], [ -100.187739895585395, 25.773297876035809 ], [ -100.186617916629487, 25.774915683500883 ], [ -100.18640842962607, 25.775174536895701 ], [ -100.186178268279974, 25.77551810571666 ], [ -100.18596268310327, 25.775815827143283 ], [ -100.185829638915109, 25.775713063219893 ], [ -100.185622736768181, 25.775520938170384 ] ] ] } },
{ "type": "Feature", "properties": { "CVEGEO_1": "1900600010973", "Score_Final": 44.895123090675057, "Clasificacion": "Aceptable", "Comp_NSE": 6.9858314348804971, "Comp_Competencia": 50, "Comp_Accesibilidad": 99.750410442334399, "Comp_Flujo": 50, "Indice_NSE_2025": 6.9858314348804971, "Nivel_NSE": "D/E", "NSE_Indice_Original": 6.4683624397041637, "NSE_Nivel_Original": "D/E", "Carnicerias_1km": 6, "Carnicerias_500m": 4, "Carnicerias_2km": 34, "Dist_Competidor_m": 25.757866973028904, "Densidad_Competencia_1km": 1.909859317102744, "Densidad_Competencia_500m": 5.0929581789406511, "Densidad_Pobl_2025": 0.0, "Densidad_Pobl_2010": 0.0, "Tasa_Crecimiento_Pobl": null, "Porcentaje_Mujeres": null, "Poblacion_Total_2010": 0, "Poblacion_Total_2025": 0.0, "Num_Cadenas_2km": 8, "Tiene_Cadena_Cerca": 1, "HHI_Concentracion": 311.41868512110722, "Intensidad_Competitiva": 15.5, "Educacion_Normalizado": 1.2437810945273626, "Vivienda_Normalizado": 7.8022183986262066, "Activos_Normalizado": 0.91743119266055051, "Economico_Normalizado": 19.576578567621326, "CVEGEO_2": "1900600010241", "CVE_ENT": "19", "CVE_MUN": "006", "CVE_LOC": "0001", "CVE_ASEN": "0241", "CP": "00000", "FECHA_ACT": "11/2024", "INSTITUCIO": "SECRETARÍA DE DESARROLLO URBANO, OBRAS PÚBLICAS, ECOLOGÍA Y TRANSPORTE DE APODACA", "NOM_ASEN": "NINGUNO", "TIPO": "NINGUNO", "Shape_Leng": 9310.7570935599997, "Shape_Area": 3306396.4154300001 }, "geometry": { "type": "Polygon", "coordinates": [ [ [ -100.192346189260149, 25.767537043553958 ], [ -100.192210355191705, 25.767491745014699 ], [ -100.192203422327211, 25.767458665493859 ], [ -100.192376710876999, 25.767517111364079 ], [ -100.192370756168017, 25.767540255923798 ], [ -100.192346189260149, 25.767537043553958 ] ] ] } },
{ "type": "Feature", "properties": { "CVEGEO_1": "1900600010988", "Score_Final": 44.900206634572328, "Clasificacion": "Aceptable", "Comp_NSE": 6.9858314348804971, "Comp_Competencia": 50, "Comp_Accesibilidad": 99.775828161820769, "Comp_Flujo": 50, "Indice_NSE_2025": 6.9858314348804971, "Nivel_NSE": "D/E", "NSE_Indice_Original": 6.4683624397041637, "NSE_Nivel_Original": "D/E", "Carnicerias_1km": 10, "Carnicerias_500m": 7, "Carnicerias_2km": 50, "Dist_Competidor_m": 0.0, "Densidad_Competencia_1km": 3.183098861837907, "Densidad_Competencia_500m": 8.91267681314614, "Densidad_Pobl_2025": 0.0, "Densidad_Pobl_2010": 0.0, "Tasa_Crecimiento_Pobl": null, "Porcentaje_Mujeres": null, "Poblacion_Total_2010": 0, "Poblacion_Total_2025": 0.0, "Num_Cadenas_2km": 18, "Tiene_Cadena_Cerca": 1, "HHI_Concentracion": 288.0, "Intensidad_Competitiva": 24.5, "Educacion_Normalizado": 1.2437810945273626, "Vivienda_Normalizado": 7.8022183986262066, "Activos_Normalizado": 0.91743119266055051, "Economico_Normalizado": 19.576578567621326, "CVEGEO_2": "1900600010075", "CVE_ENT": "19", "CVE_MUN": "006", "CVE_LOC": "0001", "CVE_ASEN": "0075", "CP": "66645", "FECHA_ACT": "11/2024", "INSTITUCIO": "SECRETARÍA DE DESARROLLO URBANO, OBRAS PÚBLICAS, ECOLOGÍA Y TRANSPORTE DE APODACA", "NOM_ASEN": "PARQUE INDUSTRIAL EL HUINALÁ I", "TIPO": "ZONA INDUSTRIAL", "Shape_Leng": 1375.9022515300001, "Shape_Area": 118582.917023 }, "geometry": { "type": "Polygon", "coordinates": [ [ [ -100.173563347964588, 25.762259787322634 ], [ -100.173010288202136, 25.760870391403493 ], [ -100.172988190032427, 25.760803109715347 ], [ -100.17284932079032, 25.760448018219705 ], [ -100.172416000389219, 25.759423685108267 ], [ -100.172355445181992, 25.759296929143822 ], [ -100.172508447249356, 25.759243207968243 ], [ -100.173893157817957, 25.758768446793436 ], [ -100.175326014657188, 25.758282136116559 ], [ -100.175970220464563, 25.759860539636325 ], [ -100.176476769693792, 25.761136527810827 ], [ -100.176482046794604, 25.761479017279409 ], [ -100.175171975745286, 25.761965952860564 ], [ -100.173722060361087, 25.762505173102166 ], [ -100.173661302284046, 25.762524613126086 ], [ -100.173563347964588, 25.762259787322634 ] ] ] } },
{ "type": "Feature", "properties": { "CVEGEO_1": "1900600010988", "Score_Final": 44.900206634572328, "Clasificacion": "Aceptable", "Comp_NSE": 6.9858314348804971, "Comp_Competencia": 50, "Comp_Accesibilidad": 99.775828161820769, "Comp_Flujo": 50, "Indice_NSE_2025": 6.9858314348804971, "Nivel_NSE": "D/E", "NSE_Indice_Original": 6.4683624397041637, "NSE_Nivel_Original": "D/E", "Carnicerias_1km": 10, "Carnicerias_500m": 7, "Carnicerias_2km": 50, "Dist_Competidor_m": 0.0, "Densidad_Competencia_1km": 3.183098861837907, "Densidad_Competencia_500m": 8.91267681314614, "Densidad_Pobl_2025": 0.0, "Densidad_Pobl_2010": 0.0, "Tasa_Crecimiento_Pobl": null, "Porcentaje_Mujeres": null, "Poblacion_Total_2010": 0, "Poblacion_Total_2025": 0.0, "Num_Cadenas_2km": 18, "Tiene_Cadena_Cerca": 1, "HHI_Concentracion": 288.0, "Intensidad_Competitiva": 24.5, "Educacion_Normalizado": 1.2437810945273626, "Vivienda_Normalizado": 7.8022183986262066, "Activos_Normalizado": 0.91743119266055051, "Economico_Normalizado": 19.576578567621326, "CVEGEO_2": "1900600010238", "CVE_ENT": "19", "CVE_MUN": "006", "CVE_LOC": "0001", "CVE_ASEN": "0238", "CP": "66637", "FECHA_ACT": "11/2024", "INSTITUCIO": "SECRETARÍA DE DESARROLLO URBANO, OBRAS PÚBLICAS, ECOLOGÍA Y TRANSPORTE DE APODACA", "NOM_ASEN": "PARQUE INDUSTRIAL MARTEL", "TIPO": "ZONA INDUSTRIAL", "Shape_Leng": 6651.8908830700002, "Shape_Area": 1265346.7303299999 }, "geometry": { "type": "Polygon", "coordinates": [ [ [ -100.187703019213885, 25.755641205159606 ], [ -100.189060272537617, 25.758312329111678 ], [ -100.188191065033934, 25.758607552366591 ], [ -100.188461350984269, 25.759238303175298 ], [ -100.189017094137526, 25.759035144987003 ], [ -100.188971162446663, 25.758904196222698 ], [ -100.189288057949085, 25.758766432227908 ], [ -100.189940585368035, 25.760052967613685 ], [ -100.189935797184674, 25.760055077886648 ], [ -100.189832478617419, 25.76009585276649 ], [ -100.186254296121106, 25.761525293804205 ], [ -100.183102683635795, 25.762785330387253 ], [ -100.18295681251783, 25.762844376444932 ], [ -100.182844071243423, 25.762889515535473 ], [ -100.18253944267002, 25.76224617231167 ], [ -100.18240499372078, 25.761911662800514 ], [ -100.182236755110011, 25.761221938129555 ], [ -100.182113723833567, 25.760474462799269 ], [ -100.182074764665373, 25.759404114559402 ], [ -100.179344533798314, 25.760415955634802 ], [ -100.178741866305501, 25.758922994790407 ], [ -100.178105851970116, 25.757338162817476 ], [ -100.178111406761431, 25.757336276527163 ], [ -100.180773611008362, 25.756429627570743 ], [ -100.180934629614242, 25.756379033442776 ], [ -100.181123955664788, 25.756371632024461 ], [ -100.181322835118451, 25.756413815222082 ], [ -100.181362718644777, 25.756417998174122 ], [ -100.181458000017997, 25.756432052753329 ], [ -100.181668542054737, 25.756434969130439 ], [ -100.181887642094836, 25.756399140153796 ], [ -100.187054785141541, 25.754362141922297 ], [ -100.187703019213885, 25.755641205159606 ] ] ] } },
{ "type": "Feature", "properties": { "CVEGEO_1": "1900600010988", "Score_Final": 44.900206634572328, "Clasificacion": "Aceptable", "Comp_NSE": 6.9858314348804971, "Comp_Competencia": 50, "Comp_Accesibilidad": 99.775828161820769, "Comp_Flujo": 50, "Indice_NSE_2025": 6.9858314348804971, "Nivel_NSE": "D/E", "NSE_Indice_Original": 6.4683624397041637, "NSE_Nivel_Original": "D/E", "Carnicerias_1km": 10, "Carnicerias_500m": 7, "Carnicerias_2km": 50, "Dist_Competidor_m": 0.0, "Densidad_Competencia_1km": 3.183098861837907, "Densidad_Competencia_500m": 8.91267681314614, "Densidad_Pobl_2025": 0.0, "Densidad_Pobl_2010": 0.0, "Tasa_Crecimiento_Pobl": null, "Porcentaje_Mujeres": null, "Poblacion_Total_2010": 0, "Poblacion_Total_2025": 0.0, "Num_Cadenas_2km": 18, "Tiene_Cadena_Cerca": 1, "HHI_Concentracion": 288.0, "Intensidad_Competitiva": 24.5, "Educacion_Normalizado": 1.2437810945273626, "Vivienda_Normalizado": 7.8022183986262066, "Activos_Normalizado": 0.91743119266055051, "Economico_Normalizado": 19.576578567621326, "CVEGEO_2": "1900600010241", "CVE_ENT": "19", "CVE_MUN": "006", "CVE_LOC": "0001", "CVE_ASEN": "0241", "CP": "00000", "FECHA_ACT": "11/2024", "INSTITUCIO": "SECRETARÍA DE DESARROLLO URBANO, OBRAS PÚBLICAS, ECOLOGÍA Y TRANSPORTE DE APODACA", "NOM_ASEN": "NINGUNO", "TIPO": "NINGUNO", "Shape_Leng": 9310.7570935599997, "Shape_Area": 3306396.4154300001 }, "geometry": { "type": "Polygon", "coordinates": [ [ [ -100.189943831823541, 25.760059368386692 ], [ -100.189840514214225, 25.760100143388684 ], [ -100.186262329927104, 25.761529584292461 ], [ -100.183110717025414, 25.762789621391992 ], [ -100.182010098594503, 25.763235128866338 ], [ -100.17869828807406, 25.76457781227176 ], [ -100.178140999531877, 25.764814989492756 ], [ -100.177482081887007, 25.765098318336605 ], [ -100.174354344826341, 25.766441789342114 ], [ -100.17439856036107, 25.766325041129004 ], [ -100.174504694387878, 25.766237318512328 ], [ -100.174777975932798, 25.766057917510427 ], [ -100.174870607102761, 25.765906863374038 ], [ -100.174965726917307, 25.76560117094462 ], [ -100.174997849056908, 25.765401762920085 ], [ -100.174991363078178, 25.765177965793061 ], [ -100.174962460715307, 25.76510200225237 ], [ -100.174932492463157, 25.765023816869149 ], [ -100.174215372157036, 25.763733801134578 ], [ -100.173953202507278, 25.763247087839737 ], [ -100.173663571368763, 25.762530747742556 ], [ -100.173661302284046, 25.762524613126086 ], [ -100.173722060361087, 25.762505173102166 ], [ -100.175171975745286, 25.761965952860564 ], [ -100.176482046794604, 25.761479017279409 ], [ -100.177857341710208, 25.764617516678612 ], [ -100.17796997201998, 25.764880784498622 ], [ -100.178132966414339, 25.764810696978667 ], [ -100.17869025499364, 25.764573521181163 ], [ -100.182002066094313, 25.763230836959529 ], [ -100.182844071243423, 25.762889515535473 ], [ -100.18295681251783, 25.762844376444932 ], [ -100.183102683635795, 25.762785330387253 ], [ -100.186254296121106, 25.761525293804205 ], [ -100.189832478617419, 25.76009585276649 ], [ -100.189935797184674, 25.760055077886648 ], [ -100.189940585368035, 25.760052967613685 ], [ -100.189943831823541, 25.760059368386692 ] ] ] } },
{ "type": "Feature", "properties": { "CVEGEO_1": "1900600010988", "Score_Final": 44.900206634572328, "Clasificacion": "Aceptable", "Comp_NSE": 6.9858314348804971, "Comp_Competencia": 50, "Comp_Accesibilidad": 99.775828161820769, "Comp_Flujo": 50, "Indice_NSE_2025": 6.9858314348804971, "Nivel_NSE": "D/E", "NSE_Indice_Original": 6.4683624397041637, "NSE_Nivel_Original": "D/E", "Carnicerias_1km": 10, "Carnicerias_500m": 7, "Carnicerias_2km": 50, "Dist_Competidor_m": 0.0, "Densidad_Competencia_1km": 3.183098861837907, "Densidad_Competencia_500m": 8.91267681314614, "Densidad_Pobl_2025": 0.0, "Densidad_Pobl_2010": 0.0, "Tasa_Crecimiento_Pobl": null, "Porcentaje_Mujeres": null, "Poblacion_Total_2010": 0, "Poblacion_Total_2025": 0.0, "Num_Cadenas_2km": 18, "Tiene_Cadena_Cerca": 1, "HHI_Concentracion": 288.0, "Intensidad_Competitiva": 24.5, "Educacion_Normalizado": 1.2437810945273626, "Vivienda_Normalizado": 7.8022183986262066, "Activos_Normalizado": 0.91743119266055051, "Economico_Normalizado": 19.576578567621326, "CVEGEO_2": "1900600010411", "CVE_ENT": "19", "CVE_MUN": "006", "CVE_LOC": "0001", "CVE_ASEN": "0411", "CP": "66645", "FECHA_ACT": "11/2024", "INSTITUCIO": "SECRETARÍA DE DESARROLLO URBANO, OBRAS PÚBLICAS, ECOLOGÍA Y TRANSPORTE DE APODACA", "NOM_ASEN": "PARQUE INDUSTRIAL EL HUINALÁ II", "TIPO": "ZONA INDUSTRIAL", "Shape_Leng": 1340.8319442500001, "Shape_Area": 108647.895516 }, "geometry": { "type": "Polygon", "coordinates": [ [ [ -100.175331530896344, 25.758280263908588 ], [ -100.178105851970116, 25.757338162817476 ], [ -100.178741866305501, 25.758922994790407 ], [ -100.179344533798314, 25.760415955634802 ], [ -100.176482046794604, 25.761479017279409 ], [ -100.176476769693792, 25.761136527810827 ], [ -100.175970220464563, 25.759860539636325 ], [ -100.175326014657188, 25.758282136116559 ], [ -100.175331530896344, 25.758280263908588 ] ] ] } },
{ "type": "Feature", "properties": { "CVEGEO_1": "1900600010988", "Score_Final": 44.900206634572328, "Clasificacion": "Aceptable", "Comp_NSE": 6.9858314348804971, "Comp_Competencia": 50, "Comp_Accesibilidad": 99.775828161820769, "Comp_Flujo": 50, "Indice_NSE_2025": 6.9858314348804971, "Nivel_NSE": "D/E", "NSE_Indice_Original": 6.4683624397041637, "NSE_Nivel_Original": "D/E", "Carnicerias_1km": 10, "Carnicerias_500m": 7, "Carnicerias_2km": 50, "Dist_Competidor_m": 0.0, "Densidad_Competencia_1km": 3.183098861837907, "Densidad_Competencia_500m": 8.91267681314614, "Densidad_Pobl_2025": 0.0, "Densidad_Pobl_2010": 0.0, "Tasa_Crecimiento_Pobl": null, "Porcentaje_Mujeres": null, "Poblacion_Total_2010": 0, "Poblacion_Total_2025": 0.0, "Num_Cadenas_2km": 18, "Tiene_Cadena_Cerca": 1, "HHI_Concentracion": 288.0, "Intensidad_Competitiva": 24.5, "Educacion_Normalizado": 1.2437810945273626, "Vivienda_Normalizado": 7.8022183986262066, "Activos_Normalizado": 0.91743119266055051, "Economico_Normalizado": 19.576578567621326, "CVEGEO_2": "1900600010421", "CVE_ENT": "19", "CVE_MUN": "006", "CVE_LOC": "0001", "CVE_ASEN": "0421", "CP": "66603", "FECHA_ACT": "11/2024", "INSTITUCIO": "SECRETARÍA DE DESARROLLO URBANO, OBRAS PÚBLICAS, ECOLOGÍA Y TRANSPORTE DE APODACA", "NOM_ASEN": "PARQUE INDUSTRIAL REGIOMONTANO", "TIPO": "ZONA INDUSTRIAL", "Shape_Leng": 1936.54806332, "Shape_Area": 217302.9321 }, "geometry": { "type": "Polygon", "coordinates": [ [ [ -100.179344533798314, 25.760415955634802 ], [ -100.182074764665373, 25.759404114559402 ], [ -100.182113723833567, 25.760474462799269 ], [ -100.182236755110011, 25.761221938129555 ], [ -100.18240499372078, 25.761911662800514 ], [ -100.18253944267002, 25.76224617231167 ], [ -100.182844071243423, 25.762889515535473 ], [ -100.182002066094313, 25.763230836959529 ], [ -100.17869025499364, 25.764573521181163 ], [ -100.178132966414339, 25.764810696978667 ], [ -100.17796997201998, 25.764880784498622 ], [ -100.177857341710208, 25.764617516678612 ], [ -100.176482046794604, 25.761479017279409 ], [ -100.179344533798314, 25.760415955634802 ] ] ] } },
{ "type": "Feature", "properties": { "CVEGEO_1": "1900600011007", "Score_Final": 66.89030753905655, "Clasificacion": "Bueno", "Comp_NSE": 69.895292570558723, "Comp_Competencia": 50, "Comp_Accesibilidad": 99.634775696804994, "Comp_Flujo": 50, "Indice_NSE_2025": 63.541175064144284, "Nivel_NSE": "C+", "NSE_Indice_Original": 58.834421355689145, "NSE_Nivel_Original": "C+", "Carnicerias_1km": 24, "Carnicerias_500m": 12, "Carnicerias_2km": 66, "Dist_Competidor_m": 0.0, "Densidad_Competencia_1km": 7.6394372684109761, "Densidad_Competencia_500m": 15.278874536821952, "Densidad_Pobl_2025": 60.077669941088764, "Densidad_Pobl_2010": 48.06213595287101, "Tasa_Crecimiento_Pobl": 0.25, "Porcentaje_Mujeres": 10.95890410958904, "Poblacion_Total_2010": 73, "Poblacion_Total_2025": 91.25, "Num_Cadenas_2km": 27, "Tiene_Cadena_Cerca": 1, "HHI_Concentracion": 261.70798898071632, "Intensidad_Competitiva": 40.5, "Educacion_Normalizado": 3.7313432835820901, "Vivienda_Normalizado": 90.977936307373184, "Activos_Normalizado": 81.830275229357795, "Economico_Normalizado": 72.564827432158879, "CVEGEO_2": "1900600010075", "CVE_ENT": "19", "CVE_MUN": "006", "CVE_LOC": "0001", "CVE_ASEN": "0075", "CP": "66645", "FECHA_ACT": "11/2024", "INSTITUCIO": "SECRETARÍA DE DESARROLLO URBANO, OBRAS PÚBLICAS, ECOLOGÍA Y TRANSPORTE DE APODACA", "NOM_ASEN": "PARQUE INDUSTRIAL EL HUINALÁ I", "TIPO": "ZONA INDUSTRIAL", "Shape_Leng": 1375.9022515300001, "Shape_Area": 118582.917023 }, "geometry": { "type": "Polygon", "coordinates": [ [ [ -100.173893157817957, 25.758768446793436 ], [ -100.172508447249356, 25.759243207968243 ], [ -100.172355445181992, 25.759296929143822 ], [ -100.172352166453209, 25.759290969875206 ], [ -100.172500416895076, 25.759238917616912 ], [ -100.173885126512175, 25.758764156024057 ], [ -100.175323499231737, 25.758275972936495 ], [ -100.175326014657188, 25.758282136116559 ], [ -100.173893157817957, 25.758768446793436 ] ] ] } },
{ "type": "Feature", "properties": { "CVEGEO_1": "1900600011007", "Score_Final": 66.89030753905655, "Clasificacion": "Bueno", "Comp_NSE": 69.895292570558723, "Comp_Competencia": 50, "Comp_Accesibilidad": 99.634775696804994, "Comp_Flujo": 50, "Indice_NSE_2025": 63.541175064144284, "Nivel_NSE": "C+", "NSE_Indice_Original": 58.834421355689145, "NSE_Nivel_Original": "C+", "Carnicerias_1km": 24, "Carnicerias_500m": 12, "Carnicerias_2km": 66, "Dist_Competidor_m": 0.0, "Densidad_Competencia_1km": 7.6394372684109761, "Densidad_Competencia_500m": 15.278874536821952, "Densidad_Pobl_2025": 60.077669941088764, "Densidad_Pobl_2010": 48.06213595287101, "Tasa_Crecimiento_Pobl": 0.25, "Porcentaje_Mujeres": 10.95890410958904, "Poblacion_Total_2010": 73, "Poblacion_Total_2025": 91.25, "Num_Cadenas_2km": 27, "Tiene_Cadena_Cerca": 1, "HHI_Concentracion": 261.70798898071632, "Intensidad_Competitiva": 40.5, "Educacion_Normalizado": 3.7313432835820901, "Vivienda_Normalizado": 90.977936307373184, "Activos_Normalizado": 81.830275229357795, "Economico_Normalizado": 72.564827432158879, "CVEGEO_2": "1900600010077", "CVE_ENT": "19", "CVE_MUN": "006", "CVE_LOC": "0001", "CVE_ASEN": "0077", "CP": "66634", "FECHA_ACT": "11/2024", "INSTITUCIO": "SECRETARÍA DE DESARROLLO URBANO, OBRAS PÚBLICAS, ECOLOGÍA Y TRANSPORTE DE APODACA", "NOM_ASEN": "JACARANDAS PRIMER SECTOR", "TIPO": "COLONIA", "Shape_Leng": 1479.2772343, "Shape_Area": 112681.576042 }, "geometry": { "type": "Polygon", "coordinates": [ [ [ -100.184705459094914, 25.745262705232932 ], [ -100.18472748919028, 25.7457159146227 ], [ -100.184772591447896, 25.746354716329755 ], [ -100.184805144895947, 25.746894619504527 ], [ -100.184799394807868, 25.747113110128165 ], [ -100.184762940349103, 25.747492891968829 ], [ -100.184820120988519, 25.748765801838516 ], [ -100.184824323379786, 25.748859350533884 ], [ -100.18481637196524, 25.748856882253293 ], [ -100.184799810527366, 25.74872147450932 ], [ -100.184742034148229, 25.747376265700662 ], [ -100.184783335719843, 25.747170063619656 ], [ -100.184790745810659, 25.747060140671607 ], [ -100.184790230804751, 25.746828413151945 ], [ -100.184772596485899, 25.746483732273816 ], [ -100.1847194552453, 25.745711626902175 ], [ -100.184697574283177, 25.745261481778879 ], [ -100.184705459094914, 25.745262705232932 ] ] ] } },
{ "type": "Feature", "properties": { "CVEGEO_1": "1900600011007", "Score_Final": 66.89030753905655, "Clasificacion": "Bueno", "Comp_NSE": 69.895292570558723, "Comp_Competencia": 50, "Comp_Accesibilidad": 99.634775696804994, "Comp_Flujo": 50, "Indice_NSE_2025": 63.541175064144284, "Nivel_NSE": "C+", "NSE_Indice_Original": 58.834421355689145, "NSE_Nivel_Original": "C+", "Carnicerias_1km": 24, "Carnicerias_500m": 12, "Carnicerias_2km": 66, "Dist_Competidor_m": 0.0, "Densidad_Competencia_1km": 7.6394372684109761, "Densidad_Competencia_500m": 15.278874536821952, "Densidad_Pobl_2025": 60.077669941088764, "Densidad_Pobl_2010": 48.06213595287101, "Tasa_Crecimiento_Pobl": 0.25, "Porcentaje_Mujeres": 10.95890410958904, "Poblacion_Total_2010": 73, "Poblacion_Total_2025": 91.25, "Num_Cadenas_2km": 27, "Tiene_Cadena_Cerca": 1, "HHI_Concentracion": 261.70798898071632, "Intensidad_Competitiva": 40.5, "Educacion_Normalizado": 3.7313432835820901, "Vivienda_Normalizado": 90.977936307373184, "Activos_Normalizado": 81.830275229357795, "Economico_Normalizado": 72.564827432158879, "CVEGEO_2": "1900600010238", "CVE_ENT": "19", "CVE_MUN": "006", "CVE_LOC": "0001", "CVE_ASEN": "0238", "CP": "66637", "FECHA_ACT": "11/2024", "INSTITUCIO": "SECRETARÍA DE DESARROLLO URBANO, OBRAS PÚBLICAS, ECOLOGÍA Y TRANSPORTE DE APODACA", "NOM_ASEN": "PARQUE INDUSTRIAL MARTEL", "TIPO": "ZONA INDUSTRIAL", "Shape_Leng": 6651.8908830700002, "Shape_Area": 1265346.7303299999 }, "geometry": { "type": "Polygon", "coordinates": [ [ [ -100.184909046915465, 25.750000000555875 ], [ -100.184916185688564, 25.750030000099116 ], [ -100.184925404599866, 25.750071247698386 ], [ -100.184926573150307, 25.750073651732691 ], [ -100.184958088794943, 25.750206091149114 ], [ -100.18546126014914, 25.751207136171569 ], [ -100.186135495069806, 25.752548476657793 ], [ -100.187054785141541, 25.754362141922297 ], [ -100.181887642094836, 25.756399140153796 ], [ -100.181668542054737, 25.756434969130439 ], [ -100.181458000017997, 25.756432052753329 ], [ -100.181362718644777, 25.756417998174122 ], [ -100.181322835118451, 25.756413815222082 ], [ -100.181123955664788, 25.756371632024461 ], [ -100.180934629614242, 25.756379033442776 ], [ -100.180773611008362, 25.756429627570743 ], [ -100.178111406761431, 25.757336276527163 ], [ -100.178105851970116, 25.757338162817476 ], [ -100.178103373325101, 25.757331986485212 ], [ -100.180898484872401, 25.756379665529138 ], [ -100.181115922729717, 25.756367342667502 ], [ -100.181314801301554, 25.756409525577322 ], [ -100.181354685484777, 25.756413707738947 ], [ -100.181449966667245, 25.756427762904497 ], [ -100.182212098899271, 25.754274991016178 ], [ -100.182452536764558, 25.753521820651788 ], [ -100.182654133567397, 25.752896362967675 ], [ -100.182858430625728, 25.752436543232037 ], [ -100.183392852298326, 25.751171991013056 ], [ -100.183556717365775, 25.750727131361415 ], [ -100.183737282720088, 25.750475568297059 ], [ -100.183797952005762, 25.750400671818227 ], [ -100.184257932743733, 25.749853756198359 ], [ -100.184381508902916, 25.749680432634324 ], [ -100.184404347953318, 25.749653827248878 ], [ -100.184549598195346, 25.749484617673662 ], [ -100.184814835921685, 25.749163206857368 ], [ -100.184822754262001, 25.749401881184959 ], [ -100.184844743363797, 25.749576321355462 ], [ -100.184876920906547, 25.749854320136265 ], [ -100.184908534867759, 25.749995768509248 ], [ -100.184909046915465, 25.750000000555875 ] ] ] } },
{ "type": "Feature", "properties": { "CVEGEO_1": "1900600011007", "Score_Final": 66.89030753905655, "Clasificacion": "Bueno", "Comp_NSE": 69.895292570558723, "Comp_Competencia": 50, "Comp_Accesibilidad": 99.634775696804994, "Comp_Flujo": 50, "Indice_NSE_2025": 63.541175064144284, "Nivel_NSE": "C+", "NSE_Indice_Original": 58.834421355689145, "NSE_Nivel_Original": "C+", "Carnicerias_1km": 24, "Carnicerias_500m": 12, "Carnicerias_2km": 66, "Dist_Competidor_m": 0.0, "Densidad_Competencia_1km": 7.6394372684109761, "Densidad_Competencia_500m": 15.278874536821952, "Densidad_Pobl_2025": 60.077669941088764, "Densidad_Pobl_2010": 48.06213595287101, "Tasa_Crecimiento_Pobl": 0.25, "Porcentaje_Mujeres": 10.95890410958904, "Poblacion_Total_2010": 73, "Poblacion_Total_2025": 91.25, "Num_Cadenas_2km": 27, "Tiene_Cadena_Cerca": 1, "HHI_Concentracion": 261.70798898071632, "Intensidad_Competitiva": 40.5, "Educacion_Normalizado": 3.7313432835820901, "Vivienda_Normalizado": 90.977936307373184, "Activos_Normalizado": 81.830275229357795, "Economico_Normalizado": 72.564827432158879, "CVEGEO_2": "1900600010326", "CVE_ENT": "19", "CVE_MUN": "006", "CVE_LOC": "0001", "CVE_ASEN": "0326", "CP": "66634", "FECHA_ACT": "11/2024", "INSTITUCIO": "SECRETARÍA DE DESARROLLO URBANO, OBRAS PÚBLICAS, ECOLOGÍA Y TRANSPORTE DE APODACA", "NOM_ASEN": "JACARANDAS SEGUNDO SECTOR", "TIPO": "COLONIA", "Shape_Leng": 1670.94795305, "Shape_Area": 132377.567339 }, "geometry": { "type": "MultiPolygon", "coordinates": [ [ [ [ -100.184824405136453, 25.748861170504622 ], [ -100.18482646377737, 25.748917576407553 ], [ -100.184839045937935, 25.74916739658487 ], [ -100.184840824350104, 25.74934241140777 ], [ -100.184851502656898, 25.749569650197881 ], [ -100.184891731717499, 25.749856891378098 ], [ -100.184908534867759, 25.749995768509248 ], [ -100.184876920906547, 25.749854320136265 ], [ -100.184844743363797, 25.749576321355462 ], [ -100.184822754262001, 25.749401881184959 ], [ -100.184814835921685, 25.749163206857368 ], [ -100.184816291749286, 25.748892790509277 ], [ -100.18481637196524, 25.748856882253293 ], [ -100.184824323379786, 25.748859350533884 ], [ -100.184824405136453, 25.748861170504622 ] ] ], [ [ [ -100.184926573150307, 25.750073651732691 ], [ -100.184925404599866, 25.750071247698386 ], [ -100.184916185688564, 25.750030000099116 ], [ -100.184926573150307, 25.750073651732691 ] ] ] ] } },
{ "type": "Feature", "properties": { "CVEGEO_1": "1900600011007", "Score_Final": 66.89030753905655, "Clasificacion": "Bueno", "Comp_NSE": 69.895292570558723, "Comp_Competencia": 50, "Comp_Accesibilidad": 99.634775696804994, "Comp_Flujo": 50, "Indice_NSE_2025": 63.541175064144284, "Nivel_NSE": "C+", "NSE_Indice_Original": 58.834421355689145, "NSE_Nivel_Original": "C+", "Carnicerias_1km": 24, "Carnicerias_500m": 12, "Carnicerias_2km": 66, "Dist_Competidor_m": 0.0, "Densidad_Competencia_1km": 7.6394372684109761, "Densidad_Competencia_500m": 15.278874536821952, "Densidad_Pobl_2025": 60.077669941088764, "Densidad_Pobl_2010": 48.06213595287101, "Tasa_Crecimiento_Pobl": 0.25, "Porcentaje_Mujeres": 10.95890410958904, "Poblacion_Total_2010": 73, "Poblacion_Total_2025": 91.25, "Num_Cadenas_2km": 27, "Tiene_Cadena_Cerca": 1, "HHI_Concentracion": 261.70798898071632, "Intensidad_Competitiva": 40.5, "Educacion_Normalizado": 3.7313432835820901, "Vivienda_Normalizado": 90.977936307373184, "Activos_Normalizado": 81.830275229357795, "Economico_Normalizado": 72.564827432158879, "CVEGEO_2": "1900600010361", "CVE_ENT": "19", "CVE_MUN": "006", "CVE_LOC": "0001", "CVE_ASEN": "0361", "CP": "66634", "FECHA_ACT": "11/2024", "INSTITUCIO": "SECRETARÍA DE DESARROLLO URBANO, OBRAS PÚBLICAS, ECOLOGÍA Y TRANSPORTE DE APODACA", "NOM_ASEN": "PRIVADA ILTAMARINDO", "TIPO": "FRACCIONAMIENTO", "Shape_Leng": 1522.3656180099999, "Shape_Area": 105236.94970700001 }, "geometry": { "type": "Polygon", "coordinates": [ [ [ -100.180788185644417, 25.745003439392068 ], [ -100.182914763697653, 25.745033801380504 ], [ -100.183471610793902, 25.745071254028446 ], [ -100.184697574283177, 25.745261481778879 ], [ -100.1847194552453, 25.745711626902175 ], [ -100.184772596485899, 25.746483732273816 ], [ -100.184790230804751, 25.746828413151945 ], [ -100.184790745810659, 25.747060140671607 ], [ -100.184783335719843, 25.747170063619656 ], [ -100.184742034148229, 25.747376265700662 ], [ -100.184799810527366, 25.74872147450932 ], [ -100.18481637196524, 25.748856882253293 ], [ -100.184816291749286, 25.748892790509277 ], [ -100.184814835921685, 25.749163206857368 ], [ -100.184549598195346, 25.749484617673662 ], [ -100.184404347953318, 25.749653827248878 ], [ -100.183775671226314, 25.748839302615618 ], [ -100.183578862589357, 25.74858558209424 ], [ -100.183555421110455, 25.748555367568528 ], [ -100.183521701172566, 25.74851190171989 ], [ -100.182442027211891, 25.74709171166338 ], [ -100.182428178262597, 25.747036261680879 ], [ -100.182282552840064, 25.746838767728775 ], [ -100.182100521447097, 25.74659189914626 ], [ -100.181408875714169, 25.745686916093849 ], [ -100.181257343985791, 25.745495112606708 ], [ -100.18115585453522, 25.745362918065069 ], [ -100.180965349130759, 25.745115950500299 ], [ -100.180888265574694, 25.745057470076251 ], [ -100.180788096215267, 25.745003438114349 ], [ -100.180788185644417, 25.745003439392068 ] ] ] } },
{ "type": "Feature", "properties": { "CVEGEO_1": "1900600011007", "Score_Final": 66.89030753905655, "Clasificacion": "Bueno", "Comp_NSE": 69.895292570558723, "Comp_Competencia": 50, "Comp_Accesibilidad": 99.634775696804994, "Comp_Flujo": 50, "Indice_NSE_2025": 63.541175064144284, "Nivel_NSE": "C+", "NSE_Indice_Original": 58.834421355689145, "NSE_Nivel_Original": "C+", "Carnicerias_1km": 24, "Carnicerias_500m": 12, "Carnicerias_2km": 66, "Dist_Competidor_m": 0.0, "Densidad_Competencia_1km": 7.6394372684109761, "Densidad_Competencia_500m": 15.278874536821952, "Densidad_Pobl_2025": 60.077669941088764, "Densidad_Pobl_2010": 48.06213595287101, "Tasa_Crecimiento_Pobl": 0.25, "Porcentaje_Mujeres": 10.95890410958904, "Poblacion_Total_2010": 73, "Poblacion_Total_2025": 91.25, "Num_Cadenas_2km": 27, "Tiene_Cadena_Cerca": 1, "HHI_Concentracion": 261.70798898071632, "Intensidad_Competitiva": 40.5, "Educacion_Normalizado": 3.7313432835820901, "Vivienda_Normalizado": 90.977936307373184, "Activos_Normalizado": 81.830275229357795, "Economico_Normalizado": 72.564827432158879, "CVEGEO_2": "1900600010411", "CVE_ENT": "19", "CVE_MUN": "006", "CVE_LOC": "0001", "CVE_ASEN": "0411", "CP": "66645", "FECHA_ACT": "11/2024", "INSTITUCIO": "SECRETARÍA DE DESARROLLO URBANO, OBRAS PÚBLICAS, ECOLOGÍA Y TRANSPORTE DE APODACA", "NOM_ASEN": "PARQUE INDUSTRIAL EL HUINALÁ II", "TIPO": "ZONA INDUSTRIAL", "Shape_Leng": 1340.8319442500001, "Shape_Area": 108647.895516 }, "geometry": { "type": "Polygon", "coordinates": [ [ [ -100.175331530896344, 25.758280263908588 ], [ -100.175326014657188, 25.758282136116559 ], [ -100.175323499231737, 25.758275972936495 ], [ -100.178103373325101, 25.757331986485212 ], [ -100.178105851970116, 25.757338162817476 ], [ -100.175331530896344, 25.758280263908588 ] ] ] } },
{ "type": "Feature", "properties": { "CVEGEO_1": "1900600011007", "Score_Final": 66.89030753905655, "Clasificacion": "Bueno", "Comp_NSE": 69.895292570558723, "Comp_Competencia": 50, "Comp_Accesibilidad": 99.634775696804994, "Comp_Flujo": 50, "Indice_NSE_2025": 63.541175064144284, "Nivel_NSE": "C+", "NSE_Indice_Original": 58.834421355689145, "NSE_Nivel_Original": "C+", "Carnicerias_1km": 24, "Carnicerias_500m": 12, "Carnicerias_2km": 66, "Dist_Competidor_m": 0.0, "Densidad_Competencia_1km": 7.6394372684109761, "Densidad_Competencia_500m": 15.278874536821952, "Densidad_Pobl_2025": 60.077669941088764, "Densidad_Pobl_2010": 48.06213595287101, "Tasa_Crecimiento_Pobl": 0.25, "Porcentaje_Mujeres": 10.95890410958904, "Poblacion_Total_2010": 73, "Poblacion_Total_2025": 91.25, "Num_Cadenas_2km": 27, "Tiene_Cadena_Cerca": 1, "HHI_Concentracion": 261.70798898071632, "Intensidad_Competitiva": 40.5, "Educacion_Normalizado": 3.7313432835820901, "Vivienda_Normalizado": 90.977936307373184, "Activos_Normalizado": 81.830275229357795, "Economico_Normalizado": 72.564827432158879, "CVEGEO_2": "1900600010412", "CVE_ENT": "19", "CVE_MUN": "006", "CVE_LOC": "0001", "CVE_ASEN": "0412", "CP": "66645", "FECHA_ACT": "11/2024", "INSTITUCIO": "SECRETARÍA DE DESARROLLO URBANO, OBRAS PÚBLICAS, ECOLOGÍA Y TRANSPORTE DE APODACA", "NOM_ASEN": "PARQUE INDUSTRIAL EL SABINAL", "TIPO": "ZONA INDUSTRIAL", "Shape_Leng": 4442.3587141099997, "Shape_Area": 1094081.1213100001 }, "geometry": { "type": "Polygon", "coordinates": [ [ [ -100.172203924372695, 25.759021531798087 ], [ -100.17200832248308, 25.758646772664058 ], [ -100.171100748244029, 25.756837611813445 ], [ -100.170238015080741, 25.755069858066292 ], [ -100.169998695371802, 25.754549751627295 ], [ -100.169489505738568, 25.753511327856593 ], [ -100.169435509032937, 25.753287395866906 ], [ -100.170767821914865, 25.752759745623333 ], [ -100.171343979574502, 25.752539712034803 ], [ -100.171940028468327, 25.752302090897139 ], [ -100.172466739049028, 25.752094142273688 ], [ -100.173482937723449, 25.751693733037648 ], [ -100.173626798549435, 25.75162834758077 ], [ -100.174125163022978, 25.751165097874978 ], [ -100.174665030575156, 25.750674068592755 ], [ -100.174816573780774, 25.750536233441306 ], [ -100.176100564923331, 25.749334905592438 ], [ -100.176385087538847, 25.749067029848227 ], [ -100.17695282020469, 25.748471907827216 ], [ -100.177725850999892, 25.747622579188302 ], [ -100.178318411882955, 25.746944510166859 ], [ -100.178413277922346, 25.746835953785862 ], [ -100.178585483188215, 25.746637255786688 ], [ -100.178689242754629, 25.746654811450444 ], [ -100.17972620340737, 25.747592915835455 ], [ -100.181131110073025, 25.748967515429385 ], [ -100.181334667389891, 25.748886252996716 ], [ -100.182352189056417, 25.748852255282475 ], [ -100.183775671226314, 25.748839302615618 ], [ -100.184404347953318, 25.749653827248878 ], [ -100.184381508902916, 25.749680432634324 ], [ -100.184257932743733, 25.749853756198359 ], [ -100.183797952005762, 25.750400671818227 ], [ -100.183737282720088, 25.750475568297059 ], [ -100.183556717365775, 25.750727131361415 ], [ -100.183392852298326, 25.751171991013056 ], [ -100.182858430625728, 25.752436543232037 ], [ -100.182654133567397, 25.752896362967675 ], [ -100.182452536764558, 25.753521820651788 ], [ -100.182212098899271, 25.754274991016178 ], [ -100.181449966667245, 25.756427762904497 ], [ -100.181354685484777, 25.756413707738947 ], [ -100.181314801301554, 25.756409525577322 ], [ -100.181115922729717, 25.756367342667502 ], [ -100.180898484872401, 25.756379665529138 ], [ -100.178103373325101, 25.757331986485212 ], [ -100.175323499231737, 25.758275972936495 ], [ -100.173885126512175, 25.758764156024057 ], [ -100.172500416895076, 25.759238917616912 ], [ -100.172352166453209, 25.759290969875206 ], [ -100.172203924372695, 25.759021531798087 ] ] ] } },
{ "type": "Feature", "properties": { "CVEGEO_1": "1900600011007", "Score_Final": 66.89030753905655, "Clasificacion": "Bueno", "Comp_NSE": 69.895292570558723, "Comp_Competencia": 50, "Comp_Accesibilidad": 99.634775696804994, "Comp_Flujo": 50, "Indice_NSE_2025": 63.541175064144284, "Nivel_NSE": "C+", "NSE_Indice_Original": 58.834421355689145, "NSE_Nivel_Original": "C+", "Carnicerias_1km": 24, "Carnicerias_500m": 12, "Carnicerias_2km": 66, "Dist_Competidor_m": 0.0, "Densidad_Competencia_1km": 7.6394372684109761, "Densidad_Competencia_500m": 15.278874536821952, "Densidad_Pobl_2025": 60.077669941088764, "Densidad_Pobl_2010": 48.06213595287101, "Tasa_Crecimiento_Pobl": 0.25, "Porcentaje_Mujeres": 10.95890410958904, "Poblacion_Total_2010": 73, "Poblacion_Total_2025": 91.25, "Num_Cadenas_2km": 27, "Tiene_Cadena_Cerca": 1, "HHI_Concentracion": 261.70798898071632, "Intensidad_Competitiva": 40.5, "Educacion_Normalizado": 3.7313432835820901, "Vivienda_Normalizado": 90.977936307373184, "Activos_Normalizado": 81.830275229357795, "Economico_Normalizado": 72.564827432158879, "CVEGEO_2": "1900600010512", "CVE_ENT": "19", "CVE_MUN": "006", "CVE_LOC": "0001", "CVE_ASEN": "0512", "CP": "66634", "FECHA_ACT": "11/2024", "INSTITUCIO": "SECRETARÍA DE DESARROLLO URBANO, OBRAS PÚBLICAS, ECOLOGÍA Y TRANSPORTE DE APODACA", "NOM_ASEN": "MONTALTO RESIDENCIAL", "TIPO": "FRACCIONAMIENTO", "Shape_Leng": 1470.3438941700001, "Shape_Area": 116118.03677000001 }, "geometry": { "type": "Polygon", "coordinates": [ [ [ -100.180788096215267, 25.745003438114349 ], [ -100.180888265574694, 25.745057470076251 ], [ -100.180965349130759, 25.745115950500299 ], [ -100.18115585453522, 25.745362918065069 ], [ -100.181257343985791, 25.745495112606708 ], [ -100.181408875714169, 25.745686916093849 ], [ -100.182100521447097, 25.74659189914626 ], [ -100.182282552840064, 25.746838767728775 ], [ -100.182428178262597, 25.747036261680879 ], [ -100.182442027211891, 25.74709171166338 ], [ -100.183521701172566, 25.74851190171989 ], [ -100.183555421110455, 25.748555367568528 ], [ -100.183578862589357, 25.74858558209424 ], [ -100.183775671226314, 25.748839302615618 ], [ -100.182352189056417, 25.748852255282475 ], [ -100.181334667389891, 25.748886252996716 ], [ -100.181131110073025, 25.748967515429385 ], [ -100.17972620340737, 25.747592915835455 ], [ -100.178689242754629, 25.746654811450444 ], [ -100.178585483188215, 25.746637255786688 ], [ -100.179443461102636, 25.745647283185818 ], [ -100.179941481854684, 25.745066276092285 ], [ -100.179974827717473, 25.744991818541067 ], [ -100.180788096215267, 25.745003438114349 ] ] ] } },
{ "type": "Feature", "properties": { "CVEGEO_1": "1900600011030", "Score_Final": 70.462638340063535, "Clasificacion": "Bueno", "Comp_NSE": 80.034614204496364, "Comp_Competencia": 50, "Comp_Accesibilidad": 99.752616842449086, "Comp_Flujo": 50, "Indice_NSE_2025": 72.758740185905779, "Nivel_NSE": "C+", "NSE_Indice_Original": 67.369203875838679, "NSE_Nivel_Original": "C+", "Carnicerias_1km": 17, "Carnicerias_500m": 7, "Carnicerias_2km": 52, "Dist_Competidor_m": 0.0, "Densidad_Competencia_1km": 5.4112680651244416, "Densidad_Competencia_500m": 8.91267681314614, "Densidad_Pobl_2025": 2513.0903390958483, "Densidad_Pobl_2010": 2010.4722712766788, "Tasa_Crecimiento_Pobl": 0.25, "Porcentaje_Mujeres": 8.8861588861588867, "Poblacion_Total_2010": 2442, "Poblacion_Total_2025": 3052.5, "Num_Cadenas_2km": 21, "Tiene_Cadena_Cerca": 1, "HHI_Concentracion": 266.27218934911241, "Intensidad_Competitiva": 28.5, "Educacion_Normalizado": 18.28358208955224, "Vivienda_Normalizado": 98.182160228718047, "Activos_Normalizado": 89.064220183486242, "Economico_Normalizado": 75.362670729609704, "CVEGEO_2": "1900600010077", "CVE_ENT": "19", "CVE_MUN": "006", "CVE_LOC": "0001", "CVE_ASEN": "0077", "CP": "66634", "FECHA_ACT": "11/2024", "INSTITUCIO": "SECRETARÍA DE DESARROLLO URBANO, OBRAS PÚBLICAS, ECOLOGÍA Y TRANSPORTE DE APODACA", "NOM_ASEN": "JACARANDAS PRIMER SECTOR", "TIPO": "COLONIA", "Shape_Leng": 1479.2772343, "Shape_Area": 112681.576042 }, "geometry": { "type": "Polygon", "coordinates": [ [ [ -100.184820120988519, 25.748765801838516 ], [ -100.184762940349103, 25.747492891968829 ], [ -100.184799394807868, 25.747113110128165 ], [ -100.184805144895947, 25.746894619504527 ], [ -100.184772591447896, 25.746354716329755 ], [ -100.18472748919028, 25.7457159146227 ], [ -100.184705459094914, 25.745262705232932 ], [ -100.18653933647397, 25.745572694407095 ], [ -100.187163120831542, 25.745664588021199 ], [ -100.187178174404465, 25.745730152092559 ], [ -100.187439892805727, 25.746870267690738 ], [ -100.187442044486971, 25.746879420415365 ], [ -100.189014963055357, 25.747447507592202 ], [ -100.188901477655079, 25.747601780866983 ], [ -100.188686506919396, 25.747866032077496 ], [ -100.18848013767844, 25.7481284584997 ], [ -100.18840245998517, 25.748206769444103 ], [ -100.188158311620455, 25.748365455481029 ], [ -100.18792799624336, 25.748466664788143 ], [ -100.187662233924272, 25.748535795516993 ], [ -100.187177366149001, 25.748354022044719 ], [ -100.187201566411815, 25.748562341222243 ], [ -100.187221935774204, 25.748737881846484 ], [ -100.185217166378905, 25.748833861293321 ], [ -100.185215878650013, 25.748857355159092 ], [ -100.184873278537168, 25.748874547209144 ], [ -100.184824323379786, 25.748859350533884 ], [ -100.184820120988519, 25.748765801838516 ] ] ] } },
{ "type": "Feature", "properties": { "CVEGEO_1": "1900600011030", "Score_Final": 70.462638340063535, "Clasificacion": "Bueno", "Comp_NSE": 80.034614204496364, "Comp_Competencia": 50, "Comp_Accesibilidad": 99.752616842449086, "Comp_Flujo": 50, "Indice_NSE_2025": 72.758740185905779, "Nivel_NSE": "C+", "NSE_Indice_Original": 67.369203875838679, "NSE_Nivel_Original": "C+", "Carnicerias_1km": 17, "Carnicerias_500m": 7, "Carnicerias_2km": 52, "Dist_Competidor_m": 0.0, "Densidad_Competencia_1km": 5.4112680651244416, "Densidad_Competencia_500m": 8.91267681314614, "Densidad_Pobl_2025": 2513.0903390958483, "Densidad_Pobl_2010": 2010.4722712766788, "Tasa_Crecimiento_Pobl": 0.25, "Porcentaje_Mujeres": 8.8861588861588867, "Poblacion_Total_2010": 2442, "Poblacion_Total_2025": 3052.5, "Num_Cadenas_2km": 21, "Tiene_Cadena_Cerca": 1, "HHI_Concentracion": 266.27218934911241, "Intensidad_Competitiva": 28.5, "Educacion_Normalizado": 18.28358208955224, "Vivienda_Normalizado": 98.182160228718047, "Activos_Normalizado": 89.064220183486242, "Economico_Normalizado": 75.362670729609704, "CVEGEO_2": "1900600010238", "CVE_ENT": "19", "CVE_MUN": "006", "CVE_LOC": "0001", "CVE_ASEN": "0238", "CP": "66637", "FECHA_ACT": "11/2024", "INSTITUCIO": "SECRETARÍA DE DESARROLLO URBANO, OBRAS PÚBLICAS, ECOLOGÍA Y TRANSPORTE DE APODACA", "NOM_ASEN": "PARQUE INDUSTRIAL MARTEL", "TIPO": "ZONA INDUSTRIAL", "Shape_Leng": 6651.8908830700002, "Shape_Area": 1265346.7303299999 }, "geometry": { "type": "MultiPolygon", "coordinates": [ [ [ [ -100.189288057949085, 25.758766432227908 ], [ -100.188971162446663, 25.758904196222698 ], [ -100.189017094137526, 25.759035144987003 ], [ -100.188461350984269, 25.759238303175298 ], [ -100.188191065033934, 25.758607552366591 ], [ -100.189060272537617, 25.758312329111678 ], [ -100.187703019213885, 25.755641205159606 ], [ -100.187054785141541, 25.754362141922297 ], [ -100.186135495069806, 25.752548476657793 ], [ -100.18546126014914, 25.751207136171569 ], [ -100.184958088794943, 25.750206091149114 ], [ -100.184926573150307, 25.750073651732691 ], [ -100.185439114339161, 25.751128091963071 ], [ -100.185548504138481, 25.751191146656069 ], [ -100.186539182543015, 25.751069479146494 ], [ -100.186580137295522, 25.751064449893104 ], [ -100.186654168164026, 25.751073226636056 ], [ -100.186892290467341, 25.751054422753082 ], [ -100.188070022865404, 25.750931424285376 ], [ -100.188170806309515, 25.750758015847349 ], [ -100.188332998662432, 25.7507156043241 ], [ -100.189317693330253, 25.750218379379724 ], [ -100.189306960158916, 25.750177060616821 ], [ -100.189374812612968, 25.750148097652072 ], [ -100.189465239734247, 25.749898550400324 ], [ -100.189579733804905, 25.749583854288641 ], [ -100.189689488627636, 25.749275302299111 ], [ -100.189798939994844, 25.748961179508832 ], [ -100.189834869521661, 25.748894123706894 ], [ -100.190024332041602, 25.748689739323805 ], [ -100.190255664796027, 25.748435643262319 ], [ -100.190480006356722, 25.748179085141594 ], [ -100.190517094974496, 25.748216413107727 ], [ -100.190664158016929, 25.748058295786432 ], [ -100.189509843390056, 25.747636005743811 ], [ -100.189245906999133, 25.747543033048039 ], [ -100.189014963055357, 25.747447507592202 ], [ -100.187442044486971, 25.746879420415365 ], [ -100.187439892805727, 25.746870267690738 ], [ -100.187178174404465, 25.745730152092559 ], [ -100.187163120831542, 25.745664588021199 ], [ -100.18717041858244, 25.745665663098983 ], [ -100.190619128172614, 25.746241248321727 ], [ -100.191933297513401, 25.746460558323992 ], [ -100.191492342887983, 25.746816616831453 ], [ -100.191284521919442, 25.747063720234934 ], [ -100.191251988171203, 25.747199711280111 ], [ -100.191218171509433, 25.748042388774866 ], [ -100.19125974831222, 25.748563182500316 ], [ -100.19128387835795, 25.748877482536791 ], [ -100.191292383329781, 25.748968232809055 ], [ -100.191281857712156, 25.751017808668557 ], [ -100.191148854872509, 25.751875377362463 ], [ -100.191029080362824, 25.752624965726575 ], [ -100.190829792970732, 25.753882762173667 ], [ -100.190603483506422, 25.755265503052378 ], [ -100.190481687009466, 25.756009665643596 ], [ -100.190759950417473, 25.756576529362665 ], [ -100.19165078547951, 25.75843597400609 ], [ -100.191988762586931, 25.759150284344102 ], [ -100.189940585368035, 25.760052967613685 ], [ -100.189288057949085, 25.758766432227908 ] ] ], [ [ [ -100.184909046915465, 25.750000000555875 ], [ -100.184908534867759, 25.749995768509248 ], [ -100.184916185688564, 25.750030000099116 ], [ -100.184909046915465, 25.750000000555875 ] ] ] ] } },
{ "type": "Feature", "properties": { "CVEGEO_1": "1900600011030", "Score_Final": 70.462638340063535, "Clasificacion": "Bueno", "Comp_NSE": 80.034614204496364, "Comp_Competencia": 50, "Comp_Accesibilidad": 99.752616842449086, "Comp_Flujo": 50, "Indice_NSE_2025": 72.758740185905779, "Nivel_NSE": "C+", "NSE_Indice_Original": 67.369203875838679, "NSE_Nivel_Original": "C+", "Carnicerias_1km": 17, "Carnicerias_500m": 7, "Carnicerias_2km": 52, "Dist_Competidor_m": 0.0, "Densidad_Competencia_1km": 5.4112680651244416, "Densidad_Competencia_500m": 8.91267681314614, "Densidad_Pobl_2025": 2513.0903390958483, "Densidad_Pobl_2010": 2010.4722712766788, "Tasa_Crecimiento_Pobl": 0.25, "Porcentaje_Mujeres": 8.8861588861588867, "Poblacion_Total_2010": 2442, "Poblacion_Total_2025": 3052.5, "Num_Cadenas_2km": 21, "Tiene_Cadena_Cerca": 1, "HHI_Concentracion": 266.27218934911241, "Intensidad_Competitiva": 28.5, "Educacion_Normalizado": 18.28358208955224, "Vivienda_Normalizado": 98.182160228718047, "Activos_Normalizado": 89.064220183486242, "Economico_Normalizado": 75.362670729609704, "CVEGEO_2": "1900600010241", "CVE_ENT": "19", "CVE_MUN": "006", "CVE_LOC": "0001", "CVE_ASEN": "0241", "CP": "00000", "FECHA_ACT": "11/2024", "INSTITUCIO": "SECRETARÍA DE DESARROLLO URBANO, OBRAS PÚBLICAS, ECOLOGÍA Y TRANSPORTE DE APODACA", "NOM_ASEN": "NINGUNO", "TIPO": "NINGUNO", "Shape_Leng": 9310.7570935599997, "Shape_Area": 3306396.4154300001 }, "geometry": { "type": "MultiPolygon", "coordinates": [ [ [ [ -100.196381654917076, 25.757613581361781 ], [ -100.196387706537266, 25.757611147572071 ], [ -100.196386112174466, 25.757614168376211 ], [ -100.196381654917076, 25.757613581361781 ] ] ], [ [ [ -100.189943831823541, 25.760059368386692 ], [ -100.189940585368035, 25.760052967613685 ], [ -100.191988762586931, 25.759150284344102 ], [ -100.191992989507526, 25.759156253549801 ], [ -100.189943831823541, 25.760059368386692 ] ] ] ] } },
{ "type": "Feature", "properties": { "CVEGEO_1": "1900600011030", "Score_Final": 70.462638340063535, "Clasificacion": "Bueno", "Comp_NSE": 80.034614204496364, "Comp_Competencia": 50, "Comp_Accesibilidad": 99.752616842449086, "Comp_Flujo": 50, "Indice_NSE_2025": 72.758740185905779, "Nivel_NSE": "C+", "NSE_Indice_Original": 67.369203875838679, "NSE_Nivel_Original": "C+", "Carnicerias_1km": 17, "Carnicerias_500m": 7, "Carnicerias_2km": 52, "Dist_Competidor_m": 0.0, "Densidad_Competencia_1km": 5.4112680651244416, "Densidad_Competencia_500m": 8.91267681314614, "Densidad_Pobl_2025": 2513.0903390958483, "Densidad_Pobl_2010": 2010.4722712766788, "Tasa_Crecimiento_Pobl": 0.25, "Porcentaje_Mujeres": 8.8861588861588867, "Poblacion_Total_2010": 2442, "Poblacion_Total_2025": 3052.5, "Num_Cadenas_2km": 21, "Tiene_Cadena_Cerca": 1, "HHI_Concentracion": 266.27218934911241, "Intensidad_Competitiva": 28.5, "Educacion_Normalizado": 18.28358208955224, "Vivienda_Normalizado": 98.182160228718047, "Activos_Normalizado": 89.064220183486242, "Economico_Normalizado": 75.362670729609704, "CVEGEO_2": "1900600010326", "CVE_ENT": "19", "CVE_MUN": "006", "CVE_LOC": "0001", "CVE_ASEN": "0326", "CP": "66634", "FECHA_ACT": "11/2024", "INSTITUCIO": "SECRETARÍA DE DESARROLLO URBANO, OBRAS PÚBLICAS, ECOLOGÍA Y TRANSPORTE DE APODACA", "NOM_ASEN": "JACARANDAS SEGUNDO SECTOR", "TIPO": "COLONIA", "Shape_Leng": 1670.94795305, "Shape_Area": 132377.567339 }, "geometry": { "type": "Polygon", "coordinates": [ [ [ -100.184916185688564, 25.750030000099116 ], [ -100.184908534867759, 25.749995768509248 ], [ -100.184891731717499, 25.749856891378098 ], [ -100.184851502656898, 25.749569650197881 ], [ -100.184840824350104, 25.74934241140777 ], [ -100.184839045937935, 25.74916739658487 ], [ -100.18482646377737, 25.748917576407553 ], [ -100.184824405136453, 25.748861170504622 ], [ -100.184824323379786, 25.748859350533884 ], [ -100.184873278537168, 25.748874547209144 ], [ -100.185215878650013, 25.748857355159092 ], [ -100.185217166378905, 25.748833861293321 ], [ -100.187221935774204, 25.748737881846484 ], [ -100.187201566411815, 25.748562341222243 ], [ -100.187177366149001, 25.748354022044719 ], [ -100.187662233924272, 25.748535795516993 ], [ -100.18792799624336, 25.748466664788143 ], [ -100.188158311620455, 25.748365455481029 ], [ -100.18840245998517, 25.748206769444103 ], [ -100.18848013767844, 25.7481284584997 ], [ -100.188686506919396, 25.747866032077496 ], [ -100.188901477655079, 25.747601780866983 ], [ -100.189014963055357, 25.747447507592202 ], [ -100.189245906999133, 25.747543033048039 ], [ -100.189509843390056, 25.747636005743811 ], [ -100.190664158016929, 25.748058295786432 ], [ -100.190517094974496, 25.748216413107727 ], [ -100.190480006356722, 25.748179085141594 ], [ -100.190255664796027, 25.748435643262319 ], [ -100.190024332041602, 25.748689739323805 ], [ -100.189834869521661, 25.748894123706894 ], [ -100.189798939994844, 25.748961179508832 ], [ -100.189689488627636, 25.749275302299111 ], [ -100.189579733804905, 25.749583854288641 ], [ -100.189465239734247, 25.749898550400324 ], [ -100.189374812612968, 25.750148097652072 ], [ -100.189306960158916, 25.750177060616821 ], [ -100.189317693330253, 25.750218379379724 ], [ -100.188332998662432, 25.7507156043241 ], [ -100.188170806309515, 25.750758015847349 ], [ -100.188070022865404, 25.750931424285376 ], [ -100.186892290467341, 25.751054422753082 ], [ -100.186654168164026, 25.751073226636056 ], [ -100.186580137295522, 25.751064449893104 ], [ -100.186539182543015, 25.751069479146494 ], [ -100.185548504138481, 25.751191146656069 ], [ -100.185439114339161, 25.751128091963071 ], [ -100.184926573150307, 25.750073651732691 ], [ -100.184916185688564, 25.750030000099116 ] ] ] } },
{ "type": "Feature", "properties": { "CVEGEO_1": "1900600011416", "Score_Final": 69.133606376810803, "Clasificacion": "Bueno", "Comp_NSE": 76.522569974393804, "Comp_Competencia": 50, "Comp_Accesibilidad": 99.253534428864896, "Comp_Flujo": 50, "Indice_NSE_2025": 69.565972703994362, "Nivel_NSE": "C+", "NSE_Indice_Original": 64.412937688883659, "NSE_Nivel_Original": "C+", "Carnicerias_1km": 26, "Carnicerias_500m": 8, "Carnicerias_2km": 58, "Dist_Competidor_m": 145.15653416790718, "Densidad_Competencia_1km": 8.2760570407785572, "Densidad_Competencia_500m": 10.185916357881302, "Densidad_Pobl_2025": 1005.1501565012309, "Densidad_Pobl_2010": 804.1201252009846, "Tasa_Crecimiento_Pobl": 0.25, "Porcentaje_Mujeres": 4.0511727078891262, "Poblacion_Total_2010": 469, "Poblacion_Total_2025": 586.25, "Num_Cadenas_2km": 31, "Tiene_Cadena_Cerca": 1, "HHI_Concentracion": 511.29607609988113, "Intensidad_Competitiva": 35.5, "Educacion_Normalizado": 39.179104477611936, "Vivienda_Normalizado": 93.922219560055595, "Activos_Normalizado": 65.151376146788991, "Economico_Normalizado": 64.454037094444601, "CVEGEO_2": "1900600010071", "CVE_ENT": "19", "CVE_MUN": "006", "CVE_LOC": "0001", "CVE_ASEN": "0071", "CP": "66640", "FECHA_ACT": "11/2024", "INSTITUCIO": "SECRETARÍA DE DESARROLLO URBANO, OBRAS PÚBLICAS, ECOLOGÍA Y TRANSPORTE DE APODACA", "NOM_ASEN": "HUINALÁ", "TIPO": "COLONIA", "Shape_Leng": 7098.8413938399999, "Shape_Area": 975235.65223200002 }, "geometry": { "type": "Polygon", "coordinates": [ [ [ -100.167838586416124, 25.746330582259681 ], [ -100.167518024820566, 25.747419475799926 ], [ -100.166644597671109, 25.747369019867783 ], [ -100.166577747055541, 25.74792014625735 ], [ -100.166536084103981, 25.748313478422546 ], [ -100.16649546238277, 25.748716607281096 ], [ -100.166425870776862, 25.748653065776889 ], [ -100.164453692814817, 25.747317305299376 ], [ -100.164365205930196, 25.747297600697742 ], [ -100.164191533896357, 25.747630270869823 ], [ -100.163329842769201, 25.749185522822579 ], [ -100.163102075470931, 25.749035295868559 ], [ -100.162747131074624, 25.748768446615323 ], [ -100.162441541916365, 25.748492197289679 ], [ -100.162157584488185, 25.748202331840968 ], [ -100.16183609668191, 25.747770958339437 ], [ -100.161515558385446, 25.747276720720095 ], [ -100.161279460653077, 25.746720702541609 ], [ -100.161139191465736, 25.746365218857733 ], [ -100.16097921061268, 25.745869931046812 ], [ -100.161897946800636, 25.744830677591864 ], [ -100.162085487083289, 25.744616015795845 ], [ -100.163536200192169, 25.74476051132147 ], [ -100.163797574885436, 25.745032661267853 ], [ -100.163847126837155, 25.745100805183846 ], [ -100.164180745949437, 25.744781017125312 ], [ -100.164846118988862, 25.744083136470906 ], [ -100.165432843700728, 25.743464072530966 ], [ -100.165608924494833, 25.74327875857341 ], [ -100.166649788128723, 25.742183867031589 ], [ -100.166819603252421, 25.742012641444255 ], [ -100.166813971068862, 25.742265079376654 ], [ -100.166800561791447, 25.743339467247715 ], [ -100.1667907915852, 25.743907807392489 ], [ -100.166790042600709, 25.743975632078396 ], [ -100.166777879524346, 25.745077355593818 ], [ -100.166785985816446, 25.745074725953142 ], [ -100.166785909450837, 25.745081643585646 ], [ -100.167047715615681, 25.744996714776089 ], [ -100.167488180082287, 25.744891976698103 ], [ -100.16777938099203, 25.744860803420377 ], [ -100.16833345043203, 25.744867151310011 ], [ -100.167860600925891, 25.746239111833091 ], [ -100.167840159064824, 25.746326019221588 ], [ -100.167838586416124, 25.746330582259681 ] ] ] } },
{ "type": "Feature", "properties": { "CVEGEO_1": "1900600011416", "Score_Final": 69.133606376810803, "Clasificacion": "Bueno", "Comp_NSE": 76.522569974393804, "Comp_Competencia": 50, "Comp_Accesibilidad": 99.253534428864896, "Comp_Flujo": 50, "Indice_NSE_2025": 69.565972703994362, "Nivel_NSE": "C+", "NSE_Indice_Original": 64.412937688883659, "NSE_Nivel_Original": "C+", "Carnicerias_1km": 26, "Carnicerias_500m": 8, "Carnicerias_2km": 58, "Dist_Competidor_m": 145.15653416790718, "Densidad_Competencia_1km": 8.2760570407785572, "Densidad_Competencia_500m": 10.185916357881302, "Densidad_Pobl_2025": 1005.1501565012309, "Densidad_Pobl_2010": 804.1201252009846, "Tasa_Crecimiento_Pobl": 0.25, "Porcentaje_Mujeres": 4.0511727078891262, "Poblacion_Total_2010": 469, "Poblacion_Total_2025": 586.25, "Num_Cadenas_2km": 31, "Tiene_Cadena_Cerca": 1, "HHI_Concentracion": 511.29607609988113, "Intensidad_Competitiva": 35.5, "Educacion_Normalizado": 39.179104477611936, "Vivienda_Normalizado": 93.922219560055595, "Activos_Normalizado": 65.151376146788991, "Economico_Normalizado": 64.454037094444601, "CVEGEO_2": "1900600010174", "CVE_ENT": "19", "CVE_MUN": "006", "CVE_LOC": "0001", "CVE_ASEN": "0174", "CP": "66646", "FECHA_ACT": "11/2024", "INSTITUCIO": "SECRETARÍA DE DESARROLLO URBANO, OBRAS PÚBLICAS, ECOLOGÍA Y TRANSPORTE DE APODACA", "NOM_ASEN": "PUEBLO NUEVO CUARTO SECTOR", "TIPO": "COLONIA", "Shape_Leng": 3878.9388214000001, "Shape_Area": 384352.43033300003 }, "geometry": { "type": "Polygon", "coordinates": [ [ [ -100.169389976967622, 25.753606241729145 ], [ -100.168861841437533, 25.753748360204238 ], [ -100.168855458714233, 25.75373418824379 ], [ -100.169383932062573, 25.753597944257116 ], [ -100.169481475581023, 25.753507039284603 ], [ -100.169485467032104, 25.753515179298418 ], [ -100.169389976967622, 25.753606241729145 ] ] ] } },
{ "type": "Feature", "properties": { "CVEGEO_1": "1900600011416", "Score_Final": 69.133606376810803, "Clasificacion": "Bueno", "Comp_NSE": 76.522569974393804, "Comp_Competencia": 50, "Comp_Accesibilidad": 99.253534428864896, "Comp_Flujo": 50, "Indice_NSE_2025": 69.565972703994362, "Nivel_NSE": "C+", "NSE_Indice_Original": 64.412937688883659, "NSE_Nivel_Original": "C+", "Carnicerias_1km": 26, "Carnicerias_500m": 8, "Carnicerias_2km": 58, "Dist_Competidor_m": 145.15653416790718, "Densidad_Competencia_1km": 8.2760570407785572, "Densidad_Competencia_500m": 10.185916357881302, "Densidad_Pobl_2025": 1005.1501565012309, "Densidad_Pobl_2010": 804.1201252009846, "Tasa_Crecimiento_Pobl": 0.25, "Porcentaje_Mujeres": 4.0511727078891262, "Poblacion_Total_2010": 469, "Poblacion_Total_2025": 586.25, "Num_Cadenas_2km": 31, "Tiene_Cadena_Cerca": 1, "HHI_Concentracion": 511.29607609988113, "Intensidad_Competitiva": 35.5, "Educacion_Normalizado": 39.179104477611936, "Vivienda_Normalizado": 93.922219560055595, "Activos_Normalizado": 65.151376146788991, "Economico_Normalizado": 64.454037094444601, "CVEGEO_2": "1900600010175", "CVE_ENT": "19", "CVE_MUN": "006", "CVE_LOC": "0001", "CVE_ASEN": "0175", "CP": "66646", "FECHA_ACT": "11/2024", "INSTITUCIO": "SECRETARÍA DE DESARROLLO URBANO, OBRAS PÚBLICAS, ECOLOGÍA Y TRANSPORTE DE APODACA", "NOM_ASEN": "PUEBLO NUEVO QUINTO SECTOR", "TIPO": "COLONIA", "Shape_Leng": 3083.1966139199999, "Shape_Area": 559003.02493399999 }, "geometry": { "type": "Polygon", "coordinates": [ [ [ -100.168846023134421, 25.75375261682586 ], [ -100.168407388867678, 25.753873061228155 ], [ -100.167951349866115, 25.753953757919117 ], [ -100.167603700574574, 25.753984800822266 ], [ -100.167439394679604, 25.754005695432404 ], [ -100.167185074760837, 25.754060388800131 ], [ -100.166584019214469, 25.754210138036338 ], [ -100.165961483774439, 25.754370401565453 ], [ -100.165582352421453, 25.754461630790573 ], [ -100.1652677550574, 25.754491617978314 ], [ -100.165155024096819, 25.754517501516307 ], [ -100.164767431418369, 25.754647272057717 ], [ -100.164338320087381, 25.75480198368377 ], [ -100.164022986529403, 25.754921622397713 ], [ -100.164022137807208, 25.754914608494843 ], [ -100.164330291393114, 25.754797694444967 ], [ -100.16475940166805, 25.754642983133831 ], [ -100.165146994441187, 25.754513211044259 ], [ -100.165259725128934, 25.754487328880209 ], [ -100.165574322046012, 25.754457341776824 ], [ -100.16595345482024, 25.754366111581888 ], [ -100.166575988787756, 25.75420584779738 ], [ -100.167177045647179, 25.754056099100588 ], [ -100.167431365435178, 25.754001405990664 ], [ -100.167595671070373, 25.753980510678122 ], [ -100.16794855370334, 25.753946045010156 ], [ -100.168411037297858, 25.753860236522875 ], [ -100.168855458714233, 25.75373418824379 ], [ -100.168861841437533, 25.753748360204238 ], [ -100.168846023134421, 25.75375261682586 ] ] ] } },
{ "type": "Feature", "properties": { "CVEGEO_1": "1900600011416", "Score_Final": 69.133606376810803, "Clasificacion": "Bueno", "Comp_NSE": 76.522569974393804, "Comp_Competencia": 50, "Comp_Accesibilidad": 99.253534428864896, "Comp_Flujo": 50, "Indice_NSE_2025": 69.565972703994362, "Nivel_NSE": "C+", "NSE_Indice_Original": 64.412937688883659, "NSE_Nivel_Original": "C+", "Carnicerias_1km": 26, "Carnicerias_500m": 8, "Carnicerias_2km": 58, "Dist_Competidor_m": 145.15653416790718, "Densidad_Competencia_1km": 8.2760570407785572, "Densidad_Competencia_500m": 10.185916357881302, "Densidad_Pobl_2025": 1005.1501565012309, "Densidad_Pobl_2010": 804.1201252009846, "Tasa_Crecimiento_Pobl": 0.25, "Porcentaje_Mujeres": 4.0511727078891262, "Poblacion_Total_2010": 469, "Poblacion_Total_2025": 586.25, "Num_Cadenas_2km": 31, "Tiene_Cadena_Cerca": 1, "HHI_Concentracion": 511.29607609988113, "Intensidad_Competitiva": 35.5, "Educacion_Normalizado": 39.179104477611936, "Vivienda_Normalizado": 93.922219560055595, "Activos_Normalizado": 65.151376146788991, "Economico_Normalizado": 64.454037094444601, "CVEGEO_2": "1900600010229", "CVE_ENT": "19", "CVE_MUN": "006", "CVE_LOC": "0001", "CVE_ASEN": "0229", "CP": "66640", "FECHA_ACT": "11/2024", "INSTITUCIO": "SECRETARÍA DE DESARROLLO URBANO, OBRAS PÚBLICAS, ECOLOGÍA Y TRANSPORTE DE APODACA", "NOM_ASEN": "REAL HACIENDA DE HUINALÁ", "TIPO": "COLONIA", "Shape_Leng": 2429.9797224099998, "Shape_Area": 320261.13823400001 }, "geometry": { "type": "Polygon", "coordinates": [ [ [ -100.163934947593503, 25.754194062133067 ], [ -100.163794317522886, 25.753007126337511 ], [ -100.163790678157369, 25.752751797804674 ], [ -100.16367455188319, 25.751819378392106 ], [ -100.163648537778897, 25.751770711233501 ], [ -100.163614216497848, 25.7514994992206 ], [ -100.163590489952384, 25.751413189658138 ], [ -100.163521668163199, 25.750545019447614 ], [ -100.162769952830104, 25.750236152967609 ], [ -100.163187818687646, 25.749476825371701 ], [ -100.163337462904806, 25.749190548784469 ], [ -100.163329842769201, 25.749185522822579 ], [ -100.164191533896357, 25.747630270869823 ], [ -100.164365205930196, 25.747297600697742 ], [ -100.164453692814817, 25.747317305299376 ], [ -100.166425870776862, 25.748653065776889 ], [ -100.16649546238277, 25.748716607281096 ], [ -100.166624640378814, 25.748842148537925 ], [ -100.167009680862208, 25.749409111195419 ], [ -100.167109502942807, 25.7495263840474 ], [ -100.167177080380213, 25.749668340528949 ], [ -100.167307412250082, 25.749870426575779 ], [ -100.16770602339875, 25.750480341021735 ], [ -100.168603742375694, 25.751860035448882 ], [ -100.169449517040704, 25.753227854004248 ], [ -100.169427479364245, 25.753283105941122 ], [ -100.169481475581023, 25.753507039284603 ], [ -100.169383932062573, 25.753597944257116 ], [ -100.168855458714233, 25.75373418824379 ], [ -100.168411037297858, 25.753860236522875 ], [ -100.16794855370334, 25.753946045010156 ], [ -100.167595671070373, 25.753980510678122 ], [ -100.167431365435178, 25.754001405990664 ], [ -100.167177045647179, 25.754056099100588 ], [ -100.166575988787756, 25.75420584779738 ], [ -100.16595345482024, 25.754366111581888 ], [ -100.165574322046012, 25.754457341776824 ], [ -100.165259725128934, 25.754487328880209 ], [ -100.165146994441187, 25.754513211044259 ], [ -100.16475940166805, 25.754642983133831 ], [ -100.164330291393114, 25.754797694444967 ], [ -100.164022137807208, 25.754914608494843 ], [ -100.163934947593503, 25.754194062133067 ] ] ] } },
{ "type": "Feature", "properties": { "CVEGEO_1": "1900600011416", "Score_Final": 69.133606376810803, "Clasificacion": "Bueno", "Comp_NSE": 76.522569974393804, "Comp_Competencia": 50, "Comp_Accesibilidad": 99.253534428864896, "Comp_Flujo": 50, "Indice_NSE_2025": 69.565972703994362, "Nivel_NSE": "C+", "NSE_Indice_Original": 64.412937688883659, "NSE_Nivel_Original": "C+", "Carnicerias_1km": 26, "Carnicerias_500m": 8, "Carnicerias_2km": 58, "Dist_Competidor_m": 145.15653416790718, "Densidad_Competencia_1km": 8.2760570407785572, "Densidad_Competencia_500m": 10.185916357881302, "Densidad_Pobl_2025": 1005.1501565012309, "Densidad_Pobl_2010": 804.1201252009846, "Tasa_Crecimiento_Pobl": 0.25, "Porcentaje_Mujeres": 4.0511727078891262, "Poblacion_Total_2010": 469, "Poblacion_Total_2025": 586.25, "Num_Cadenas_2km": 31, "Tiene_Cadena_Cerca": 1, "HHI_Concentracion": 511.29607609988113, "Intensidad_Competitiva": 35.5, "Educacion_Normalizado": 39.179104477611936, "Vivienda_Normalizado": 93.922219560055595, "Activos_Normalizado": 65.151376146788991, "Economico_Normalizado": 64.454037094444601, "CVEGEO_2": "1900600010340", "CVE_ENT": "19", "CVE_MUN": "006", "CVE_LOC": "0001", "CVE_ASEN": "0340", "CP": "66640", "FECHA_ACT": "11/2024", "INSTITUCIO": "SECRETARÍA DE DESARROLLO URBANO, OBRAS PÚBLICAS, ECOLOGÍA Y TRANSPORTE DE APODACA", "NOM_ASEN": "LOS PRADOS RESIDENCIAL PRIMER SECTOR", "TIPO": "FRACCIONAMIENTO", "Shape_Leng": 1333.18986496, "Shape_Area": 87586.404823999997 }, "geometry": { "type": "Polygon", "coordinates": [ [ [ -100.166827915193721, 25.742004260464984 ], [ -100.166822001105032, 25.742269365827401 ], [ -100.166808591579681, 25.743343755303648 ], [ -100.166798820421192, 25.743912094842987 ], [ -100.166798161764305, 25.743971759211881 ], [ -100.166790042600709, 25.743975632078396 ], [ -100.1667907915852, 25.743907807392489 ], [ -100.166800561791447, 25.743339467247715 ], [ -100.166813971068862, 25.742265079376654 ], [ -100.166819603252421, 25.742012641444255 ], [ -100.166827915193721, 25.742004260464984 ] ] ] } },
{ "type": "Feature", "properties": { "CVEGEO_1": "1900600011416", "Score_Final": 69.133606376810803, "Clasificacion": "Bueno", "Comp_NSE": 76.522569974393804, "Comp_Competencia": 50, "Comp_Accesibilidad": 99.253534428864896, "Comp_Flujo": 50, "Indice_NSE_2025": 69.565972703994362, "Nivel_NSE": "C+", "NSE_Indice_Original": 64.412937688883659, "NSE_Nivel_Original": "C+", "Carnicerias_1km": 26, "Carnicerias_500m": 8, "Carnicerias_2km": 58, "Dist_Competidor_m": 145.15653416790718, "Densidad_Competencia_1km": 8.2760570407785572, "Densidad_Competencia_500m": 10.185916357881302, "Densidad_Pobl_2025": 1005.1501565012309, "Densidad_Pobl_2010": 804.1201252009846, "Tasa_Crecimiento_Pobl": 0.25, "Porcentaje_Mujeres": 4.0511727078891262, "Poblacion_Total_2010": 469, "Poblacion_Total_2025": 586.25, "Num_Cadenas_2km": 31, "Tiene_Cadena_Cerca": 1, "HHI_Concentracion": 511.29607609988113, "Intensidad_Competitiva": 35.5, "Educacion_Normalizado": 39.179104477611936, "Vivienda_Normalizado": 93.922219560055595, "Activos_Normalizado": 65.151376146788991, "Economico_Normalizado": 64.454037094444601, "CVEGEO_2": "1900600010352", "CVE_ENT": "19", "CVE_MUN": "006", "CVE_LOC": "0001", "CVE_ASEN": "0352", "CP": "66640", "FECHA_ACT": "11/2024", "INSTITUCIO": "SECRETARÍA DE DESARROLLO URBANO, OBRAS PÚBLICAS, ECOLOGÍA Y TRANSPORTE DE APODACA", "NOM_ASEN": "PARQUE INDUSTRIAL SAN ANDRÉS", "TIPO": "ZONA INDUSTRIAL", "Shape_Leng": 1524.03276501, "Shape_Area": 87810.367068599997 }, "geometry": { "type": "Polygon", "coordinates": [ [ [ -100.166798071685506, 25.743979918990931 ], [ -100.166785985816446, 25.745074725953142 ], [ -100.166777879524346, 25.745077355593818 ], [ -100.166790042600709, 25.743975632078396 ], [ -100.166798161764305, 25.743971759211881 ], [ -100.166798071685506, 25.743979918990931 ] ] ] } },
{ "type": "Feature", "properties": { "CVEGEO_1": "1900600011416", "Score_Final": 69.133606376810803, "Clasificacion": "Bueno", "Comp_NSE": 76.522569974393804, "Comp_Competencia": 50, "Comp_Accesibilidad": 99.253534428864896, "Comp_Flujo": 50, "Indice_NSE_2025": 69.565972703994362, "Nivel_NSE": "C+", "NSE_Indice_Original": 64.412937688883659, "NSE_Nivel_Original": "C+", "Carnicerias_1km": 26, "Carnicerias_500m": 8, "Carnicerias_2km": 58, "Dist_Competidor_m": 145.15653416790718, "Densidad_Competencia_1km": 8.2760570407785572, "Densidad_Competencia_500m": 10.185916357881302, "Densidad_Pobl_2025": 1005.1501565012309, "Densidad_Pobl_2010": 804.1201252009846, "Tasa_Crecimiento_Pobl": 0.25, "Porcentaje_Mujeres": 4.0511727078891262, "Poblacion_Total_2010": 469, "Poblacion_Total_2025": 586.25, "Num_Cadenas_2km": 31, "Tiene_Cadena_Cerca": 1, "HHI_Concentracion": 511.29607609988113, "Intensidad_Competitiva": 35.5, "Educacion_Normalizado": 39.179104477611936, "Vivienda_Normalizado": 93.922219560055595, "Activos_Normalizado": 65.151376146788991, "Economico_Normalizado": 64.454037094444601, "CVEGEO_2": "1900600010393", "CVE_ENT": "19", "CVE_MUN": "006", "CVE_LOC": "0001", "CVE_ASEN": "0393", "CP": "66645", "FECHA_ACT": "11/2024", "INSTITUCIO": "SECRETARÍA DE DESARROLLO URBANO, OBRAS PÚBLICAS, ECOLOGÍA Y TRANSPORTE DE APODACA", "NOM_ASEN": "BOSQUES DE HUINALÁ PRIMER SECTOR", "TIPO": "FRACCIONAMIENTO", "Shape_Leng": 985.09485570300001, "Shape_Area": 52906.902010600003 }, "geometry": { "type": "Polygon", "coordinates": [ [ [ -100.168606050422667, 25.751855535025992 ], [ -100.168603742375694, 25.751860035448882 ], [ -100.16770602339875, 25.750480341021735 ], [ -100.167307412250082, 25.749870426575779 ], [ -100.167312592716684, 25.749868487457523 ], [ -100.168606050422667, 25.751855535025992 ] ] ] } },
{ "type": "Feature", "properties": { "CVEGEO_1": "1900600011416", "Score_Final": 69.133606376810803, "Clasificacion": "Bueno", "Comp_NSE": 76.522569974393804, "Comp_Competencia": 50, "Comp_Accesibilidad": 99.253534428864896, "Comp_Flujo": 50, "Indice_NSE_2025": 69.565972703994362, "Nivel_NSE": "C+", "NSE_Indice_Original": 64.412937688883659, "NSE_Nivel_Original": "C+", "Carnicerias_1km": 26, "Carnicerias_500m": 8, "Carnicerias_2km": 58, "Dist_Competidor_m": 145.15653416790718, "Densidad_Competencia_1km": 8.2760570407785572, "Densidad_Competencia_500m": 10.185916357881302, "Densidad_Pobl_2025": 1005.1501565012309, "Densidad_Pobl_2010": 804.1201252009846, "Tasa_Crecimiento_Pobl": 0.25, "Porcentaje_Mujeres": 4.0511727078891262, "Poblacion_Total_2010": 469, "Poblacion_Total_2025": 586.25, "Num_Cadenas_2km": 31, "Tiene_Cadena_Cerca": 1, "HHI_Concentracion": 511.29607609988113, "Intensidad_Competitiva": 35.5, "Educacion_Normalizado": 39.179104477611936, "Vivienda_Normalizado": 93.922219560055595, "Activos_Normalizado": 65.151376146788991, "Economico_Normalizado": 64.454037094444601, "CVEGEO_2": "1900600010394", "CVE_ENT": "19", "CVE_MUN": "006", "CVE_LOC": "0001", "CVE_ASEN": "0394", "CP": "66645", "FECHA_ACT": "11/2024", "INSTITUCIO": "SECRETARÍA DE DESARROLLO URBANO, OBRAS PÚBLICAS, ECOLOGÍA Y TRANSPORTE DE APODACA", "NOM_ASEN": "BOSQUES DE HUINALÁ SEGUNDO SECTOR", "TIPO": "FRACCIONAMIENTO", "Shape_Leng": 1227.35403918, "Shape_Area": 68999.676639600002 }, "geometry": { "type": "Polygon", "coordinates": [ [ [ -100.166524230040679, 25.748739830052457 ], [ -100.166632661085785, 25.748846438482918 ], [ -100.167017717723539, 25.749413393627641 ], [ -100.167117532067508, 25.749530673028616 ], [ -100.167185098075791, 25.749672626460278 ], [ -100.167312592716684, 25.749868487457523 ], [ -100.167307412250082, 25.749870426575779 ], [ -100.167177080380213, 25.749668340528949 ], [ -100.167109502942807, 25.7495263840474 ], [ -100.167009680862208, 25.749409111195419 ], [ -100.166624640378814, 25.748842148537925 ], [ -100.16649546238277, 25.748716607281096 ], [ -100.166536084103981, 25.748313478422546 ], [ -100.166567559907918, 25.748311454941373 ], [ -100.166524230040679, 25.748739830052457 ] ] ] } },
{ "type": "Feature", "properties": { "CVEGEO_1": "1900600011416", "Score_Final": 69.133606376810803, "Clasificacion": "Bueno", "Comp_NSE": 76.522569974393804, "Comp_Competencia": 50, "Comp_Accesibilidad": 99.253534428864896, "Comp_Flujo": 50, "Indice_NSE_2025": 69.565972703994362, "Nivel_NSE": "C+", "NSE_Indice_Original": 64.412937688883659, "NSE_Nivel_Original": "C+", "Carnicerias_1km": 26, "Carnicerias_500m": 8, "Carnicerias_2km": 58, "Dist_Competidor_m": 145.15653416790718, "Densidad_Competencia_1km": 8.2760570407785572, "Densidad_Competencia_500m": 10.185916357881302, "Densidad_Pobl_2025": 1005.1501565012309, "Densidad_Pobl_2010": 804.1201252009846, "Tasa_Crecimiento_Pobl": 0.25, "Porcentaje_Mujeres": 4.0511727078891262, "Poblacion_Total_2010": 469, "Poblacion_Total_2025": 586.25, "Num_Cadenas_2km": 31, "Tiene_Cadena_Cerca": 1, "HHI_Concentracion": 511.29607609988113, "Intensidad_Competitiva": 35.5, "Educacion_Normalizado": 39.179104477611936, "Vivienda_Normalizado": 93.922219560055595, "Activos_Normalizado": 65.151376146788991, "Economico_Normalizado": 64.454037094444601, "CVEGEO_2": "1900600010412", "CVE_ENT": "19", "CVE_MUN": "006", "CVE_LOC": "0001", "CVE_ASEN": "0412", "CP": "66645", "FECHA_ACT": "11/2024", "INSTITUCIO": "SECRETARÍA DE DESARROLLO URBANO, OBRAS PÚBLICAS, ECOLOGÍA Y TRANSPORTE DE APODACA", "NOM_ASEN": "PARQUE INDUSTRIAL EL SABINAL", "TIPO": "ZONA INDUSTRIAL", "Shape_Leng": 4442.3587141099997, "Shape_Area": 1094081.1213100001 }, "geometry": { "type": "Polygon", "coordinates": [ [ [ -100.169435509032937, 25.753287395866906 ], [ -100.169489505738568, 25.753511327856593 ], [ -100.169485467032104, 25.753515179298418 ], [ -100.169481475581023, 25.753507039284603 ], [ -100.169427479364245, 25.753283105941122 ], [ -100.169439047248943, 25.753278524585998 ], [ -100.169435509032937, 25.753287395866906 ] ] ] } },
{ "type": "Feature", "properties": { "CVEGEO_1": "1900600011416", "Score_Final": 69.133606376810803, "Clasificacion": "Bueno", "Comp_NSE": 76.522569974393804, "Comp_Competencia": 50, "Comp_Accesibilidad": 99.253534428864896, "Comp_Flujo": 50, "Indice_NSE_2025": 69.565972703994362, "Nivel_NSE": "C+", "NSE_Indice_Original": 64.412937688883659, "NSE_Nivel_Original": "C+", "Carnicerias_1km": 26, "Carnicerias_500m": 8, "Carnicerias_2km": 58, "Dist_Competidor_m": 145.15653416790718, "Densidad_Competencia_1km": 8.2760570407785572, "Densidad_Competencia_500m": 10.185916357881302, "Densidad_Pobl_2025": 1005.1501565012309, "Densidad_Pobl_2010": 804.1201252009846, "Tasa_Crecimiento_Pobl": 0.25, "Porcentaje_Mujeres": 4.0511727078891262, "Poblacion_Total_2010": 469, "Poblacion_Total_2025": 586.25, "Num_Cadenas_2km": 31, "Tiene_Cadena_Cerca": 1, "HHI_Concentracion": 511.29607609988113, "Intensidad_Competitiva": 35.5, "Educacion_Normalizado": 39.179104477611936, "Vivienda_Normalizado": 93.922219560055595, "Activos_Normalizado": 65.151376146788991, "Economico_Normalizado": 64.454037094444601, "CVEGEO_2": "1900600010418", "CVE_ENT": "19", "CVE_MUN": "006", "CVE_LOC": "0001", "CVE_ASEN": "0418", "CP": "66645", "FECHA_ACT": "11/2024", "INSTITUCIO": "SECRETARÍA DE DESARROLLO URBANO, OBRAS PÚBLICAS, ECOLOGÍA Y TRANSPORTE DE APODACA", "NOM_ASEN": "PARQUE INDUSTRIAL LAS AMÉRICAS", "TIPO": "ZONA INDUSTRIAL", "Shape_Leng": 2002.6583922899999, "Shape_Area": 176161.600767 }, "geometry": { "type": "MultiPolygon", "coordinates": [ [ [ [ -100.167840159064824, 25.746326019221588 ], [ -100.167860600925891, 25.746239111833091 ], [ -100.16833345043203, 25.744867151310011 ], [ -100.168342919738748, 25.744867259798422 ], [ -100.167840159064824, 25.746326019221588 ] ] ], [ [ [ -100.167497737419666, 25.747488388670629 ], [ -100.166675273633032, 25.747483437362408 ], [ -100.166605390695736, 25.747937445765679 ], [ -100.166567559907918, 25.748311454941373 ], [ -100.166536084103981, 25.748313478422546 ], [ -100.166577747055541, 25.74792014625735 ], [ -100.166644597671109, 25.747369019867783 ], [ -100.167518024820566, 25.747419475799926 ], [ -100.167497737419666, 25.747488388670629 ] ] ] ] } },
{ "type": "Feature", "properties": { "CVEGEO_1": "1900600011416", "Score_Final": 69.133606376810803, "Clasificacion": "Bueno", "Comp_NSE": 76.522569974393804, "Comp_Competencia": 50, "Comp_Accesibilidad": 99.253534428864896, "Comp_Flujo": 50, "Indice_NSE_2025": 69.565972703994362, "Nivel_NSE": "C+", "NSE_Indice_Original": 64.412937688883659, "NSE_Nivel_Original": "C+", "Carnicerias_1km": 26, "Carnicerias_500m": 8, "Carnicerias_2km": 58, "Dist_Competidor_m": 145.15653416790718, "Densidad_Competencia_1km": 8.2760570407785572, "Densidad_Competencia_500m": 10.185916357881302, "Densidad_Pobl_2025": 1005.1501565012309, "Densidad_Pobl_2010": 804.1201252009846, "Tasa_Crecimiento_Pobl": 0.25, "Porcentaje_Mujeres": 4.0511727078891262, "Poblacion_Total_2010": 469, "Poblacion_Total_2025": 586.25, "Num_Cadenas_2km": 31, "Tiene_Cadena_Cerca": 1, "HHI_Concentracion": 511.29607609988113, "Intensidad_Competitiva": 35.5, "Educacion_Normalizado": 39.179104477611936, "Vivienda_Normalizado": 93.922219560055595, "Activos_Normalizado": 65.151376146788991, "Economico_Normalizado": 64.454037094444601, "CVEGEO_2": "1900600010445", "CVE_ENT": "19", "CVE_MUN": "006", "CVE_LOC": "0001", "CVE_ASEN": "0445", "CP": "66645", "FECHA_ACT": "11/2024", "INSTITUCIO": "SECRETARÍA DE DESARROLLO URBANO, OBRAS PÚBLICAS, ECOLOGÍA Y TRANSPORTE DE APODACA", "NOM_ASEN": "URBI 21 PARQUE INDUSTRIAL HUINALÁ", "TIPO": "ZONA INDUSTRIAL", "Shape_Leng": 1792.0267166900001, "Shape_Area": 157943.57047899999 }, "geometry": { "type": "Polygon", "coordinates": [ [ [ -100.168611771437298, 25.751864323816033 ], [ -100.169457542678956, 25.753232151454739 ], [ -100.169439047248943, 25.753278524585998 ], [ -100.169427479364245, 25.753283105941122 ], [ -100.169449517040704, 25.753227854004248 ], [ -100.168603742375694, 25.751860035448882 ], [ -100.168606050422667, 25.751855535025992 ], [ -100.168611771437298, 25.751864323816033 ] ] ] } },
{ "type": "Feature", "properties": { "CVEGEO_1": "1900600011420", "Score_Final": 72.502495693989744, "Clasificacion": "Bueno", "Comp_NSE": 86.287898471003913, "Comp_Competencia": 50, "Comp_Accesibilidad": 99.00865614569183, "Comp_Flujo": 50, "Indice_NSE_2025": 78.443544064549002, "Nivel_NSE": "C+", "NSE_Indice_Original": 72.6329111708787, "NSE_Nivel_Original": "A/B", "Carnicerias_1km": 23, "Carnicerias_500m": 9, "Carnicerias_2km": 46, "Dist_Competidor_m": 0.0, "Densidad_Competencia_1km": 7.3211273822271856, "Densidad_Competencia_500m": 11.459155902616464, "Densidad_Pobl_2025": 10247.706659757552, "Densidad_Pobl_2010": 8198.1653278060421, "Tasa_Crecimiento_Pobl": 0.25, "Porcentaje_Mujeres": 7.2862453531598508, "Poblacion_Total_2010": 4035, "Poblacion_Total_2025": 5043.75, "Num_Cadenas_2km": 22, "Tiene_Cadena_Cerca": 1, "HHI_Concentracion": 491.49338374291113, "Intensidad_Competitiva": 32.0, "Educacion_Normalizado": 56.71641791044776, "Vivienda_Normalizado": 97.779282450988845, "Activos_Normalizado": 72.844036697247716, "Economico_Normalizado": 64.810780053426143, "CVEGEO_2": "1900600010071", "CVE_ENT": "19", "CVE_MUN": "006", "CVE_LOC": "0001", "CVE_ASEN": "0071", "CP": "66640", "FECHA_ACT": "11/2024", "INSTITUCIO": "SECRETARÍA DE DESARROLLO URBANO, OBRAS PÚBLICAS, ECOLOGÍA Y TRANSPORTE DE APODACA", "NOM_ASEN": "HUINALÁ", "TIPO": "COLONIA", "Shape_Leng": 7098.8413938399999, "Shape_Area": 975235.65223200002 }, "geometry": { "type": "MultiPolygon", "coordinates": [ [ [ [ -100.161139191465736, 25.746365218857733 ], [ -100.161279460653077, 25.746720702541609 ], [ -100.161515558385446, 25.747276720720095 ], [ -100.16183609668191, 25.747770958339437 ], [ -100.162157584488185, 25.748202331840968 ], [ -100.162441541916365, 25.748492197289679 ], [ -100.162747131074624, 25.748768446615323 ], [ -100.163102075470931, 25.749035295868559 ], [ -100.163329842769201, 25.749185522822579 ], [ -100.16332943378346, 25.749186260994129 ], [ -100.163179790204182, 25.749472537457223 ], [ -100.162761924330738, 25.750231863076536 ], [ -100.162299907909471, 25.751070043104022 ], [ -100.161671929527174, 25.750848682432306 ], [ -100.161492466753359, 25.75077419651312 ], [ -100.161461955001428, 25.750809223592949 ], [ -100.161163241065367, 25.751155202065611 ], [ -100.160604896417809, 25.750858267825159 ], [ -100.160581908855121, 25.750807804491266 ], [ -100.160868725073414, 25.750515458764429 ], [ -100.16002475603436, 25.750127056704162 ], [ -100.160239734671066, 25.749923936471582 ], [ -100.160676204129601, 25.749515410666653 ], [ -100.161184950897535, 25.749062853298884 ], [ -100.161423157974539, 25.748854861958581 ], [ -100.161473121755165, 25.748810140758909 ], [ -100.162141541855902, 25.748240402068333 ], [ -100.162149550615595, 25.748198030819609 ], [ -100.161828061225123, 25.747766662316526 ], [ -100.161507521871897, 25.747272432136782 ], [ -100.161271420799523, 25.746716422126976 ], [ -100.161131152180133, 25.746360931751521 ], [ -100.160974443874821, 25.745875723862504 ], [ -100.16097921061268, 25.745869931046812 ], [ -100.161139191465736, 25.746365218857733 ] ] ], [ [ [ -100.157676023466493, 25.748809301357205 ], [ -100.157598988316849, 25.748616268601587 ], [ -100.157698521401201, 25.74837524343091 ], [ -100.157763694168622, 25.748217424149129 ], [ -100.157884775327105, 25.74805008192353 ], [ -100.157896308092646, 25.748034142844592 ], [ -100.158190758470624, 25.747793893277265 ], [ -100.158403184295466, 25.747756770939528 ], [ -100.158647015635864, 25.747689347125291 ], [ -100.158685430112769, 25.747678724830511 ], [ -100.158576051640779, 25.747723557385097 ], [ -100.157730454384122, 25.748693797589553 ], [ -100.157709717756319, 25.748810666207699 ], [ -100.157706377640309, 25.748885361503675 ], [ -100.157676023466493, 25.748809301357205 ] ] ], [ [ [ -100.158767437436666, 25.747641824119462 ], [ -100.158743432901474, 25.747654950378891 ], [ -100.158732301328229, 25.747659513039679 ], [ -100.158767437436666, 25.747641824119462 ] ] ] ] } },
{ "type": "Feature", "properties": { "CVEGEO_1": "1900600011420", "Score_Final": 72.502495693989744, "Clasificacion": "Bueno", "Comp_NSE": 86.287898471003913, "Comp_Competencia": 50, "Comp_Accesibilidad": 99.00865614569183, "Comp_Flujo": 50, "Indice_NSE_2025": 78.443544064549002, "Nivel_NSE": "C+", "NSE_Indice_Original": 72.6329111708787, "NSE_Nivel_Original": "A/B", "Carnicerias_1km": 23, "Carnicerias_500m": 9, "Carnicerias_2km": 46, "Dist_Competidor_m": 0.0, "Densidad_Competencia_1km": 7.3211273822271856, "Densidad_Competencia_500m": 11.459155902616464, "Densidad_Pobl_2025": 10247.706659757552, "Densidad_Pobl_2010": 8198.1653278060421, "Tasa_Crecimiento_Pobl": 0.25, "Porcentaje_Mujeres": 7.2862453531598508, "Poblacion_Total_2010": 4035, "Poblacion_Total_2025": 5043.75, "Num_Cadenas_2km": 22, "Tiene_Cadena_Cerca": 1, "HHI_Concentracion": 491.49338374291113, "Intensidad_Competitiva": 32.0, "Educacion_Normalizado": 56.71641791044776, "Vivienda_Normalizado": 97.779282450988845, "Activos_Normalizado": 72.844036697247716, "Economico_Normalizado": 64.810780053426143, "CVEGEO_2": "1900600010131", "CVE_ENT": "19", "CVE_MUN": "006", "CVE_LOC": "0001", "CVE_ASEN": "0131", "CP": "66646", "FECHA_ACT": "11/2024", "INSTITUCIO": "SECRETARÍA DE DESARROLLO URBANO, OBRAS PÚBLICAS, ECOLOGÍA Y TRANSPORTE DE APODACA", "NOM_ASEN": "MISIÓN DE HUINALÁ PRIMER SECTOR", "TIPO": "COLONIA", "Shape_Leng": 2224.14206251, "Shape_Area": 172671.360579 }, "geometry": { "type": "Polygon", "coordinates": [ [ [ -100.159346031123491, 25.755567283517497 ], [ -100.159039141733629, 25.755221445083951 ], [ -100.158735774211678, 25.754879023283376 ], [ -100.158462438419761, 25.754571980403018 ], [ -100.158104687716204, 25.75415933142077 ], [ -100.15780206843236, 25.753834053248479 ], [ -100.157437948538544, 25.753415888739692 ], [ -100.156885914894787, 25.752776647748981 ], [ -100.157470545633799, 25.75241372196967 ], [ -100.158036938938224, 25.75197589431405 ], [ -100.158223739472788, 25.751816412210484 ], [ -100.158605979022383, 25.751458010263693 ], [ -100.158600861505178, 25.751451341815926 ], [ -100.158798560368567, 25.751289637211933 ], [ -100.15970439242335, 25.750428386856381 ], [ -100.16002475603436, 25.750127056704162 ], [ -100.160868725073414, 25.750515458764429 ], [ -100.160581908855121, 25.750807804491266 ], [ -100.160458122500827, 25.750953255893322 ], [ -100.160324521905849, 25.751106762555189 ], [ -100.159828905920335, 25.751322756593254 ], [ -100.159563726197192, 25.751448630889158 ], [ -100.159958969625421, 25.752525061312834 ], [ -100.160313219672418, 25.752349751936507 ], [ -100.160649112108345, 25.752194411162744 ], [ -100.160829352143253, 25.753261479778395 ], [ -100.161177230129525, 25.753201120587459 ], [ -100.161376141595554, 25.753160969729048 ], [ -100.162037662197989, 25.753035651427329 ], [ -100.162566111956721, 25.752948690899835 ], [ -100.162929231497969, 25.752954131765247 ], [ -100.162866082670561, 25.753209462233002 ], [ -100.162750138688452, 25.753802649606264 ], [ -100.162726429809126, 25.754102412467784 ], [ -100.162684083388839, 25.75475576019171 ], [ -100.161073109417359, 25.755055170510779 ], [ -100.161152617001846, 25.755426160910382 ], [ -100.160730715805087, 25.75550995341241 ], [ -100.15986572633301, 25.755675714310215 ], [ -100.15950376540485, 25.755744499282365 ], [ -100.159346031123491, 25.755567283517497 ] ] ] } },
{ "type": "Feature", "properties": { "CVEGEO_1": "1900600011420", "Score_Final": 72.502495693989744, "Clasificacion": "Bueno", "Comp_NSE": 86.287898471003913, "Comp_Competencia": 50, "Comp_Accesibilidad": 99.00865614569183, "Comp_Flujo": 50, "Indice_NSE_2025": 78.443544064549002, "Nivel_NSE": "C+", "NSE_Indice_Original": 72.6329111708787, "NSE_Nivel_Original": "A/B", "Carnicerias_1km": 23, "Carnicerias_500m": 9, "Carnicerias_2km": 46, "Dist_Competidor_m": 0.0, "Densidad_Competencia_1km": 7.3211273822271856, "Densidad_Competencia_500m": 11.459155902616464, "Densidad_Pobl_2025": 10247.706659757552, "Densidad_Pobl_2010": 8198.1653278060421, "Tasa_Crecimiento_Pobl": 0.25, "Porcentaje_Mujeres": 7.2862453531598508, "Poblacion_Total_2010": 4035, "Poblacion_Total_2025": 5043.75, "Num_Cadenas_2km": 22, "Tiene_Cadena_Cerca": 1, "HHI_Concentracion": 491.49338374291113, "Intensidad_Competitiva": 32.0, "Educacion_Normalizado": 56.71641791044776, "Vivienda_Normalizado": 97.779282450988845, "Activos_Normalizado": 72.844036697247716, "Economico_Normalizado": 64.810780053426143, "CVEGEO_2": "1900600010175", "CVE_ENT": "19", "CVE_MUN": "006", "CVE_LOC": "0001", "CVE_ASEN": "0175", "CP": "66646", "FECHA_ACT": "11/2024", "INSTITUCIO": "SECRETARÍA DE DESARROLLO URBANO, OBRAS PÚBLICAS, ECOLOGÍA Y TRANSPORTE DE APODACA", "NOM_ASEN": "PUEBLO NUEVO QUINTO SECTOR", "TIPO": "COLONIA", "Shape_Leng": 3083.1966139199999, "Shape_Area": 559003.02493399999 }, "geometry": { "type": "Polygon", "coordinates": [ [ [ -100.164022986529403, 25.754921622397713 ], [ -100.163948102589629, 25.754947436658753 ], [ -100.163717795511559, 25.755032173798149 ], [ -100.163478316000209, 25.755079460820056 ], [ -100.163226166237266, 25.755102804744268 ], [ -100.162990382217174, 25.755134089753764 ], [ -100.162158966101998, 25.755238240561948 ], [ -100.161160646503859, 25.755430451690845 ], [ -100.160738744147594, 25.755514242725866 ], [ -100.159873753927542, 25.755680003800279 ], [ -100.15950819289823, 25.755749473607661 ], [ -100.15950376540485, 25.755744499282365 ], [ -100.15986572633301, 25.755675714310215 ], [ -100.160730715805087, 25.75550995341241 ], [ -100.161152617001846, 25.755426160910382 ], [ -100.162150937293816, 25.755233950334357 ], [ -100.162982354189211, 25.755129799163097 ], [ -100.163218136427759, 25.755098514269292 ], [ -100.163470288005485, 25.755075170086602 ], [ -100.163709765677439, 25.755027884289742 ], [ -100.163940073495027, 25.754943146970081 ], [ -100.164014956764575, 25.75491733299592 ], [ -100.164022137807208, 25.754914608494843 ], [ -100.164022986529403, 25.754921622397713 ] ] ] } },
{ "type": "Feature", "properties": { "CVEGEO_1": "1900600011420", "Score_Final": 72.502495693989744, "Clasificacion": "Bueno", "Comp_NSE": 86.287898471003913, "Comp_Competencia": 50, "Comp_Accesibilidad": 99.00865614569183, "Comp_Flujo": 50, "Indice_NSE_2025": 78.443544064549002, "Nivel_NSE": "C+", "NSE_Indice_Original": 72.6329111708787, "NSE_Nivel_Original": "A/B", "Carnicerias_1km": 23, "Carnicerias_500m": 9, "Carnicerias_2km": 46, "Dist_Competidor_m": 0.0, "Densidad_Competencia_1km": 7.3211273822271856, "Densidad_Competencia_500m": 11.459155902616464, "Densidad_Pobl_2025": 10247.706659757552, "Densidad_Pobl_2010": 8198.1653278060421, "Tasa_Crecimiento_Pobl": 0.25, "Porcentaje_Mujeres": 7.2862453531598508, "Poblacion_Total_2010": 4035, "Poblacion_Total_2025": 5043.75, "Num_Cadenas_2km": 22, "Tiene_Cadena_Cerca": 1, "HHI_Concentracion": 491.49338374291113, "Intensidad_Competitiva": 32.0, "Educacion_Normalizado": 56.71641791044776, "Vivienda_Normalizado": 97.779282450988845, "Activos_Normalizado": 72.844036697247716, "Economico_Normalizado": 64.810780053426143, "CVEGEO_2": "1900600010229", "CVE_ENT": "19", "CVE_MUN": "006", "CVE_LOC": "0001", "CVE_ASEN": "0229", "CP": "66640", "FECHA_ACT": "11/2024", "INSTITUCIO": "SECRETARÍA DE DESARROLLO URBANO, OBRAS PÚBLICAS, ECOLOGÍA Y TRANSPORTE DE APODACA", "NOM_ASEN": "REAL HACIENDA DE HUINALÁ", "TIPO": "COLONIA", "Shape_Leng": 2429.9797224099998, "Shape_Area": 320261.13823400001 }, "geometry": { "type": "Polygon", "coordinates": [ [ [ -100.163337462904806, 25.749190548784469 ], [ -100.163187818687646, 25.749476825371701 ], [ -100.162769952830104, 25.750236152967609 ], [ -100.163521668163199, 25.750545019447614 ], [ -100.163590489952384, 25.751413189658138 ], [ -100.163614216497848, 25.7514994992206 ], [ -100.163648537778897, 25.751770711233501 ], [ -100.16367455188319, 25.751819378392106 ], [ -100.163790678157369, 25.752751797804674 ], [ -100.163794317522886, 25.753007126337511 ], [ -100.163934947593503, 25.754194062133067 ], [ -100.164022137807208, 25.754914608494843 ], [ -100.164014956764575, 25.75491733299592 ], [ -100.16399978240203, 25.754832789675678 ], [ -100.163786287946891, 25.753002837000391 ], [ -100.16378264869455, 25.752747508136647 ], [ -100.163666522768011, 25.75181508886801 ], [ -100.163640507838508, 25.751766422166988 ], [ -100.163606188061053, 25.751495209364304 ], [ -100.162299907909471, 25.751070043104022 ], [ -100.162761924330738, 25.750231863076536 ], [ -100.163179790204182, 25.749472537457223 ], [ -100.16332943378346, 25.749186260994129 ], [ -100.163329842769201, 25.749185522822579 ], [ -100.163337462904806, 25.749190548784469 ] ] ] } },
{ "type": "Feature", "properties": { "CVEGEO_1": "1900600011420", "Score_Final": 72.502495693989744, "Clasificacion": "Bueno", "Comp_NSE": 86.287898471003913, "Comp_Competencia": 50, "Comp_Accesibilidad": 99.00865614569183, "Comp_Flujo": 50, "Indice_NSE_2025": 78.443544064549002, "Nivel_NSE": "C+", "NSE_Indice_Original": 72.6329111708787, "NSE_Nivel_Original": "A/B", "Carnicerias_1km": 23, "Carnicerias_500m": 9, "Carnicerias_2km": 46, "Dist_Competidor_m": 0.0, "Densidad_Competencia_1km": 7.3211273822271856, "Densidad_Competencia_500m": 11.459155902616464, "Densidad_Pobl_2025": 10247.706659757552, "Densidad_Pobl_2010": 8198.1653278060421, "Tasa_Crecimiento_Pobl": 0.25, "Porcentaje_Mujeres": 7.2862453531598508, "Poblacion_Total_2010": 4035, "Poblacion_Total_2025": 5043.75, "Num_Cadenas_2km": 22, "Tiene_Cadena_Cerca": 1, "HHI_Concentracion": 491.49338374291113, "Intensidad_Competitiva": 32.0, "Educacion_Normalizado": 56.71641791044776, "Vivienda_Normalizado": 97.779282450988845, "Activos_Normalizado": 72.844036697247716, "Economico_Normalizado": 64.810780053426143, "CVEGEO_2": "1900600010253", "CVE_ENT": "19", "CVE_MUN": "006", "CVE_LOC": "0001", "CVE_ASEN": "0253", "CP": "66640", "FECHA_ACT": "11/2024", "INSTITUCIO": "SECRETARÍA DE DESARROLLO URBANO, OBRAS PÚBLICAS, ECOLOGÍA Y TRANSPORTE DE APODACA", "NOM_ASEN": "NINGUNO", "TIPO": "NINGUNO", "Shape_Leng": 1335.329786, "Shape_Area": 91731.171106299997 }, "geometry": { "type": "Polygon", "coordinates": [ [ [ -100.157706377640309, 25.748885361503675 ], [ -100.157709717756319, 25.748810666207699 ], [ -100.157730454384122, 25.748693797589553 ], [ -100.158576051640779, 25.747723557385097 ], [ -100.158685430112769, 25.747678724830511 ], [ -100.158704754164077, 25.747673381382263 ], [ -100.158732301328229, 25.747659513039679 ], [ -100.158743432901474, 25.747654950378891 ], [ -100.158767437436666, 25.747641824119462 ], [ -100.159011235627943, 25.747519086373405 ], [ -100.159117008587799, 25.74744903193109 ], [ -100.15918558628789, 25.74740361192449 ], [ -100.159489519284506, 25.747088182382562 ], [ -100.159662347717997, 25.746908815337704 ], [ -100.160472684365686, 25.746627186111006 ], [ -100.160427054969915, 25.746541498158425 ], [ -100.160545830174968, 25.746396600034718 ], [ -100.160974443874821, 25.745875723862504 ], [ -100.161131152180133, 25.746360931751521 ], [ -100.161271420799523, 25.746716422126976 ], [ -100.161507521871897, 25.747272432136782 ], [ -100.161828061225123, 25.747766662316526 ], [ -100.162149550615595, 25.748198030819609 ], [ -100.162141541855902, 25.748240402068333 ], [ -100.161473121755165, 25.748810140758909 ], [ -100.161423157974539, 25.748854861958581 ], [ -100.161184950897535, 25.749062853298884 ], [ -100.160676204129601, 25.749515410666653 ], [ -100.160239734671066, 25.749923936471582 ], [ -100.159029980425998, 25.748925127154827 ], [ -100.158988825494916, 25.748958233302577 ], [ -100.158780195537545, 25.748969942453439 ], [ -100.15851223874256, 25.74894582948869 ], [ -100.158286964546235, 25.748901812112365 ], [ -100.158066188613304, 25.748867448296274 ], [ -100.1578117175453, 25.748873487492503 ], [ -100.157711492035688, 25.748898176929462 ], [ -100.157706377640309, 25.748885361503675 ] ] ] } },
{ "type": "Feature", "properties": { "CVEGEO_1": "1900600011420", "Score_Final": 72.502495693989744, "Clasificacion": "Bueno", "Comp_NSE": 86.287898471003913, "Comp_Competencia": 50, "Comp_Accesibilidad": 99.00865614569183, "Comp_Flujo": 50, "Indice_NSE_2025": 78.443544064549002, "Nivel_NSE": "C+", "NSE_Indice_Original": 72.6329111708787, "NSE_Nivel_Original": "A/B", "Carnicerias_1km": 23, "Carnicerias_500m": 9, "Carnicerias_2km": 46, "Dist_Competidor_m": 0.0, "Densidad_Competencia_1km": 7.3211273822271856, "Densidad_Competencia_500m": 11.459155902616464, "Densidad_Pobl_2025": 10247.706659757552, "Densidad_Pobl_2010": 8198.1653278060421, "Tasa_Crecimiento_Pobl": 0.25, "Porcentaje_Mujeres": 7.2862453531598508, "Poblacion_Total_2010": 4035, "Poblacion_Total_2025": 5043.75, "Num_Cadenas_2km": 22, "Tiene_Cadena_Cerca": 1, "HHI_Concentracion": 491.49338374291113, "Intensidad_Competitiva": 32.0, "Educacion_Normalizado": 56.71641791044776, "Vivienda_Normalizado": 97.779282450988845, "Activos_Normalizado": 72.844036697247716, "Economico_Normalizado": 64.810780053426143, "CVEGEO_2": "1900600010407", "CVE_ENT": "19", "CVE_MUN": "006", "CVE_LOC": "0001", "CVE_ASEN": "0407", "CP": "66646", "FECHA_ACT": "11/2024", "INSTITUCIO": "SECRETARÍA DE DESARROLLO URBANO, OBRAS PÚBLICAS, ECOLOGÍA Y TRANSPORTE DE APODACA", "NOM_ASEN": "MISIÓN DE HUINALÁ SEGUNDO SECTOR", "TIPO": "FRACCIONAMIENTO", "Shape_Leng": 2090.0228282100002, "Shape_Area": 110242.65126499999 }, "geometry": { "type": "Polygon", "coordinates": [ [ [ -100.159828905920335, 25.751322756593254 ], [ -100.160324521905849, 25.751106762555189 ], [ -100.160458122500827, 25.750953255893322 ], [ -100.160581908855121, 25.750807804491266 ], [ -100.160604896417809, 25.750858267825159 ], [ -100.161163241065367, 25.751155202065611 ], [ -100.161461955001428, 25.750809223592949 ], [ -100.161492466753359, 25.75077419651312 ], [ -100.161671929527174, 25.750848682432306 ], [ -100.162299907909471, 25.751070043104022 ], [ -100.163606188061053, 25.751495209364304 ], [ -100.163640507838508, 25.751766422166988 ], [ -100.163666522768011, 25.75181508886801 ], [ -100.16378264869455, 25.752747508136647 ], [ -100.163786287946891, 25.753002837000391 ], [ -100.16399978240203, 25.754832789675678 ], [ -100.164014956764575, 25.75491733299592 ], [ -100.163940073495027, 25.754943146970081 ], [ -100.163709765677439, 25.755027884289742 ], [ -100.163470288005485, 25.755075170086602 ], [ -100.163218136427759, 25.755098514269292 ], [ -100.162982354189211, 25.755129799163097 ], [ -100.162150937293816, 25.755233950334357 ], [ -100.161152617001846, 25.755426160910382 ], [ -100.161073109417359, 25.755055170510779 ], [ -100.162684083388839, 25.75475576019171 ], [ -100.162726429809126, 25.754102412467784 ], [ -100.162750138688452, 25.753802649606264 ], [ -100.162866082670561, 25.753209462233002 ], [ -100.162929231497969, 25.752954131765247 ], [ -100.162566111956721, 25.752948690899835 ], [ -100.162037662197989, 25.753035651427329 ], [ -100.161376141595554, 25.753160969729048 ], [ -100.161177230129525, 25.753201120587459 ], [ -100.160829352143253, 25.753261479778395 ], [ -100.160649112108345, 25.752194411162744 ], [ -100.160313219672418, 25.752349751936507 ], [ -100.159958969625421, 25.752525061312834 ], [ -100.159563726197192, 25.751448630889158 ], [ -100.159828905920335, 25.751322756593254 ] ] ] } },
{ "type": "Feature", "properties": { "CVEGEO_1": "1900600011420", "Score_Final": 72.502495693989744, "Clasificacion": "Bueno", "Comp_NSE": 86.287898471003913, "Comp_Competencia": 50, "Comp_Accesibilidad": 99.00865614569183, "Comp_Flujo": 50, "Indice_NSE_2025": 78.443544064549002, "Nivel_NSE": "C+", "NSE_Indice_Original": 72.6329111708787, "NSE_Nivel_Original": "A/B", "Carnicerias_1km": 23, "Carnicerias_500m": 9, "Carnicerias_2km": 46, "Dist_Competidor_m": 0.0, "Densidad_Competencia_1km": 7.3211273822271856, "Densidad_Competencia_500m": 11.459155902616464, "Densidad_Pobl_2025": 10247.706659757552, "Densidad_Pobl_2010": 8198.1653278060421, "Tasa_Crecimiento_Pobl": 0.25, "Porcentaje_Mujeres": 7.2862453531598508, "Poblacion_Total_2010": 4035, "Poblacion_Total_2025": 5043.75, "Num_Cadenas_2km": 22, "Tiene_Cadena_Cerca": 1, "HHI_Concentracion": 491.49338374291113, "Intensidad_Competitiva": 32.0, "Educacion_Normalizado": 56.71641791044776, "Vivienda_Normalizado": 97.779282450988845, "Activos_Normalizado": 72.844036697247716, "Economico_Normalizado": 64.810780053426143, "CVEGEO_2": "1900600010422", "CVE_ENT": "19", "CVE_MUN": "006", "CVE_LOC": "0001", "CVE_ASEN": "0422", "CP": "66646", "FECHA_ACT": "11/2024", "INSTITUCIO": "SECRETARÍA DE DESARROLLO URBANO, OBRAS PÚBLICAS, ECOLOGÍA Y TRANSPORTE DE APODACA", "NOM_ASEN": "PARQUE INDUSTRIAL S G", "TIPO": "ZONA INDUSTRIAL", "Shape_Leng": 890.72579792399995, "Shape_Area": 48173.962796599997 }, "geometry": { "type": "Polygon", "coordinates": [ [ [ -100.158249857107805, 25.7509939609421 ], [ -100.15722778378813, 25.750171085635994 ], [ -100.157682951225397, 25.749757456706398 ], [ -100.15768806192591, 25.749745606946149 ], [ -100.157748670367752, 25.749605077817471 ], [ -100.157796119177135, 25.749300988789148 ], [ -100.157793777994826, 25.749070287502267 ], [ -100.157772214239287, 25.74902543860831 ], [ -100.15771376887038, 25.748903882121159 ], [ -100.157711492035688, 25.748898176929462 ], [ -100.1578117175453, 25.748873487492503 ], [ -100.158066188613304, 25.748867448296274 ], [ -100.158286964546235, 25.748901812112365 ], [ -100.15851223874256, 25.74894582948869 ], [ -100.158780195537545, 25.748969942453439 ], [ -100.158988825494916, 25.748958233302577 ], [ -100.159029980425998, 25.748925127154827 ], [ -100.160239734671066, 25.749923936471582 ], [ -100.16002475603436, 25.750127056704162 ], [ -100.15970439242335, 25.750428386856381 ], [ -100.158798560368567, 25.751289637211933 ], [ -100.158600861505178, 25.751451341815926 ], [ -100.158249857107805, 25.7509939609421 ] ] ] } },
{ "type": "Feature", "properties": { "CVEGEO_1": "1900600011435", "Score_Final": 72.133301153936671, "Clasificacion": "Bueno", "Comp_NSE": 85.026100897725684, "Comp_Competencia": 50, "Comp_Accesibilidad": 99.370829198663429, "Comp_Flujo": 50, "Indice_NSE_2025": 77.296455361568803, "Nivel_NSE": "C+", "NSE_Indice_Original": 71.570792001452588, "NSE_Nivel_Original": "A/B", "Carnicerias_1km": 19, "Carnicerias_500m": 5, "Carnicerias_2km": 66, "Dist_Competidor_m": 29.063210692145255, "Densidad_Competencia_1km": 6.0478878374920226, "Densidad_Competencia_500m": 6.366197723675814, "Densidad_Pobl_2025": 6092.8448654367949, "Densidad_Pobl_2010": 4874.2758923494357, "Tasa_Crecimiento_Pobl": 0.25, "Porcentaje_Mujeres": 5.89041095890411, "Poblacion_Total_2010": 3650, "Poblacion_Total_2025": 4562.5, "Num_Cadenas_2km": 30, "Tiene_Cadena_Cerca": 1, "HHI_Concentracion": 348.9439853076218, "Intensidad_Competitiva": 31.0, "Educacion_Normalizado": 49.129353233830834, "Vivienda_Normalizado": 97.509478533376608, "Activos_Normalizado": 77.756880733944953, "Economico_Normalizado": 65.076981072364731, "CVEGEO_2": "1900600010071", "CVE_ENT": "19", "CVE_MUN": "006", "CVE_LOC": "0001", "CVE_ASEN": "0071", "CP": "66640", "FECHA_ACT": "11/2024", "INSTITUCIO": "SECRETARÍA DE DESARROLLO URBANO, OBRAS PÚBLICAS, ECOLOGÍA Y TRANSPORTE DE APODACA", "NOM_ASEN": "HUINALÁ", "TIPO": "COLONIA", "Shape_Leng": 7098.8413938399999, "Shape_Area": 975235.65223200002 }, "geometry": { "type": "Polygon", "coordinates": [ [ [ -100.167838586416124, 25.746330582259681 ], [ -100.167840159064824, 25.746326019221588 ], [ -100.167685610672009, 25.746983072763328 ], [ -100.167624935067721, 25.747425651765695 ], [ -100.167518024820566, 25.747419475799926 ], [ -100.167838586416124, 25.746330582259681 ] ] ] } },
{ "type": "Feature", "properties": { "CVEGEO_1": "1900600011435", "Score_Final": 72.133301153936671, "Clasificacion": "Bueno", "Comp_NSE": 85.026100897725684, "Comp_Competencia": 50, "Comp_Accesibilidad": 99.370829198663429, "Comp_Flujo": 50, "Indice_NSE_2025": 77.296455361568803, "Nivel_NSE": "C+", "NSE_Indice_Original": 71.570792001452588, "NSE_Nivel_Original": "A/B", "Carnicerias_1km": 19, "Carnicerias_500m": 5, "Carnicerias_2km": 66, "Dist_Competidor_m": 29.063210692145255, "Densidad_Competencia_1km": 6.0478878374920226, "Densidad_Competencia_500m": 6.366197723675814, "Densidad_Pobl_2025": 6092.8448654367949, "Densidad_Pobl_2010": 4874.2758923494357, "Tasa_Crecimiento_Pobl": 0.25, "Porcentaje_Mujeres": 5.89041095890411, "Poblacion_Total_2010": 3650, "Poblacion_Total_2025": 4562.5, "Num_Cadenas_2km": 30, "Tiene_Cadena_Cerca": 1, "HHI_Concentracion": 348.9439853076218, "Intensidad_Competitiva": 31.0, "Educacion_Normalizado": 49.129353233830834, "Vivienda_Normalizado": 97.509478533376608, "Activos_Normalizado": 77.756880733944953, "Economico_Normalizado": 65.076981072364731, "CVEGEO_2": "1900600010089", "CVE_ENT": "19", "CVE_MUN": "006", "CVE_LOC": "0001", "CVE_ASEN": "0089", "CP": "66645", "FECHA_ACT": "11/2024", "INSTITUCIO": "SECRETARÍA DE DESARROLLO URBANO, OBRAS PÚBLICAS, ECOLOGÍA Y TRANSPORTE DE APODACA", "NOM_ASEN": "JARDINES DEL VIRREY", "TIPO": "COLONIA", "Shape_Leng": 1736.5035600199999, "Shape_Area": 124490.40078700001 }, "geometry": { "type": "Polygon", "coordinates": [ [ [ -100.172856512654846, 25.744921053240748 ], [ -100.173013077973565, 25.744922998030944 ], [ -100.173060693597023, 25.744923613061509 ], [ -100.173691015285911, 25.744935031411476 ], [ -100.173803408785659, 25.744939106322622 ], [ -100.174105945183797, 25.744940806101045 ], [ -100.174475845159947, 25.744942883502251 ], [ -100.174732756157184, 25.744945184665802 ], [ -100.174626298737465, 25.745352987878512 ], [ -100.174525599602262, 25.745756968830179 ], [ -100.174428718570752, 25.746104302085481 ], [ -100.174357344527166, 25.746413490341279 ], [ -100.174265747471537, 25.746737953318402 ], [ -100.17417651466323, 25.74702493148083 ], [ -100.174077280766326, 25.747332545590986 ], [ -100.174034703121592, 25.747513394046866 ], [ -100.174042186221229, 25.747782323949423 ], [ -100.174104423425248, 25.747888077311305 ], [ -100.174244027517219, 25.74801461962949 ], [ -100.174350363621912, 25.748082530416145 ], [ -100.174629201252287, 25.748286599250648 ], [ -100.17491030078547, 25.748489483675257 ], [ -100.175186029888934, 25.748682615236273 ], [ -100.175453604195354, 25.748873270526605 ], [ -100.175761022737007, 25.749080960737224 ], [ -100.17594727847036, 25.749205003974957 ], [ -100.176092532340618, 25.74933061730701 ], [ -100.174808541661363, 25.75053194466539 ], [ -100.174656998107864, 25.750669780271412 ], [ -100.174620556856752, 25.750638396952759 ], [ -100.174544592197279, 25.75057074954772 ], [ -100.173204971144244, 25.749377782291408 ], [ -100.173177748301796, 25.749353539666213 ], [ -100.173144250441013, 25.74932370824617 ], [ -100.172069217911471, 25.748388483582019 ], [ -100.172048629646312, 25.748345231218547 ], [ -100.172042016400681, 25.748250181484366 ], [ -100.172825683324604, 25.745059299189354 ], [ -100.17284416915183, 25.744983240435189 ], [ -100.172848209894283, 25.744920949095974 ], [ -100.172856512654846, 25.744921053240748 ] ] ] } },
{ "type": "Feature", "properties": { "CVEGEO_1": "1900600011435", "Score_Final": 72.133301153936671, "Clasificacion": "Bueno", "Comp_NSE": 85.026100897725684, "Comp_Competencia": 50, "Comp_Accesibilidad": 99.370829198663429, "Comp_Flujo": 50, "Indice_NSE_2025": 77.296455361568803, "Nivel_NSE": "C+", "NSE_Indice_Original": 71.570792001452588, "NSE_Nivel_Original": "A/B", "Carnicerias_1km": 19, "Carnicerias_500m": 5, "Carnicerias_2km": 66, "Dist_Competidor_m": 29.063210692145255, "Densidad_Competencia_1km": 6.0478878374920226, "Densidad_Competencia_500m": 6.366197723675814, "Densidad_Pobl_2025": 6092.8448654367949, "Densidad_Pobl_2010": 4874.2758923494357, "Tasa_Crecimiento_Pobl": 0.25, "Porcentaje_Mujeres": 5.89041095890411, "Poblacion_Total_2010": 3650, "Poblacion_Total_2025": 4562.5, "Num_Cadenas_2km": 30, "Tiene_Cadena_Cerca": 1, "HHI_Concentracion": 348.9439853076218, "Intensidad_Competitiva": 31.0, "Educacion_Normalizado": 49.129353233830834, "Vivienda_Normalizado": 97.509478533376608, "Activos_Normalizado": 77.756880733944953, "Economico_Normalizado": 65.076981072364731, "CVEGEO_2": "1900600010155", "CVE_ENT": "19", "CVE_MUN": "006", "CVE_LOC": "0001", "CVE_ASEN": "0155", "CP": "66645", "FECHA_ACT": "11/2024", "INSTITUCIO": "SECRETARÍA DE DESARROLLO URBANO, OBRAS PÚBLICAS, ECOLOGÍA Y TRANSPORTE DE APODACA", "NOM_ASEN": "PADILLA", "TIPO": "COLONIA", "Shape_Leng": 734.63863681099997, "Shape_Area": 26922.508628200001 }, "geometry": { "type": "Polygon", "coordinates": [ [ [ -100.17756190720084, 25.744974448789076 ], [ -100.178447518110985, 25.744986794704364 ], [ -100.179964835672379, 25.744991785673857 ], [ -100.179933900268722, 25.745058988538357 ], [ -100.179448015949589, 25.74561452540571 ], [ -100.178513838896961, 25.746625133886695 ], [ -100.178403970090372, 25.746762196580214 ], [ -100.178349168832014, 25.746830404263839 ], [ -100.178229624159641, 25.74682530938107 ], [ -100.178143037643409, 25.746827654633705 ], [ -100.177576968155094, 25.745042971577334 ], [ -100.177555206078594, 25.744974355338879 ], [ -100.17756190720084, 25.744974448789076 ] ] ] } },
{ "type": "Feature", "properties": { "CVEGEO_1": "1900600011435", "Score_Final": 72.133301153936671, "Clasificacion": "Bueno", "Comp_NSE": 85.026100897725684, "Comp_Competencia": 50, "Comp_Accesibilidad": 99.370829198663429, "Comp_Flujo": 50, "Indice_NSE_2025": 77.296455361568803, "Nivel_NSE": "C+", "NSE_Indice_Original": 71.570792001452588, "NSE_Nivel_Original": "A/B", "Carnicerias_1km": 19, "Carnicerias_500m": 5, "Carnicerias_2km": 66, "Dist_Competidor_m": 29.063210692145255, "Densidad_Competencia_1km": 6.0478878374920226, "Densidad_Competencia_500m": 6.366197723675814, "Densidad_Pobl_2025": 6092.8448654367949, "Densidad_Pobl_2010": 4874.2758923494357, "Tasa_Crecimiento_Pobl": 0.25, "Porcentaje_Mujeres": 5.89041095890411, "Poblacion_Total_2010": 3650, "Poblacion_Total_2025": 4562.5, "Num_Cadenas_2km": 30, "Tiene_Cadena_Cerca": 1, "HHI_Concentracion": 348.9439853076218, "Intensidad_Competitiva": 31.0, "Educacion_Normalizado": 49.129353233830834, "Vivienda_Normalizado": 97.509478533376608, "Activos_Normalizado": 77.756880733944953, "Economico_Normalizado": 65.076981072364731, "CVEGEO_2": "1900600010313", "CVE_ENT": "19", "CVE_MUN": "006", "CVE_LOC": "0001", "CVE_ASEN": "0313", "CP": "66645", "FECHA_ACT": "11/2024", "INSTITUCIO": "SECRETARÍA DE DESARROLLO URBANO, OBRAS PÚBLICAS, ECOLOGÍA Y TRANSPORTE DE APODACA", "NOM_ASEN": "HACIENDA DEL CARMEN", "TIPO": "COLONIA", "Shape_Leng": 1461.45235981, "Shape_Area": 141071.27377 }, "geometry": { "type": "Polygon", "coordinates": [ [ [ -100.174741885761037, 25.74494526644008 ], [ -100.175126956291024, 25.744949111001688 ], [ -100.175178778677349, 25.744949628320942 ], [ -100.176722410191005, 25.744965029226879 ], [ -100.177024898729556, 25.744966959961836 ], [ -100.177555206078594, 25.744974355338879 ], [ -100.177576968155094, 25.745042971577334 ], [ -100.178143037643409, 25.746827654633705 ], [ -100.178229624159641, 25.74682530938107 ], [ -100.178349168832014, 25.746830404263839 ], [ -100.177717818491374, 25.747618290798606 ], [ -100.176944788420371, 25.748467619197292 ], [ -100.176377055505611, 25.749062741655916 ], [ -100.176092532340618, 25.74933061730701 ], [ -100.17594727847036, 25.749205003974957 ], [ -100.175761022737007, 25.749080960737224 ], [ -100.175453604195354, 25.748873270526605 ], [ -100.175186029888934, 25.748682615236273 ], [ -100.17491030078547, 25.748489483675257 ], [ -100.174629201252287, 25.748286599250648 ], [ -100.174350363621912, 25.748082530416145 ], [ -100.174244027517219, 25.74801461962949 ], [ -100.174104423425248, 25.747888077311305 ], [ -100.174042186221229, 25.747782323949423 ], [ -100.174034703121592, 25.747513394046866 ], [ -100.174077280766326, 25.747332545590986 ], [ -100.17417651466323, 25.74702493148083 ], [ -100.174265747471537, 25.746737953318402 ], [ -100.174357344527166, 25.746413490341279 ], [ -100.174428718570752, 25.746104302085481 ], [ -100.174525599602262, 25.745756968830179 ], [ -100.174626298737465, 25.745352987878512 ], [ -100.174732756157184, 25.744945184665802 ], [ -100.174741885761037, 25.74494526644008 ] ] ] } },
{ "type": "Feature", "properties": { "CVEGEO_1": "1900600011435", "Score_Final": 72.133301153936671, "Clasificacion": "Bueno", "Comp_NSE": 85.026100897725684, "Comp_Competencia": 50, "Comp_Accesibilidad": 99.370829198663429, "Comp_Flujo": 50, "Indice_NSE_2025": 77.296455361568803, "Nivel_NSE": "C+", "NSE_Indice_Original": 71.570792001452588, "NSE_Nivel_Original": "A/B", "Carnicerias_1km": 19, "Carnicerias_500m": 5, "Carnicerias_2km": 66, "Dist_Competidor_m": 29.063210692145255, "Densidad_Competencia_1km": 6.0478878374920226, "Densidad_Competencia_500m": 6.366197723675814, "Densidad_Pobl_2025": 6092.8448654367949, "Densidad_Pobl_2010": 4874.2758923494357, "Tasa_Crecimiento_Pobl": 0.25, "Porcentaje_Mujeres": 5.89041095890411, "Poblacion_Total_2010": 3650, "Poblacion_Total_2025": 4562.5, "Num_Cadenas_2km": 30, "Tiene_Cadena_Cerca": 1, "HHI_Concentracion": 348.9439853076218, "Intensidad_Competitiva": 31.0, "Educacion_Normalizado": 49.129353233830834, "Vivienda_Normalizado": 97.509478533376608, "Activos_Normalizado": 77.756880733944953, "Economico_Normalizado": 65.076981072364731, "CVEGEO_2": "1900600010393", "CVE_ENT": "19", "CVE_MUN": "006", "CVE_LOC": "0001", "CVE_ASEN": "0393", "CP": "66645", "FECHA_ACT": "11/2024", "INSTITUCIO": "SECRETARÍA DE DESARROLLO URBANO, OBRAS PÚBLICAS, ECOLOGÍA Y TRANSPORTE DE APODACA", "NOM_ASEN": "BOSQUES DE HUINALÁ PRIMER SECTOR", "TIPO": "FRACCIONAMIENTO", "Shape_Leng": 985.09485570300001, "Shape_Area": 52906.902010600003 }, "geometry": { "type": "Polygon", "coordinates": [ [ [ -100.167312592716684, 25.749868487457523 ], [ -100.167673367822658, 25.749733444487998 ], [ -100.167777855398953, 25.749900870141843 ], [ -100.168847183107644, 25.749492554889514 ], [ -100.168977102018516, 25.749439731217457 ], [ -100.169085605883453, 25.749438302853658 ], [ -100.169171446348344, 25.749469057754844 ], [ -100.170841845016724, 25.749780387406091 ], [ -100.170791083932031, 25.750053868606166 ], [ -100.170653551391609, 25.750570450126599 ], [ -100.170521665532419, 25.750801983754972 ], [ -100.170420603363425, 25.750863599845019 ], [ -100.168942067388215, 25.751448228480676 ], [ -100.168791969716963, 25.751551469389462 ], [ -100.168733267302429, 25.751608742603519 ], [ -100.168686394400083, 25.75169887362425 ], [ -100.168606050422667, 25.751855535025992 ], [ -100.167312592716684, 25.749868487457523 ] ] ] } },
{ "type": "Feature", "properties": { "CVEGEO_1": "1900600011435", "Score_Final": 72.133301153936671, "Clasificacion": "Bueno", "Comp_NSE": 85.026100897725684, "Comp_Competencia": 50, "Comp_Accesibilidad": 99.370829198663429, "Comp_Flujo": 50, "Indice_NSE_2025": 77.296455361568803, "Nivel_NSE": "C+", "NSE_Indice_Original": 71.570792001452588, "NSE_Nivel_Original": "A/B", "Carnicerias_1km": 19, "Carnicerias_500m": 5, "Carnicerias_2km": 66, "Dist_Competidor_m": 29.063210692145255, "Densidad_Competencia_1km": 6.0478878374920226, "Densidad_Competencia_500m": 6.366197723675814, "Densidad_Pobl_2025": 6092.8448654367949, "Densidad_Pobl_2010": 4874.2758923494357, "Tasa_Crecimiento_Pobl": 0.25, "Porcentaje_Mujeres": 5.89041095890411, "Poblacion_Total_2010": 3650, "Poblacion_Total_2025": 4562.5, "Num_Cadenas_2km": 30, "Tiene_Cadena_Cerca": 1, "HHI_Concentracion": 348.9439853076218, "Intensidad_Competitiva": 31.0, "Educacion_Normalizado": 49.129353233830834, "Vivienda_Normalizado": 97.509478533376608, "Activos_Normalizado": 77.756880733944953, "Economico_Normalizado": 65.076981072364731, "CVEGEO_2": "1900600010394", "CVE_ENT": "19", "CVE_MUN": "006", "CVE_LOC": "0001", "CVE_ASEN": "0394", "CP": "66645", "FECHA_ACT": "11/2024", "INSTITUCIO": "SECRETARÍA DE DESARROLLO URBANO, OBRAS PÚBLICAS, ECOLOGÍA Y TRANSPORTE DE APODACA", "NOM_ASEN": "BOSQUES DE HUINALÁ SEGUNDO SECTOR", "TIPO": "FRACCIONAMIENTO", "Shape_Leng": 1227.35403918, "Shape_Area": 68999.676639600002 }, "geometry": { "type": "Polygon", "coordinates": [ [ [ -100.167185098075791, 25.749672626460278 ], [ -100.167117532067508, 25.749530673028616 ], [ -100.167017717723539, 25.749413393627641 ], [ -100.166632661085785, 25.748846438482918 ], [ -100.166524230040679, 25.748739830052457 ], [ -100.166567559907918, 25.748311454941373 ], [ -100.167958395573379, 25.748222042458476 ], [ -100.167980032735571, 25.748230526576073 ], [ -100.16809166486135, 25.748253415626486 ], [ -100.168431099144598, 25.747977015624464 ], [ -100.168839963420268, 25.747544982830497 ], [ -100.169576390157303, 25.747763058770854 ], [ -100.170347055637819, 25.74803369232507 ], [ -100.170465340951367, 25.748478834794494 ], [ -100.170572666815829, 25.748815593949306 ], [ -100.170372365422253, 25.748857840046924 ], [ -100.170464186780308, 25.74908447386029 ], [ -100.170564280185829, 25.749279881558639 ], [ -100.170634753897232, 25.74945971838957 ], [ -100.170728396615971, 25.74956278731506 ], [ -100.170861040567274, 25.749676963969733 ], [ -100.170841845016724, 25.749780387406091 ], [ -100.169171446348344, 25.749469057754844 ], [ -100.169085605883453, 25.749438302853658 ], [ -100.168977102018516, 25.749439731217457 ], [ -100.168847183107644, 25.749492554889514 ], [ -100.167777855398953, 25.749900870141843 ], [ -100.167673367822658, 25.749733444487998 ], [ -100.167312592716684, 25.749868487457523 ], [ -100.167185098075791, 25.749672626460278 ] ] ] } },
{ "type": "Feature", "properties": { "CVEGEO_1": "1900600011435", "Score_Final": 72.133301153936671, "Clasificacion": "Bueno", "Comp_NSE": 85.026100897725684, "Comp_Competencia": 50, "Comp_Accesibilidad": 99.370829198663429, "Comp_Flujo": 50, "Indice_NSE_2025": 77.296455361568803, "Nivel_NSE": "C+", "NSE_Indice_Original": 71.570792001452588, "NSE_Nivel_Original": "A/B", "Carnicerias_1km": 19, "Carnicerias_500m": 5, "Carnicerias_2km": 66, "Dist_Competidor_m": 29.063210692145255, "Densidad_Competencia_1km": 6.0478878374920226, "Densidad_Competencia_500m": 6.366197723675814, "Densidad_Pobl_2025": 6092.8448654367949, "Densidad_Pobl_2010": 4874.2758923494357, "Tasa_Crecimiento_Pobl": 0.25, "Porcentaje_Mujeres": 5.89041095890411, "Poblacion_Total_2010": 3650, "Poblacion_Total_2025": 4562.5, "Num_Cadenas_2km": 30, "Tiene_Cadena_Cerca": 1, "HHI_Concentracion": 348.9439853076218, "Intensidad_Competitiva": 31.0, "Educacion_Normalizado": 49.129353233830834, "Vivienda_Normalizado": 97.509478533376608, "Activos_Normalizado": 77.756880733944953, "Economico_Normalizado": 65.076981072364731, "CVEGEO_2": "1900600010412", "CVE_ENT": "19", "CVE_MUN": "006", "CVE_LOC": "0001", "CVE_ASEN": "0412", "CP": "66645", "FECHA_ACT": "11/2024", "INSTITUCIO": "SECRETARÍA DE DESARROLLO URBANO, OBRAS PÚBLICAS, ECOLOGÍA Y TRANSPORTE DE APODACA", "NOM_ASEN": "PARQUE INDUSTRIAL EL SABINAL", "TIPO": "ZONA INDUSTRIAL", "Shape_Leng": 4442.3587141099997, "Shape_Area": 1094081.1213100001 }, "geometry": { "type": "Polygon", "coordinates": [ [ [ -100.169439047248943, 25.753278524585998 ], [ -100.170759792002215, 25.752755455684312 ], [ -100.17133594879769, 25.752535422900284 ], [ -100.171931997431997, 25.752297802296738 ], [ -100.172499229058872, 25.752073880923398 ], [ -100.17347490629993, 25.751689444065221 ], [ -100.173618767266703, 25.751624057682001 ], [ -100.174117130841708, 25.751160809917753 ], [ -100.174656998107864, 25.750669780271412 ], [ -100.174808541661363, 25.75053194466539 ], [ -100.176092532340618, 25.74933061730701 ], [ -100.176377055505611, 25.749062741655916 ], [ -100.176944788420371, 25.748467619197292 ], [ -100.177717818491374, 25.747618290798606 ], [ -100.178349168832014, 25.746830404263839 ], [ -100.178403970090372, 25.746762196580214 ], [ -100.178513838896961, 25.746625133886695 ], [ -100.178585483188215, 25.746637255786688 ], [ -100.178413277922346, 25.746835953785862 ], [ -100.178318411882955, 25.746944510166859 ], [ -100.177725850999892, 25.747622579188302 ], [ -100.17695282020469, 25.748471907827216 ], [ -100.176385087538847, 25.749067029848227 ], [ -100.176100564923331, 25.749334905592438 ], [ -100.174816573780774, 25.750536233441306 ], [ -100.174665030575156, 25.750674068592755 ], [ -100.174125163022978, 25.751165097874978 ], [ -100.173626798549435, 25.75162834758077 ], [ -100.173482937723449, 25.751693733037648 ], [ -100.172466739049028, 25.752094142273688 ], [ -100.171940028468327, 25.752302090897139 ], [ -100.171343979574502, 25.752539712034803 ], [ -100.170767821914865, 25.752759745623333 ], [ -100.169435509032937, 25.753287395866906 ], [ -100.169439047248943, 25.753278524585998 ] ] ] } },
{ "type": "Feature", "properties": { "CVEGEO_1": "1900600011435", "Score_Final": 72.133301153936671, "Clasificacion": "Bueno", "Comp_NSE": 85.026100897725684, "Comp_Competencia": 50, "Comp_Accesibilidad": 99.370829198663429, "Comp_Flujo": 50, "Indice_NSE_2025": 77.296455361568803, "Nivel_NSE": "C+", "NSE_Indice_Original": 71.570792001452588, "NSE_Nivel_Original": "A/B", "Carnicerias_1km": 19, "Carnicerias_500m": 5, "Carnicerias_2km": 66, "Dist_Competidor_m": 29.063210692145255, "Densidad_Competencia_1km": 6.0478878374920226, "Densidad_Competencia_500m": 6.366197723675814, "Densidad_Pobl_2025": 6092.8448654367949, "Densidad_Pobl_2010": 4874.2758923494357, "Tasa_Crecimiento_Pobl": 0.25, "Porcentaje_Mujeres": 5.89041095890411, "Poblacion_Total_2010": 3650, "Poblacion_Total_2025": 4562.5, "Num_Cadenas_2km": 30, "Tiene_Cadena_Cerca": 1, "HHI_Concentracion": 348.9439853076218, "Intensidad_Competitiva": 31.0, "Educacion_Normalizado": 49.129353233830834, "Vivienda_Normalizado": 97.509478533376608, "Activos_Normalizado": 77.756880733944953, "Economico_Normalizado": 65.076981072364731, "CVEGEO_2": "1900600010418", "CVE_ENT": "19", "CVE_MUN": "006", "CVE_LOC": "0001", "CVE_ASEN": "0418", "CP": "66645", "FECHA_ACT": "11/2024", "INSTITUCIO": "SECRETARÍA DE DESARROLLO URBANO, OBRAS PÚBLICAS, ECOLOGÍA Y TRANSPORTE DE APODACA", "NOM_ASEN": "PARQUE INDUSTRIAL LAS AMÉRICAS", "TIPO": "ZONA INDUSTRIAL", "Shape_Leng": 2002.6583922899999, "Shape_Area": 176161.600767 }, "geometry": { "type": "Polygon", "coordinates": [ [ [ -100.166605390695736, 25.747937445765679 ], [ -100.166675273633032, 25.747483437362408 ], [ -100.167497737419666, 25.747488388670629 ], [ -100.167518024820566, 25.747419475799926 ], [ -100.167624935067721, 25.747425651765695 ], [ -100.167685610672009, 25.746983072763328 ], [ -100.167840159064824, 25.746326019221588 ], [ -100.168342919738748, 25.744867259798422 ], [ -100.169547641886624, 25.744881054779658 ], [ -100.170103180242066, 25.744887412755379 ], [ -100.171207417824817, 25.744900367999204 ], [ -100.172848209894283, 25.744920949095974 ], [ -100.17284416915183, 25.744983240435189 ], [ -100.172825683324604, 25.745059299189354 ], [ -100.172042016400681, 25.748250181484366 ], [ -100.172048629646312, 25.748345231218547 ], [ -100.171550388326622, 25.748539021036919 ], [ -100.171074980047422, 25.748709127154246 ], [ -100.170572666815829, 25.748815593949306 ], [ -100.170465340951367, 25.748478834794494 ], [ -100.170347055637819, 25.74803369232507 ], [ -100.169576390157303, 25.747763058770854 ], [ -100.168839963420268, 25.747544982830497 ], [ -100.168431099144598, 25.747977015624464 ], [ -100.16809166486135, 25.748253415626486 ], [ -100.167980032735571, 25.748230526576073 ], [ -100.167958395573379, 25.748222042458476 ], [ -100.166567559907918, 25.748311454941373 ], [ -100.166605390695736, 25.747937445765679 ] ] ] } },
{ "type": "Feature", "properties": { "CVEGEO_1": "1900600011435", "Score_Final": 72.133301153936671, "Clasificacion": "Bueno", "Comp_NSE": 85.026100897725684, "Comp_Competencia": 50, "Comp_Accesibilidad": 99.370829198663429, "Comp_Flujo": 50, "Indice_NSE_2025": 77.296455361568803, "Nivel_NSE": "C+", "NSE_Indice_Original": 71.570792001452588, "NSE_Nivel_Original": "A/B", "Carnicerias_1km": 19, "Carnicerias_500m": 5, "Carnicerias_2km": 66, "Dist_Competidor_m": 29.063210692145255, "Densidad_Competencia_1km": 6.0478878374920226, "Densidad_Competencia_500m": 6.366197723675814, "Densidad_Pobl_2025": 6092.8448654367949, "Densidad_Pobl_2010": 4874.2758923494357, "Tasa_Crecimiento_Pobl": 0.25, "Porcentaje_Mujeres": 5.89041095890411, "Poblacion_Total_2010": 3650, "Poblacion_Total_2025": 4562.5, "Num_Cadenas_2km": 30, "Tiene_Cadena_Cerca": 1, "HHI_Concentracion": 348.9439853076218, "Intensidad_Competitiva": 31.0, "Educacion_Normalizado": 49.129353233830834, "Vivienda_Normalizado": 97.509478533376608, "Activos_Normalizado": 77.756880733944953, "Economico_Normalizado": 65.076981072364731, "CVEGEO_2": "1900600010445", "CVE_ENT": "19", "CVE_MUN": "006", "CVE_LOC": "0001", "CVE_ASEN": "0445", "CP": "66645", "FECHA_ACT": "11/2024", "INSTITUCIO": "SECRETARÍA DE DESARROLLO URBANO, OBRAS PÚBLICAS, ECOLOGÍA Y TRANSPORTE DE APODACA", "NOM_ASEN": "URBI 21 PARQUE INDUSTRIAL HUINALÁ", "TIPO": "ZONA INDUSTRIAL", "Shape_Leng": 1792.0267166900001, "Shape_Area": 157943.57047899999 }, "geometry": { "type": "Polygon", "coordinates": [ [ [ -100.169457542678956, 25.753232151454739 ], [ -100.168611771437298, 25.751864323816033 ], [ -100.168606050422667, 25.751855535025992 ], [ -100.168686394400083, 25.75169887362425 ], [ -100.168733263245784, 25.751608746184619 ], [ -100.168791969716963, 25.751551469389462 ], [ -100.168942067388215, 25.751448228480676 ], [ -100.170420603363425, 25.750863599845019 ], [ -100.170521665532419, 25.750801983754972 ], [ -100.170653551391609, 25.750570450126599 ], [ -100.170791083932031, 25.750053868606166 ], [ -100.170841845016724, 25.749780387406091 ], [ -100.170861040567274, 25.749676963969733 ], [ -100.170728396615971, 25.74956278731506 ], [ -100.170634753897232, 25.74945971838957 ], [ -100.170564280185829, 25.749279881558639 ], [ -100.170464186780308, 25.74908447386029 ], [ -100.170372365422253, 25.748857840046924 ], [ -100.170572666815829, 25.748815593949306 ], [ -100.171074980047422, 25.748709127154246 ], [ -100.171550388326622, 25.748539021036919 ], [ -100.172048629646312, 25.748345231218547 ], [ -100.172069217911471, 25.748388483582019 ], [ -100.173144250441013, 25.74932370824617 ], [ -100.173177748301796, 25.749353539666213 ], [ -100.173204971144244, 25.749377782291408 ], [ -100.174544592197279, 25.75057074954772 ], [ -100.174620556856752, 25.750638396952759 ], [ -100.174656998107864, 25.750669780271412 ], [ -100.174117130841708, 25.751160809917753 ], [ -100.173618767266703, 25.751624057682001 ], [ -100.17347490629993, 25.751689444065221 ], [ -100.172499229058872, 25.752073880923398 ], [ -100.171931997431997, 25.752297802296738 ], [ -100.17133594879769, 25.752535422900284 ], [ -100.170759792002215, 25.752755455684312 ], [ -100.169439047248943, 25.753278524585998 ], [ -100.169457542678956, 25.753232151454739 ] ] ] } },
{ "type": "Feature", "properties": { "CVEGEO_1": "1900600011435", "Score_Final": 72.133301153936671, "Clasificacion": "Bueno", "Comp_NSE": 85.026100897725684, "Comp_Competencia": 50, "Comp_Accesibilidad": 99.370829198663429, "Comp_Flujo": 50, "Indice_NSE_2025": 77.296455361568803, "Nivel_NSE": "C+", "NSE_Indice_Original": 71.570792001452588, "NSE_Nivel_Original": "A/B", "Carnicerias_1km": 19, "Carnicerias_500m": 5, "Carnicerias_2km": 66, "Dist_Competidor_m": 29.063210692145255, "Densidad_Competencia_1km": 6.0478878374920226, "Densidad_Competencia_500m": 6.366197723675814, "Densidad_Pobl_2025": 6092.8448654367949, "Densidad_Pobl_2010": 4874.2758923494357, "Tasa_Crecimiento_Pobl": 0.25, "Porcentaje_Mujeres": 5.89041095890411, "Poblacion_Total_2010": 3650, "Poblacion_Total_2025": 4562.5, "Num_Cadenas_2km": 30, "Tiene_Cadena_Cerca": 1, "HHI_Concentracion": 348.9439853076218, "Intensidad_Competitiva": 31.0, "Educacion_Normalizado": 49.129353233830834, "Vivienda_Normalizado": 97.509478533376608, "Activos_Normalizado": 77.756880733944953, "Economico_Normalizado": 65.076981072364731, "CVEGEO_2": "1900600010512", "CVE_ENT": "19", "CVE_MUN": "006", "CVE_LOC": "0001", "CVE_ASEN": "0512", "CP": "66634", "FECHA_ACT": "11/2024", "INSTITUCIO": "SECRETARÍA DE DESARROLLO URBANO, OBRAS PÚBLICAS, ECOLOGÍA Y TRANSPORTE DE APODACA", "NOM_ASEN": "MONTALTO RESIDENCIAL", "TIPO": "FRACCIONAMIENTO", "Shape_Leng": 1470.3438941700001, "Shape_Area": 116118.03677000001 }, "geometry": { "type": "Polygon", "coordinates": [ [ [ -100.179974827717473, 25.744991818541067 ], [ -100.179941481854684, 25.745066276092285 ], [ -100.179443461102636, 25.745647283185818 ], [ -100.178585483188215, 25.746637255786688 ], [ -100.178513838896961, 25.746625133886695 ], [ -100.179448015949589, 25.74561452540571 ], [ -100.179933900268722, 25.745058988538357 ], [ -100.179964835672379, 25.744991785673857 ], [ -100.179974827717473, 25.744991818541067 ] ] ] } },
{ "type": "Feature", "properties": { "CVEGEO_1": "190060001144A", "Score_Final": 72.079070508276558, "Clasificacion": "Bueno", "Comp_NSE": 84.763450851543254, "Comp_Competencia": 50, "Comp_Accesibilidad": 99.559313551182115, "Comp_Flujo": 50, "Indice_NSE_2025": 77.057682592312048, "Nivel_NSE": "C+", "NSE_Indice_Original": 71.349706103992631, "NSE_Nivel_Original": "A/B", "Carnicerias_1km": 27, "Carnicerias_500m": 11, "Carnicerias_2km": 91, "Dist_Competidor_m": 0.0, "Densidad_Competencia_1km": 8.5943669269623477, "Densidad_Competencia_500m": 14.00563499208679, "Densidad_Pobl_2025": 8483.9190109780229, "Densidad_Pobl_2010": 6787.135208782418, "Tasa_Crecimiento_Pobl": 0.25, "Porcentaje_Mujeres": 7.0790257578412481, "Poblacion_Total_2010": 5707, "Poblacion_Total_2025": 7133.75, "Num_Cadenas_2km": 41, "Tiene_Cadena_Cerca": 1, "HHI_Concentracion": 291.0276536650162, "Intensidad_Competitiva": 47.25, "Educacion_Normalizado": 50.74626865671641, "Vivienda_Normalizado": 98.756800383913415, "Activos_Normalizado": 74.288990825688074, "Economico_Normalizado": 64.321888522886681, "CVEGEO_2": "1900600010071", "CVE_ENT": "19", "CVE_MUN": "006", "CVE_LOC": "0001", "CVE_ASEN": "0071", "CP": "66640", "FECHA_ACT": "11/2024", "INSTITUCIO": "SECRETARÍA DE DESARROLLO URBANO, OBRAS PÚBLICAS, ECOLOGÍA Y TRANSPORTE DE APODACA", "NOM_ASEN": "HUINALÁ", "TIPO": "COLONIA", "Shape_Leng": 7098.8413938399999, "Shape_Area": 975235.65223200002 }, "geometry": { "type": "Polygon", "coordinates": [ [ [ -100.16777938099203, 25.744860803420377 ], [ -100.167488180082287, 25.744891976698103 ], [ -100.167047715615681, 25.744996714776089 ], [ -100.166785909450837, 25.745081643585646 ], [ -100.166785985816446, 25.745074725953142 ], [ -100.167039687115761, 25.744992426518586 ], [ -100.167451800456504, 25.744894431439302 ], [ -100.16777135162188, 25.744856516585422 ], [ -100.16833489062013, 25.744862972641766 ], [ -100.16833345043203, 25.744867151310011 ], [ -100.16777938099203, 25.744860803420377 ] ] ] } },
{ "type": "Feature", "properties": { "CVEGEO_1": "190060001144A", "Score_Final": 72.079070508276558, "Clasificacion": "Bueno", "Comp_NSE": 84.763450851543254, "Comp_Competencia": 50, "Comp_Accesibilidad": 99.559313551182115, "Comp_Flujo": 50, "Indice_NSE_2025": 77.057682592312048, "Nivel_NSE": "C+", "NSE_Indice_Original": 71.349706103992631, "NSE_Nivel_Original": "A/B", "Carnicerias_1km": 27, "Carnicerias_500m": 11, "Carnicerias_2km": 91, "Dist_Competidor_m": 0.0, "Densidad_Competencia_1km": 8.5943669269623477, "Densidad_Competencia_500m": 14.00563499208679, "Densidad_Pobl_2025": 8483.9190109780229, "Densidad_Pobl_2010": 6787.135208782418, "Tasa_Crecimiento_Pobl": 0.25, "Porcentaje_Mujeres": 7.0790257578412481, "Poblacion_Total_2010": 5707, "Poblacion_Total_2025": 7133.75, "Num_Cadenas_2km": 41, "Tiene_Cadena_Cerca": 1, "HHI_Concentracion": 291.0276536650162, "Intensidad_Competitiva": 47.25, "Educacion_Normalizado": 50.74626865671641, "Vivienda_Normalizado": 98.756800383913415, "Activos_Normalizado": 74.288990825688074, "Economico_Normalizado": 64.321888522886681, "CVEGEO_2": "1900600010080", "CVE_ENT": "19", "CVE_MUN": "006", "CVE_LOC": "0001", "CVE_ASEN": "0080", "CP": "66640", "FECHA_ACT": "11/2024", "INSTITUCIO": "SECRETARÍA DE DESARROLLO URBANO, OBRAS PÚBLICAS, ECOLOGÍA Y TRANSPORTE DE APODACA", "NOM_ASEN": "JARDINES DE HUINALÁ E-1", "TIPO": "COLONIA", "Shape_Leng": 2106.6388902399999, "Shape_Area": 161962.689155 }, "geometry": { "type": "Polygon", "coordinates": [ [ [ -100.169119404317527, 25.739697518479577 ], [ -100.169366748525661, 25.739509264477086 ], [ -100.169628355746894, 25.739312038151578 ], [ -100.170091243512488, 25.738949773876694 ], [ -100.17027667211309, 25.738804749371084 ], [ -100.170349016150695, 25.738971880915134 ], [ -100.170627044695834, 25.739614182784727 ], [ -100.170800909828358, 25.739555140447187 ], [ -100.170830992871302, 25.739544924911254 ], [ -100.170872246440481, 25.73952998589667 ], [ -100.171925294344049, 25.739148643518718 ], [ -100.172206354687404, 25.739676418286599 ], [ -100.172225684531654, 25.739712716879204 ], [ -100.172234658818311, 25.73974962879911 ], [ -100.172315866345656, 25.740083680488048 ], [ -100.172338875687331, 25.740178333255113 ], [ -100.172323212808621, 25.741797757203759 ], [ -100.172326092943521, 25.741840321944895 ], [ -100.172329572205271, 25.741890982311588 ], [ -100.172335986521446, 25.742310252542492 ], [ -100.172372547223688, 25.742515854529014 ], [ -100.17238578102824, 25.742590271365568 ], [ -100.172430469675788, 25.742841576952497 ], [ -100.172436628112905, 25.74287621051138 ], [ -100.172507982359548, 25.742927848291366 ], [ -100.172711605928242, 25.742854838439797 ], [ -100.172771970343817, 25.742944262249988 ], [ -100.173689315073034, 25.744295232795565 ], [ -100.173710542693527, 25.744328548936821 ], [ -100.173734161135442, 25.744365620449489 ], [ -100.174032436762431, 25.744833754621368 ], [ -100.174097913314725, 25.74493651892487 ], [ -100.173849343196522, 25.744935121881316 ], [ -100.173682984891968, 25.744930743492763 ], [ -100.173052662225246, 25.744919325654259 ], [ -100.173005046226962, 25.744918710979931 ], [ -100.172848481321026, 25.744916764831423 ], [ -100.172815544491868, 25.744832332406059 ], [ -100.17224343381757, 25.74344246831113 ], [ -100.170686016915397, 25.743926429725605 ], [ -100.170208588976934, 25.743581175418743 ], [ -100.169519805551957, 25.743294273256669 ], [ -100.169509112216957, 25.742558055528526 ], [ -100.169507632173207, 25.742471210409786 ], [ -100.169503208101361, 25.742424281391333 ], [ -100.169495095409431, 25.742338213992237 ], [ -100.169312346786356, 25.741020824292896 ], [ -100.169305285009941, 25.740969915593105 ], [ -100.169297629196379, 25.740919517018966 ], [ -100.169144004363091, 25.739908068906974 ], [ -100.169112790613511, 25.739702552156338 ], [ -100.169119404317527, 25.739697518479577 ] ] ] } },
{ "type": "Feature", "properties": { "CVEGEO_1": "190060001144A", "Score_Final": 72.079070508276558, "Clasificacion": "Bueno", "Comp_NSE": 84.763450851543254, "Comp_Competencia": 50, "Comp_Accesibilidad": 99.559313551182115, "Comp_Flujo": 50, "Indice_NSE_2025": 77.057682592312048, "Nivel_NSE": "C+", "NSE_Indice_Original": 71.349706103992631, "NSE_Nivel_Original": "A/B", "Carnicerias_1km": 27, "Carnicerias_500m": 11, "Carnicerias_2km": 91, "Dist_Competidor_m": 0.0, "Densidad_Competencia_1km": 8.5943669269623477, "Densidad_Competencia_500m": 14.00563499208679, "Densidad_Pobl_2025": 8483.9190109780229, "Densidad_Pobl_2010": 6787.135208782418, "Tasa_Crecimiento_Pobl": 0.25, "Porcentaje_Mujeres": 7.0790257578412481, "Poblacion_Total_2010": 5707, "Poblacion_Total_2025": 7133.75, "Num_Cadenas_2km": 41, "Tiene_Cadena_Cerca": 1, "HHI_Concentracion": 291.0276536650162, "Intensidad_Competitiva": 47.25, "Educacion_Normalizado": 50.74626865671641, "Vivienda_Normalizado": 98.756800383913415, "Activos_Normalizado": 74.288990825688074, "Economico_Normalizado": 64.321888522886681, "CVEGEO_2": "1900600010089", "CVE_ENT": "19", "CVE_MUN": "006", "CVE_LOC": "0001", "CVE_ASEN": "0089", "CP": "66645", "FECHA_ACT": "11/2024", "INSTITUCIO": "SECRETARÍA DE DESARROLLO URBANO, OBRAS PÚBLICAS, ECOLOGÍA Y TRANSPORTE DE APODACA", "NOM_ASEN": "JARDINES DEL VIRREY", "TIPO": "COLONIA", "Shape_Leng": 1736.5035600199999, "Shape_Area": 124490.40078700001 }, "geometry": { "type": "Polygon", "coordinates": [ [ [ -100.174475845159947, 25.744942883502251 ], [ -100.174105945183797, 25.744940806101045 ], [ -100.173803408785659, 25.744939106322622 ], [ -100.173691015285911, 25.744935031411476 ], [ -100.173060693597023, 25.744923613061509 ], [ -100.173013077973565, 25.744922998030944 ], [ -100.172856512654846, 25.744921053240748 ], [ -100.172848209894283, 25.744920949095974 ], [ -100.172848481321026, 25.744916764831423 ], [ -100.173005046226962, 25.744918710979931 ], [ -100.173052662225246, 25.744919325654259 ], [ -100.173682984891968, 25.744930743492763 ], [ -100.173849343196522, 25.744935121881316 ], [ -100.174097913314725, 25.74493651892487 ], [ -100.174467812866837, 25.744938596011032 ], [ -100.174528257812611, 25.744939145898723 ], [ -100.174733854066616, 25.744940978937382 ], [ -100.174732756157184, 25.744945184665802 ], [ -100.174475845159947, 25.744942883502251 ] ] ] } },
{ "type": "Feature", "properties": { "CVEGEO_1": "190060001144A", "Score_Final": 72.079070508276558, "Clasificacion": "Bueno", "Comp_NSE": 84.763450851543254, "Comp_Competencia": 50, "Comp_Accesibilidad": 99.559313551182115, "Comp_Flujo": 50, "Indice_NSE_2025": 77.057682592312048, "Nivel_NSE": "C+", "NSE_Indice_Original": 71.349706103992631, "NSE_Nivel_Original": "A/B", "Carnicerias_1km": 27, "Carnicerias_500m": 11, "Carnicerias_2km": 91, "Dist_Competidor_m": 0.0, "Densidad_Competencia_1km": 8.5943669269623477, "Densidad_Competencia_500m": 14.00563499208679, "Densidad_Pobl_2025": 8483.9190109780229, "Densidad_Pobl_2010": 6787.135208782418, "Tasa_Crecimiento_Pobl": 0.25, "Porcentaje_Mujeres": 7.0790257578412481, "Poblacion_Total_2010": 5707, "Poblacion_Total_2025": 7133.75, "Num_Cadenas_2km": 41, "Tiene_Cadena_Cerca": 1, "HHI_Concentracion": 291.0276536650162, "Intensidad_Competitiva": 47.25, "Educacion_Normalizado": 50.74626865671641, "Vivienda_Normalizado": 98.756800383913415, "Activos_Normalizado": 74.288990825688074, "Economico_Normalizado": 64.321888522886681, "CVEGEO_2": "1900600010155", "CVE_ENT": "19", "CVE_MUN": "006", "CVE_LOC": "0001", "CVE_ASEN": "0155", "CP": "66645", "FECHA_ACT": "11/2024", "INSTITUCIO": "SECRETARÍA DE DESARROLLO URBANO, OBRAS PÚBLICAS, ECOLOGÍA Y TRANSPORTE DE APODACA", "NOM_ASEN": "PADILLA", "TIPO": "COLONIA", "Shape_Leng": 734.63863681099997, "Shape_Area": 26922.508628200001 }, "geometry": { "type": "Polygon", "coordinates": [ [ [ -100.178447518110985, 25.744986794704364 ], [ -100.17756190720084, 25.744974448789076 ], [ -100.177555206078594, 25.744974355338879 ], [ -100.177553876003174, 25.744970161585968 ], [ -100.178439484761014, 25.744982506558131 ], [ -100.179966793908193, 25.744987531678738 ], [ -100.179964835672379, 25.744991785673857 ], [ -100.178447518110985, 25.744986794704364 ] ] ] } },
{ "type": "Feature", "properties": { "CVEGEO_1": "190060001144A", "Score_Final": 72.079070508276558, "Clasificacion": "Bueno", "Comp_NSE": 84.763450851543254, "Comp_Competencia": 50, "Comp_Accesibilidad": 99.559313551182115, "Comp_Flujo": 50, "Indice_NSE_2025": 77.057682592312048, "Nivel_NSE": "C+", "NSE_Indice_Original": 71.349706103992631, "NSE_Nivel_Original": "A/B", "Carnicerias_1km": 27, "Carnicerias_500m": 11, "Carnicerias_2km": 91, "Dist_Competidor_m": 0.0, "Densidad_Competencia_1km": 8.5943669269623477, "Densidad_Competencia_500m": 14.00563499208679, "Densidad_Pobl_2025": 8483.9190109780229, "Densidad_Pobl_2010": 6787.135208782418, "Tasa_Crecimiento_Pobl": 0.25, "Porcentaje_Mujeres": 7.0790257578412481, "Poblacion_Total_2010": 5707, "Poblacion_Total_2025": 7133.75, "Num_Cadenas_2km": 41, "Tiene_Cadena_Cerca": 1, "HHI_Concentracion": 291.0276536650162, "Intensidad_Competitiva": 47.25, "Educacion_Normalizado": 50.74626865671641, "Vivienda_Normalizado": 98.756800383913415, "Activos_Normalizado": 74.288990825688074, "Economico_Normalizado": 64.321888522886681, "CVEGEO_2": "1900600010190", "CVE_ENT": "19", "CVE_MUN": "006", "CVE_LOC": "0001", "CVE_ASEN": "0190", "CP": "66640", "FECHA_ACT": "11/2024", "INSTITUCIO": "SECRETARÍA DE DESARROLLO URBANO, OBRAS PÚBLICAS, ECOLOGÍA Y TRANSPORTE DE APODACA", "NOM_ASEN": "SAN ANDRÉS PRIMER SECTOR", "TIPO": "COLONIA", "Shape_Leng": 2241.2839899300002, "Shape_Area": 166857.90289900001 }, "geometry": { "type": "Polygon", "coordinates": [ [ [ -100.170281285334454, 25.738801141350827 ], [ -100.170436050310585, 25.738679919546712 ], [ -100.170632807902095, 25.738525722941858 ], [ -100.170913173455787, 25.738306002636993 ], [ -100.171114122603285, 25.738149237567416 ], [ -100.171483053130075, 25.737865771035096 ], [ -100.171646191202868, 25.737732648972091 ], [ -100.171801065924797, 25.737836467836509 ], [ -100.172529427329735, 25.738309763182301 ], [ -100.172569797439863, 25.738337076662805 ], [ -100.172611034539202, 25.738364978811667 ], [ -100.173688663726722, 25.739094096298899 ], [ -100.173727669315909, 25.739120486711432 ], [ -100.173770269919189, 25.739149311272726 ], [ -100.174634379062297, 25.739733948266771 ], [ -100.174801448738563, 25.740489197340729 ], [ -100.174814964895035, 25.740550304238347 ], [ -100.174827714642149, 25.740607941146081 ], [ -100.175043833368932, 25.74158490186921 ], [ -100.175052259152721, 25.741622999051966 ], [ -100.175060464755433, 25.741660088728807 ], [ -100.175146885371134, 25.742034124983018 ], [ -100.175003725109704, 25.742115029251011 ], [ -100.174815919932541, 25.742205016764967 ], [ -100.174600670541224, 25.742287008943165 ], [ -100.174475706787646, 25.742323557503468 ], [ -100.174478896348944, 25.742353135561917 ], [ -100.174497861110211, 25.742416908324735 ], [ -100.174968046863512, 25.744274616963164 ], [ -100.175026927017811, 25.744332698264312 ], [ -100.175038099088866, 25.744376778795679 ], [ -100.175147612667672, 25.744808907504588 ], [ -100.175118925323588, 25.744944823900447 ], [ -100.174733854066616, 25.744940978937382 ], [ -100.174528257812611, 25.744939145898723 ], [ -100.174467812866837, 25.744938596011032 ], [ -100.174097913314725, 25.74493651892487 ], [ -100.174032436762431, 25.744833754621368 ], [ -100.173734161135442, 25.744365620449489 ], [ -100.173710542693527, 25.744328548936821 ], [ -100.173689315073034, 25.744295232795565 ], [ -100.172771970343817, 25.742944262249988 ], [ -100.172711605928242, 25.742854838439797 ], [ -100.172507982359548, 25.742927848291366 ], [ -100.172436628112905, 25.74287621051138 ], [ -100.172430469675788, 25.742841576952497 ], [ -100.17238578102824, 25.742590271365568 ], [ -100.172372547223688, 25.742515854529014 ], [ -100.172335986521446, 25.742310252542492 ], [ -100.172329572205271, 25.741890982311588 ], [ -100.172326092943521, 25.741840321944895 ], [ -100.172323212808621, 25.741797757203759 ], [ -100.172338875687331, 25.740178333255113 ], [ -100.172315866345656, 25.740083680488048 ], [ -100.172234658818311, 25.73974962879911 ], [ -100.172225684531654, 25.739712716879204 ], [ -100.172206354687404, 25.739676418286599 ], [ -100.171925294344049, 25.739148643518718 ], [ -100.170872246440481, 25.73952998589667 ], [ -100.170830992871302, 25.739544924911254 ], [ -100.170800909828358, 25.739555140447187 ], [ -100.170627044695834, 25.739614182784727 ], [ -100.170349016150695, 25.738971880915134 ], [ -100.17027667211309, 25.738804749371084 ], [ -100.170281285334454, 25.738801141350827 ] ] ] } },
{ "type": "Feature", "properties": { "CVEGEO_1": "190060001144A", "Score_Final": 72.079070508276558, "Clasificacion": "Bueno", "Comp_NSE": 84.763450851543254, "Comp_Competencia": 50, "Comp_Accesibilidad": 99.559313551182115, "Comp_Flujo": 50, "Indice_NSE_2025": 77.057682592312048, "Nivel_NSE": "C+", "NSE_Indice_Original": 71.349706103992631, "NSE_Nivel_Original": "A/B", "Carnicerias_1km": 27, "Carnicerias_500m": 11, "Carnicerias_2km": 91, "Dist_Competidor_m": 0.0, "Densidad_Competencia_1km": 8.5943669269623477, "Densidad_Competencia_500m": 14.00563499208679, "Densidad_Pobl_2025": 8483.9190109780229, "Densidad_Pobl_2010": 6787.135208782418, "Tasa_Crecimiento_Pobl": 0.25, "Porcentaje_Mujeres": 7.0790257578412481, "Poblacion_Total_2010": 5707, "Poblacion_Total_2025": 7133.75, "Num_Cadenas_2km": 41, "Tiene_Cadena_Cerca": 1, "HHI_Concentracion": 291.0276536650162, "Intensidad_Competitiva": 47.25, "Educacion_Normalizado": 50.74626865671641, "Vivienda_Normalizado": 98.756800383913415, "Activos_Normalizado": 74.288990825688074, "Economico_Normalizado": 64.321888522886681, "CVEGEO_2": "1900600010242", "CVE_ENT": "19", "CVE_MUN": "006", "CVE_LOC": "0001", "CVE_ASEN": "0242", "CP": "66634", "FECHA_ACT": "11/2024", "INSTITUCIO": "SECRETARÍA DE DESARROLLO URBANO, OBRAS PÚBLICAS, ECOLOGÍA Y TRANSPORTE DE APODACA", "NOM_ASEN": "PARQUE INDUSTRIAL VILLAS DE HUINALÁ I", "TIPO": "ZONA INDUSTRIAL", "Shape_Leng": 2960.7818807100002, "Shape_Area": 241984.31082700001 }, "geometry": { "type": "Polygon", "coordinates": [ [ [ -100.183628785339707, 25.742484621359115 ], [ -100.183049870509009, 25.742794649520579 ], [ -100.182591823457088, 25.74307162601194 ], [ -100.182211660011887, 25.743301505025062 ], [ -100.181735381890363, 25.743616958109996 ], [ -100.180688444933068, 25.744420781726046 ], [ -100.180007785850009, 25.744945374047152 ], [ -100.179977758505004, 25.744987688484738 ], [ -100.179966793908193, 25.744987531678738 ], [ -100.17999975263902, 25.744941087175718 ], [ -100.180869628624265, 25.744271443334341 ], [ -100.181742077140697, 25.743603532796541 ], [ -100.18220362745825, 25.743297218547635 ], [ -100.182583790196844, 25.74306733840373 ], [ -100.183041837640701, 25.742790363040687 ], [ -100.183620751620424, 25.74248033369615 ], [ -100.183623560143573, 25.742478848729274 ], [ -100.183628785339707, 25.742484621359115 ] ] ] } },
{ "type": "Feature", "properties": { "CVEGEO_1": "190060001144A", "Score_Final": 72.079070508276558, "Clasificacion": "Bueno", "Comp_NSE": 84.763450851543254, "Comp_Competencia": 50, "Comp_Accesibilidad": 99.559313551182115, "Comp_Flujo": 50, "Indice_NSE_2025": 77.057682592312048, "Nivel_NSE": "C+", "NSE_Indice_Original": 71.349706103992631, "NSE_Nivel_Original": "A/B", "Carnicerias_1km": 27, "Carnicerias_500m": 11, "Carnicerias_2km": 91, "Dist_Competidor_m": 0.0, "Densidad_Competencia_1km": 8.5943669269623477, "Densidad_Competencia_500m": 14.00563499208679, "Densidad_Pobl_2025": 8483.9190109780229, "Densidad_Pobl_2010": 6787.135208782418, "Tasa_Crecimiento_Pobl": 0.25, "Porcentaje_Mujeres": 7.0790257578412481, "Poblacion_Total_2010": 5707, "Poblacion_Total_2025": 7133.75, "Num_Cadenas_2km": 41, "Tiene_Cadena_Cerca": 1, "HHI_Concentracion": 291.0276536650162, "Intensidad_Competitiva": 47.25, "Educacion_Normalizado": 50.74626865671641, "Vivienda_Normalizado": 98.756800383913415, "Activos_Normalizado": 74.288990825688074, "Economico_Normalizado": 64.321888522886681, "CVEGEO_2": "1900600010309", "CVE_ENT": "19", "CVE_MUN": "006", "CVE_LOC": "0001", "CVE_ASEN": "0309", "CP": "66634", "FECHA_ACT": "11/2024", "INSTITUCIO": "SECRETARÍA DE DESARROLLO URBANO, OBRAS PÚBLICAS, ECOLOGÍA Y TRANSPORTE DE APODACA", "NOM_ASEN": "ENCINOS RESIDENCIAL PRIMER SECTOR", "TIPO": "FRACCIONAMIENTO", "Shape_Leng": 3544.9831589599999, "Shape_Area": 441291.76764699997 }, "geometry": { "type": "Polygon", "coordinates": [ [ [ -100.171646929346352, 25.737732046640694 ], [ -100.172062290748897, 25.737471097581697 ], [ -100.172859787005137, 25.736997533324814 ], [ -100.174028146465702, 25.736316575847894 ], [ -100.174266844870345, 25.736283423341675 ], [ -100.17537683840618, 25.740031460374293 ], [ -100.175420523389747, 25.740162248528041 ], [ -100.175478661461042, 25.740351756323946 ], [ -100.175499182861287, 25.740425945673383 ], [ -100.175583849065902, 25.740713320790142 ], [ -100.175800976442176, 25.74138987002895 ], [ -100.175795465994355, 25.741393438309551 ], [ -100.175658666839496, 25.741407981649328 ], [ -100.175061048056193, 25.741621139389498 ], [ -100.175052259152721, 25.741622999051966 ], [ -100.175043833368932, 25.74158490186921 ], [ -100.174827714642149, 25.740607941146081 ], [ -100.174814964895035, 25.740550304238347 ], [ -100.174801448738563, 25.740489197340729 ], [ -100.174634379062297, 25.739733948266771 ], [ -100.173770269919189, 25.739149311272726 ], [ -100.173727669315909, 25.739120486711432 ], [ -100.173688663726722, 25.739094096298899 ], [ -100.172611034539202, 25.738364978811667 ], [ -100.172569797439863, 25.738337076662805 ], [ -100.172529427329735, 25.738309763182301 ], [ -100.171801065924797, 25.737836467836509 ], [ -100.171646191202868, 25.737732648972091 ], [ -100.171646929346352, 25.737732046640694 ] ] ] } },
{ "type": "Feature", "properties": { "CVEGEO_1": "190060001144A", "Score_Final": 72.079070508276558, "Clasificacion": "Bueno", "Comp_NSE": 84.763450851543254, "Comp_Competencia": 50, "Comp_Accesibilidad": 99.559313551182115, "Comp_Flujo": 50, "Indice_NSE_2025": 77.057682592312048, "Nivel_NSE": "C+", "NSE_Indice_Original": 71.349706103992631, "NSE_Nivel_Original": "A/B", "Carnicerias_1km": 27, "Carnicerias_500m": 11, "Carnicerias_2km": 91, "Dist_Competidor_m": 0.0, "Densidad_Competencia_1km": 8.5943669269623477, "Densidad_Competencia_500m": 14.00563499208679, "Densidad_Pobl_2025": 8483.9190109780229, "Densidad_Pobl_2010": 6787.135208782418, "Tasa_Crecimiento_Pobl": 0.25, "Porcentaje_Mujeres": 7.0790257578412481, "Poblacion_Total_2010": 5707, "Poblacion_Total_2025": 7133.75, "Num_Cadenas_2km": 41, "Tiene_Cadena_Cerca": 1, "HHI_Concentracion": 291.0276536650162, "Intensidad_Competitiva": 47.25, "Educacion_Normalizado": 50.74626865671641, "Vivienda_Normalizado": 98.756800383913415, "Activos_Normalizado": 74.288990825688074, "Economico_Normalizado": 64.321888522886681, "CVEGEO_2": "1900600010310", "CVE_ENT": "19", "CVE_MUN": "006", "CVE_LOC": "0001", "CVE_ASEN": "0310", "CP": "66634", "FECHA_ACT": "11/2024", "INSTITUCIO": "SECRETARÍA DE DESARROLLO URBANO, OBRAS PÚBLICAS, ECOLOGÍA Y TRANSPORTE DE APODACA", "NOM_ASEN": "ENCINOS RESIDENCIAL SEGUNDO SECTOR", "TIPO": "COLONIA", "Shape_Leng": 2547.82439445, "Shape_Area": 391999.12128000002 }, "geometry": { "type": "Polygon", "coordinates": [ [ [ -100.17580349706212, 25.741397724052401 ], [ -100.175862212314883, 25.741522966940423 ], [ -100.17591338312161, 25.741690225031878 ], [ -100.176219310327724, 25.742592312246753 ], [ -100.176246914959236, 25.742671577115164 ], [ -100.176299859928292, 25.742847789232354 ], [ -100.176506964365359, 25.74345238872187 ], [ -100.17853769266992, 25.742803520344594 ], [ -100.178880967475081, 25.742461689737514 ], [ -100.179275781871056, 25.741999705881913 ], [ -100.179646040284965, 25.74157661059354 ], [ -100.17987391040603, 25.741383989963428 ], [ -100.180207097709783, 25.741182973745602 ], [ -100.179854335924745, 25.740932208467939 ], [ -100.179508956344833, 25.740736778846031 ], [ -100.180759933802861, 25.739899062850508 ], [ -100.181027333040646, 25.740174204600567 ], [ -100.181297222009974, 25.740465880232456 ], [ -100.18154200201262, 25.740298244546519 ], [ -100.182015534220838, 25.740796181183985 ], [ -100.182101035768966, 25.74088608785312 ], [ -100.182106705986385, 25.740887889489152 ], [ -100.18210906946338, 25.740890374751338 ], [ -100.182216693712334, 25.740924569816155 ], [ -100.182316369233519, 25.741035014688869 ], [ -100.182706738776957, 25.741468450864673 ], [ -100.18308796742248, 25.741891731354542 ], [ -100.183620751620424, 25.74248033369615 ], [ -100.183041837640701, 25.742790363040687 ], [ -100.182583790196844, 25.74306733840373 ], [ -100.18220362745825, 25.743297218547635 ], [ -100.181742077140697, 25.743603532796541 ], [ -100.180869628624265, 25.744271443334341 ], [ -100.17999975263902, 25.744941087175718 ], [ -100.179966793908193, 25.744987531678738 ], [ -100.178439484761014, 25.744982506558131 ], [ -100.177553876003174, 25.744970161585968 ], [ -100.177016866375851, 25.744962672369777 ], [ -100.176714378729741, 25.744960742544329 ], [ -100.175170746935891, 25.74494534128322 ], [ -100.175118925323588, 25.744944823900447 ], [ -100.175147612667672, 25.744808907504588 ], [ -100.175038099088866, 25.744376778795679 ], [ -100.175026927017811, 25.744332698264312 ], [ -100.174968046863512, 25.744274616963164 ], [ -100.174497861110211, 25.742416908324735 ], [ -100.174478896348944, 25.742353135561917 ], [ -100.174475706787646, 25.742323557503468 ], [ -100.174600670541224, 25.742287008943165 ], [ -100.174815919932541, 25.742205016764967 ], [ -100.175003725109704, 25.742115029251011 ], [ -100.175146885371134, 25.742034124983018 ], [ -100.175060464755433, 25.741660088728807 ], [ -100.175052259152721, 25.741622999051966 ], [ -100.175061048056193, 25.741621139389498 ], [ -100.175658666839496, 25.741407981649328 ], [ -100.175795465994355, 25.741393438309551 ], [ -100.175800976442176, 25.74138987002895 ], [ -100.17580349706212, 25.741397724052401 ] ] ] } },
{ "type": "Feature", "properties": { "CVEGEO_1": "190060001144A", "Score_Final": 72.079070508276558, "Clasificacion": "Bueno", "Comp_NSE": 84.763450851543254, "Comp_Competencia": 50, "Comp_Accesibilidad": 99.559313551182115, "Comp_Flujo": 50, "Indice_NSE_2025": 77.057682592312048, "Nivel_NSE": "C+", "NSE_Indice_Original": 71.349706103992631, "NSE_Nivel_Original": "A/B", "Carnicerias_1km": 27, "Carnicerias_500m": 11, "Carnicerias_2km": 91, "Dist_Competidor_m": 0.0, "Densidad_Competencia_1km": 8.5943669269623477, "Densidad_Competencia_500m": 14.00563499208679, "Densidad_Pobl_2025": 8483.9190109780229, "Densidad_Pobl_2010": 6787.135208782418, "Tasa_Crecimiento_Pobl": 0.25, "Porcentaje_Mujeres": 7.0790257578412481, "Poblacion_Total_2010": 5707, "Poblacion_Total_2025": 7133.75, "Num_Cadenas_2km": 41, "Tiene_Cadena_Cerca": 1, "HHI_Concentracion": 291.0276536650162, "Intensidad_Competitiva": 47.25, "Educacion_Normalizado": 50.74626865671641, "Vivienda_Normalizado": 98.756800383913415, "Activos_Normalizado": 74.288990825688074, "Economico_Normalizado": 64.321888522886681, "CVEGEO_2": "1900600010313", "CVE_ENT": "19", "CVE_MUN": "006", "CVE_LOC": "0001", "CVE_ASEN": "0313", "CP": "66645", "FECHA_ACT": "11/2024", "INSTITUCIO": "SECRETARÍA DE DESARROLLO URBANO, OBRAS PÚBLICAS, ECOLOGÍA Y TRANSPORTE DE APODACA", "NOM_ASEN": "HACIENDA DEL CARMEN", "TIPO": "COLONIA", "Shape_Leng": 1461.45235981, "Shape_Area": 141071.27377 }, "geometry": { "type": "Polygon", "coordinates": [ [ [ -100.177024898729556, 25.744966959961836 ], [ -100.176722410191005, 25.744965029226879 ], [ -100.175178778677349, 25.744949628320942 ], [ -100.175126956291024, 25.744949111001688 ], [ -100.174741885761037, 25.74494526644008 ], [ -100.174732756157184, 25.744945184665802 ], [ -100.174733854066616, 25.744940978937382 ], [ -100.175118925323588, 25.744944823900447 ], [ -100.175170746935891, 25.74494534128322 ], [ -100.176714378729741, 25.744960742544329 ], [ -100.177016866375851, 25.744962672369777 ], [ -100.177553876003174, 25.744970161585968 ], [ -100.177555206078594, 25.744974355338879 ], [ -100.177024898729556, 25.744966959961836 ] ] ] } },
{ "type": "Feature", "properties": { "CVEGEO_1": "190060001144A", "Score_Final": 72.079070508276558, "Clasificacion": "Bueno", "Comp_NSE": 84.763450851543254, "Comp_Competencia": 50, "Comp_Accesibilidad": 99.559313551182115, "Comp_Flujo": 50, "Indice_NSE_2025": 77.057682592312048, "Nivel_NSE": "C+", "NSE_Indice_Original": 71.349706103992631, "NSE_Nivel_Original": "A/B", "Carnicerias_1km": 27, "Carnicerias_500m": 11, "Carnicerias_2km": 91, "Dist_Competidor_m": 0.0, "Densidad_Competencia_1km": 8.5943669269623477, "Densidad_Competencia_500m": 14.00563499208679, "Densidad_Pobl_2025": 8483.9190109780229, "Densidad_Pobl_2010": 6787.135208782418, "Tasa_Crecimiento_Pobl": 0.25, "Porcentaje_Mujeres": 7.0790257578412481, "Poblacion_Total_2010": 5707, "Poblacion_Total_2025": 7133.75, "Num_Cadenas_2km": 41, "Tiene_Cadena_Cerca": 1, "HHI_Concentracion": 291.0276536650162, "Intensidad_Competitiva": 47.25, "Educacion_Normalizado": 50.74626865671641, "Vivienda_Normalizado": 98.756800383913415, "Activos_Normalizado": 74.288990825688074, "Economico_Normalizado": 64.321888522886681, "CVEGEO_2": "1900600010340", "CVE_ENT": "19", "CVE_MUN": "006", "CVE_LOC": "0001", "CVE_ASEN": "0340", "CP": "66640", "FECHA_ACT": "11/2024", "INSTITUCIO": "SECRETARÍA DE DESARROLLO URBANO, OBRAS PÚBLICAS, ECOLOGÍA Y TRANSPORTE DE APODACA", "NOM_ASEN": "LOS PRADOS RESIDENCIAL PRIMER SECTOR", "TIPO": "FRACCIONAMIENTO", "Shape_Leng": 1333.18986496, "Shape_Area": 87586.404823999997 }, "geometry": { "type": "Polygon", "coordinates": [ [ [ -100.166798820421192, 25.743912094842987 ], [ -100.166808591579681, 25.743343755303648 ], [ -100.166822001105032, 25.742269365827401 ], [ -100.166827915193721, 25.742004260464984 ], [ -100.166842348712748, 25.74156519137463 ], [ -100.166870313974428, 25.740714481958438 ], [ -100.167159968273396, 25.740633207531104 ], [ -100.167459068219245, 25.740549282030781 ], [ -100.167755741454513, 25.74046299533088 ], [ -100.167855650789079, 25.740433936777698 ], [ -100.168117824854463, 25.740356987817165 ], [ -100.168187910732186, 25.740336417288507 ], [ -100.168445124426611, 25.740199755008529 ], [ -100.168956490290412, 25.73982151201642 ], [ -100.169112790613511, 25.739702552156338 ], [ -100.169144004363091, 25.739908068906974 ], [ -100.169297629196379, 25.740919517018966 ], [ -100.169305285009941, 25.740969915593105 ], [ -100.169312346786356, 25.741020824292896 ], [ -100.169495095409431, 25.742338213992237 ], [ -100.169503208101361, 25.742424281391333 ], [ -100.169507632173207, 25.742471210409786 ], [ -100.169509112216957, 25.742558055528526 ], [ -100.169519805551957, 25.743294273256669 ], [ -100.169285372119504, 25.743208622553592 ], [ -100.169193818348006, 25.743140780976905 ], [ -100.169027348925695, 25.74292017448861 ], [ -100.167974470819487, 25.743410655556747 ], [ -100.166835212956002, 25.743954085677156 ], [ -100.166798161764305, 25.743971759211881 ], [ -100.166798820421192, 25.743912094842987 ] ] ] } },
{ "type": "Feature", "properties": { "CVEGEO_1": "190060001144A", "Score_Final": 72.079070508276558, "Clasificacion": "Bueno", "Comp_NSE": 84.763450851543254, "Comp_Competencia": 50, "Comp_Accesibilidad": 99.559313551182115, "Comp_Flujo": 50, "Indice_NSE_2025": 77.057682592312048, "Nivel_NSE": "C+", "NSE_Indice_Original": 71.349706103992631, "NSE_Nivel_Original": "A/B", "Carnicerias_1km": 27, "Carnicerias_500m": 11, "Carnicerias_2km": 91, "Dist_Competidor_m": 0.0, "Densidad_Competencia_1km": 8.5943669269623477, "Densidad_Competencia_500m": 14.00563499208679, "Densidad_Pobl_2025": 8483.9190109780229, "Densidad_Pobl_2010": 6787.135208782418, "Tasa_Crecimiento_Pobl": 0.25, "Porcentaje_Mujeres": 7.0790257578412481, "Poblacion_Total_2010": 5707, "Poblacion_Total_2025": 7133.75, "Num_Cadenas_2km": 41, "Tiene_Cadena_Cerca": 1, "HHI_Concentracion": 291.0276536650162, "Intensidad_Competitiva": 47.25, "Educacion_Normalizado": 50.74626865671641, "Vivienda_Normalizado": 98.756800383913415, "Activos_Normalizado": 74.288990825688074, "Economico_Normalizado": 64.321888522886681, "CVEGEO_2": "1900600010352", "CVE_ENT": "19", "CVE_MUN": "006", "CVE_LOC": "0001", "CVE_ASEN": "0352", "CP": "66640", "FECHA_ACT": "11/2024", "INSTITUCIO": "SECRETARÍA DE DESARROLLO URBANO, OBRAS PÚBLICAS, ECOLOGÍA Y TRANSPORTE DE APODACA", "NOM_ASEN": "PARQUE INDUSTRIAL SAN ANDRÉS", "TIPO": "ZONA INDUSTRIAL", "Shape_Leng": 1524.03276501, "Shape_Area": 87810.367068599997 }, "geometry": { "type": "Polygon", "coordinates": [ [ [ -100.166798071685506, 25.743979918990931 ], [ -100.166798161764305, 25.743971759211881 ], [ -100.166835212956002, 25.743954085677156 ], [ -100.167974470819487, 25.743410655556747 ], [ -100.169027348925695, 25.74292017448861 ], [ -100.169193818348006, 25.743140780976905 ], [ -100.169285372119504, 25.743208622553592 ], [ -100.169519805551957, 25.743294273256669 ], [ -100.170208588976934, 25.743581175418743 ], [ -100.170686016915397, 25.743926429725605 ], [ -100.17224343381757, 25.74344246831113 ], [ -100.172815544491868, 25.744832332406059 ], [ -100.172848481321026, 25.744916764831423 ], [ -100.171199387810674, 25.744896080812872 ], [ -100.170095150059424, 25.744883124510046 ], [ -100.169539611452436, 25.744876767201003 ], [ -100.16833489062013, 25.744862972641766 ], [ -100.16777135162188, 25.744856516585422 ], [ -100.167451800456504, 25.744894431439302 ], [ -100.167039687115761, 25.744992426518586 ], [ -100.166785985816446, 25.745074725953142 ], [ -100.166798071685506, 25.743979918990931 ] ] ] } },
{ "type": "Feature", "properties": { "CVEGEO_1": "190060001144A", "Score_Final": 72.079070508276558, "Clasificacion": "Bueno", "Comp_NSE": 84.763450851543254, "Comp_Competencia": 50, "Comp_Accesibilidad": 99.559313551182115, "Comp_Flujo": 50, "Indice_NSE_2025": 77.057682592312048, "Nivel_NSE": "C+", "NSE_Indice_Original": 71.349706103992631, "NSE_Nivel_Original": "A/B", "Carnicerias_1km": 27, "Carnicerias_500m": 11, "Carnicerias_2km": 91, "Dist_Competidor_m": 0.0, "Densidad_Competencia_1km": 8.5943669269623477, "Densidad_Competencia_500m": 14.00563499208679, "Densidad_Pobl_2025": 8483.9190109780229, "Densidad_Pobl_2010": 6787.135208782418, "Tasa_Crecimiento_Pobl": 0.25, "Porcentaje_Mujeres": 7.0790257578412481, "Poblacion_Total_2010": 5707, "Poblacion_Total_2025": 7133.75, "Num_Cadenas_2km": 41, "Tiene_Cadena_Cerca": 1, "HHI_Concentracion": 291.0276536650162, "Intensidad_Competitiva": 47.25, "Educacion_Normalizado": 50.74626865671641, "Vivienda_Normalizado": 98.756800383913415, "Activos_Normalizado": 74.288990825688074, "Economico_Normalizado": 64.321888522886681, "CVEGEO_2": "1900600010418", "CVE_ENT": "19", "CVE_MUN": "006", "CVE_LOC": "0001", "CVE_ASEN": "0418", "CP": "66645", "FECHA_ACT": "11/2024", "INSTITUCIO": "SECRETARÍA DE DESARROLLO URBANO, OBRAS PÚBLICAS, ECOLOGÍA Y TRANSPORTE DE APODACA", "NOM_ASEN": "PARQUE INDUSTRIAL LAS AMÉRICAS", "TIPO": "ZONA INDUSTRIAL", "Shape_Leng": 2002.6583922899999, "Shape_Area": 176161.600767 }, "geometry": { "type": "Polygon", "coordinates": [ [ [ -100.16833345043203, 25.744867151310011 ], [ -100.16833489062013, 25.744862972641766 ], [ -100.169539611452436, 25.744876767201003 ], [ -100.170095150059424, 25.744883124510046 ], [ -100.171199387810674, 25.744896080812872 ], [ -100.172848481321026, 25.744916764831423 ], [ -100.172848209894283, 25.744920949095974 ], [ -100.171207417824817, 25.744900367999204 ], [ -100.170103180242066, 25.744887412755379 ], [ -100.169547641886624, 25.744881054779658 ], [ -100.168342919738748, 25.744867259798422 ], [ -100.16833345043203, 25.744867151310011 ] ] ] } },
{ "type": "Feature", "properties": { "CVEGEO_1": "190060001144A", "Score_Final": 72.079070508276558, "Clasificacion": "Bueno", "Comp_NSE": 84.763450851543254, "Comp_Competencia": 50, "Comp_Accesibilidad": 99.559313551182115, "Comp_Flujo": 50, "Indice_NSE_2025": 77.057682592312048, "Nivel_NSE": "C+", "NSE_Indice_Original": 71.349706103992631, "NSE_Nivel_Original": "A/B", "Carnicerias_1km": 27, "Carnicerias_500m": 11, "Carnicerias_2km": 91, "Dist_Competidor_m": 0.0, "Densidad_Competencia_1km": 8.5943669269623477, "Densidad_Competencia_500m": 14.00563499208679, "Densidad_Pobl_2025": 8483.9190109780229, "Densidad_Pobl_2010": 6787.135208782418, "Tasa_Crecimiento_Pobl": 0.25, "Porcentaje_Mujeres": 7.0790257578412481, "Poblacion_Total_2010": 5707, "Poblacion_Total_2025": 7133.75, "Num_Cadenas_2km": 41, "Tiene_Cadena_Cerca": 1, "HHI_Concentracion": 291.0276536650162, "Intensidad_Competitiva": 47.25, "Educacion_Normalizado": 50.74626865671641, "Vivienda_Normalizado": 98.756800383913415, "Activos_Normalizado": 74.288990825688074, "Economico_Normalizado": 64.321888522886681, "CVEGEO_2": "1900600010512", "CVE_ENT": "19", "CVE_MUN": "006", "CVE_LOC": "0001", "CVE_ASEN": "0512", "CP": "66634", "FECHA_ACT": "11/2024", "INSTITUCIO": "SECRETARÍA DE DESARROLLO URBANO, OBRAS PÚBLICAS, ECOLOGÍA Y TRANSPORTE DE APODACA", "NOM_ASEN": "MONTALTO RESIDENCIAL", "TIPO": "FRACCIONAMIENTO", "Shape_Leng": 1470.3438941700001, "Shape_Area": 116118.03677000001 }, "geometry": { "type": "Polygon", "coordinates": [ [ [ -100.179974827717473, 25.744991818541067 ], [ -100.179964835672379, 25.744991785673857 ], [ -100.179966793908193, 25.744987531678738 ], [ -100.179977758505004, 25.744987688484738 ], [ -100.179974827717473, 25.744991818541067 ] ] ] } },
{ "type": "Feature", "properties": { "CVEGEO_1": "1900600011454", "Score_Final": 68.970167531035969, "Clasificacion": "Bueno", "Comp_NSE": 76.055338360456631, "Comp_Competencia": 50, "Comp_Accesibilidad": 99.253995524380755, "Comp_Flujo": 50, "Indice_NSE_2025": 69.141216691324203, "Nivel_NSE": "C+", "NSE_Indice_Original": 64.019645084559443, "NSE_Nivel_Original": "C+", "Carnicerias_1km": 15, "Carnicerias_500m": 6, "Carnicerias_2km": 58, "Dist_Competidor_m": 0.0, "Densidad_Competencia_1km": 4.7746482927568605, "Densidad_Competencia_500m": 7.6394372684109761, "Densidad_Pobl_2025": 3790.1680698696082, "Densidad_Pobl_2010": 3032.1344558956866, "Tasa_Crecimiento_Pobl": 0.25, "Porcentaje_Mujeres": 5.696846388606307, "Poblacion_Total_2010": 983, "Poblacion_Total_2025": 1228.75, "Num_Cadenas_2km": 30, "Tiene_Cadena_Cerca": 1, "HHI_Concentracion": 505.35077288941739, "Intensidad_Competitiva": 28.0, "Educacion_Normalizado": 35.572139303482587, "Vivienda_Normalizado": 97.119502402838222, "Activos_Normalizado": 67.715596330275233, "Economico_Normalizado": 60.696143051181537, "CVEGEO_2": "1900600010022", "CVE_ENT": "19", "CVE_MUN": "006", "CVE_LOC": "0001", "CVE_ASEN": "0022", "CP": "66640", "FECHA_ACT": "11/2024", "INSTITUCIO": "SECRETARÍA DE DESARROLLO URBANO, OBRAS PÚBLICAS, ECOLOGÍA Y TRANSPORTE DE APODACA", "NOM_ASEN": "COLONIAL DE HUINALÁ", "TIPO": "FRACCIONAMIENTO", "Shape_Leng": 761.12400338099997, "Shape_Area": 31920.4199539 }, "geometry": { "type": "Polygon", "coordinates": [ [ [ -100.164234211935252, 25.73988992317075 ], [ -100.164648356571035, 25.739765314223607 ], [ -100.165049841301226, 25.739652030753767 ], [ -100.16545505001271, 25.739528222425538 ], [ -100.165539484670177, 25.739501369711043 ], [ -100.165610817141641, 25.739532573327029 ], [ -100.165591941959491, 25.739922567096311 ], [ -100.165537849182286, 25.740224388852983 ], [ -100.165730606753115, 25.740555384442601 ], [ -100.1659987171425, 25.740968627673649 ], [ -100.164906555978789, 25.741276366665829 ], [ -100.164212082460978, 25.741477050767365 ], [ -100.164205730770377, 25.741451715069637 ], [ -100.164114478594939, 25.741071747921286 ], [ -100.164034270159732, 25.741087459785284 ], [ -100.164030392552078, 25.740987277191692 ], [ -100.163709871807313, 25.741014388006317 ], [ -100.163685061733545, 25.741016654431117 ], [ -100.163650550476333, 25.740199327869412 ], [ -100.16365841129516, 25.74019962910392 ], [ -100.164071198718105, 25.739979937128606 ], [ -100.164102321299183, 25.739963598735258 ], [ -100.164189679706638, 25.739914781107814 ], [ -100.164234211935252, 25.73988992317075 ] ] ] } },
{ "type": "Feature", "properties": { "CVEGEO_1": "1900600011454", "Score_Final": 68.970167531035969, "Clasificacion": "Bueno", "Comp_NSE": 76.055338360456631, "Comp_Competencia": 50, "Comp_Accesibilidad": 99.253995524380755, "Comp_Flujo": 50, "Indice_NSE_2025": 69.141216691324203, "Nivel_NSE": "C+", "NSE_Indice_Original": 64.019645084559443, "NSE_Nivel_Original": "C+", "Carnicerias_1km": 15, "Carnicerias_500m": 6, "Carnicerias_2km": 58, "Dist_Competidor_m": 0.0, "Densidad_Competencia_1km": 4.7746482927568605, "Densidad_Competencia_500m": 7.6394372684109761, "Densidad_Pobl_2025": 3790.1680698696082, "Densidad_Pobl_2010": 3032.1344558956866, "Tasa_Crecimiento_Pobl": 0.25, "Porcentaje_Mujeres": 5.696846388606307, "Poblacion_Total_2010": 983, "Poblacion_Total_2025": 1228.75, "Num_Cadenas_2km": 30, "Tiene_Cadena_Cerca": 1, "HHI_Concentracion": 505.35077288941739, "Intensidad_Competitiva": 28.0, "Educacion_Normalizado": 35.572139303482587, "Vivienda_Normalizado": 97.119502402838222, "Activos_Normalizado": 67.715596330275233, "Economico_Normalizado": 60.696143051181537, "CVEGEO_2": "1900600010071", "CVE_ENT": "19", "CVE_MUN": "006", "CVE_LOC": "0001", "CVE_ASEN": "0071", "CP": "66640", "FECHA_ACT": "11/2024", "INSTITUCIO": "SECRETARÍA DE DESARROLLO URBANO, OBRAS PÚBLICAS, ECOLOGÍA Y TRANSPORTE DE APODACA", "NOM_ASEN": "HUINALÁ", "TIPO": "COLONIA", "Shape_Leng": 7098.8413938399999, "Shape_Area": 975235.65223200002 }, "geometry": { "type": "Polygon", "coordinates": [ [ [ -100.166006746350973, 25.74097291471945 ], [ -100.16686206235093, 25.740716951353754 ], [ -100.166834318805215, 25.741560903723805 ], [ -100.166819885908467, 25.741999972626289 ], [ -100.166819603252421, 25.742012641444255 ], [ -100.166649788128723, 25.742183867031589 ], [ -100.165608924494833, 25.74327875857341 ], [ -100.165432843700728, 25.743464072530966 ], [ -100.164846118988862, 25.744083136470906 ], [ -100.164180745949437, 25.744781017125312 ], [ -100.163847126837155, 25.745100805183846 ], [ -100.163797574885436, 25.745032661267853 ], [ -100.163536200192169, 25.74476051132147 ], [ -100.162085487083289, 25.744616015795845 ], [ -100.161897946800636, 25.744830677591864 ], [ -100.16097921061268, 25.745869931046812 ], [ -100.160015694285221, 25.742929432495107 ], [ -100.159874723379289, 25.742661008661823 ], [ -100.159647035884163, 25.742119352848228 ], [ -100.159602783817519, 25.741965809585459 ], [ -100.159546232939476, 25.741813699594601 ], [ -100.159380704687692, 25.741570583411935 ], [ -100.158777913514356, 25.740968080535186 ], [ -100.159454554389711, 25.740081775349555 ], [ -100.160709302485316, 25.740908394028644 ], [ -100.161194339696721, 25.739750568750889 ], [ -100.161956012183168, 25.739926825512519 ], [ -100.163038324084724, 25.740175866736344 ], [ -100.163650550476333, 25.740199327869412 ], [ -100.163685061733545, 25.741016654431117 ], [ -100.163709871807313, 25.741014388006317 ], [ -100.164030392552078, 25.740987277191692 ], [ -100.164034270159732, 25.741087459785284 ], [ -100.164114478594939, 25.741071747921286 ], [ -100.164205730770377, 25.741451715069637 ], [ -100.164212082460978, 25.741477050767365 ], [ -100.164906555978789, 25.741276366665829 ], [ -100.1659987171425, 25.740968627673649 ], [ -100.166003111684716, 25.740967312558933 ], [ -100.166006746350973, 25.74097291471945 ] ] ] } },
{ "type": "Feature", "properties": { "CVEGEO_1": "1900600011454", "Score_Final": 68.970167531035969, "Clasificacion": "Bueno", "Comp_NSE": 76.055338360456631, "Comp_Competencia": 50, "Comp_Accesibilidad": 99.253995524380755, "Comp_Flujo": 50, "Indice_NSE_2025": 69.141216691324203, "Nivel_NSE": "C+", "NSE_Indice_Original": 64.019645084559443, "NSE_Nivel_Original": "C+", "Carnicerias_1km": 15, "Carnicerias_500m": 6, "Carnicerias_2km": 58, "Dist_Competidor_m": 0.0, "Densidad_Competencia_1km": 4.7746482927568605, "Densidad_Competencia_500m": 7.6394372684109761, "Densidad_Pobl_2025": 3790.1680698696082, "Densidad_Pobl_2010": 3032.1344558956866, "Tasa_Crecimiento_Pobl": 0.25, "Porcentaje_Mujeres": 5.696846388606307, "Poblacion_Total_2010": 983, "Poblacion_Total_2025": 1228.75, "Num_Cadenas_2km": 30, "Tiene_Cadena_Cerca": 1, "HHI_Concentracion": 505.35077288941739, "Intensidad_Competitiva": 28.0, "Educacion_Normalizado": 35.572139303482587, "Vivienda_Normalizado": 97.119502402838222, "Activos_Normalizado": 67.715596330275233, "Economico_Normalizado": 60.696143051181537, "CVEGEO_2": "1900600010325", "CVE_ENT": "19", "CVE_MUN": "006", "CVE_LOC": "0001", "CVE_ASEN": "0325", "CP": "66640", "FECHA_ACT": "11/2024", "INSTITUCIO": "SECRETARÍA DE DESARROLLO URBANO, OBRAS PÚBLICAS, ECOLOGÍA Y TRANSPORTE DE APODACA", "NOM_ASEN": "HACIENDA SAN GERARDO", "TIPO": "FRACCIONAMIENTO", "Shape_Leng": 859.39996881499997, "Shape_Area": 44298.063829699997 }, "geometry": { "type": "Polygon", "coordinates": [ [ [ -100.165618882933458, 25.739536101620178 ], [ -100.165599971820768, 25.739926852766008 ], [ -100.165545878350017, 25.740228676252254 ], [ -100.165738635439851, 25.740559671726231 ], [ -100.166003111684716, 25.740967312558933 ], [ -100.1659987171425, 25.740968627673649 ], [ -100.165730606753115, 25.740555384442601 ], [ -100.165537849182286, 25.740224388852983 ], [ -100.165591941959491, 25.739922567096311 ], [ -100.165610817141641, 25.739532573327029 ], [ -100.165618882933458, 25.739536101620178 ] ] ] } },
{ "type": "Feature", "properties": { "CVEGEO_1": "1900600011454", "Score_Final": 68.970167531035969, "Clasificacion": "Bueno", "Comp_NSE": 76.055338360456631, "Comp_Competencia": 50, "Comp_Accesibilidad": 99.253995524380755, "Comp_Flujo": 50, "Indice_NSE_2025": 69.141216691324203, "Nivel_NSE": "C+", "NSE_Indice_Original": 64.019645084559443, "NSE_Nivel_Original": "C+", "Carnicerias_1km": 15, "Carnicerias_500m": 6, "Carnicerias_2km": 58, "Dist_Competidor_m": 0.0, "Densidad_Competencia_1km": 4.7746482927568605, "Densidad_Competencia_500m": 7.6394372684109761, "Densidad_Pobl_2025": 3790.1680698696082, "Densidad_Pobl_2010": 3032.1344558956866, "Tasa_Crecimiento_Pobl": 0.25, "Porcentaje_Mujeres": 5.696846388606307, "Poblacion_Total_2010": 983, "Poblacion_Total_2025": 1228.75, "Num_Cadenas_2km": 30, "Tiene_Cadena_Cerca": 1, "HHI_Concentracion": 505.35077288941739, "Intensidad_Competitiva": 28.0, "Educacion_Normalizado": 35.572139303482587, "Vivienda_Normalizado": 97.119502402838222, "Activos_Normalizado": 67.715596330275233, "Economico_Normalizado": 60.696143051181537, "CVEGEO_2": "1900600010340", "CVE_ENT": "19", "CVE_MUN": "006", "CVE_LOC": "0001", "CVE_ASEN": "0340", "CP": "66640", "FECHA_ACT": "11/2024", "INSTITUCIO": "SECRETARÍA DE DESARROLLO URBANO, OBRAS PÚBLICAS, ECOLOGÍA Y TRANSPORTE DE APODACA", "NOM_ASEN": "LOS PRADOS RESIDENCIAL PRIMER SECTOR", "TIPO": "FRACCIONAMIENTO", "Shape_Leng": 1333.18986496, "Shape_Area": 87586.404823999997 }, "geometry": { "type": "Polygon", "coordinates": [ [ [ -100.166870313974428, 25.740714481958438 ], [ -100.166842348712748, 25.74156519137463 ], [ -100.166827915193721, 25.742004260464984 ], [ -100.166819603252421, 25.742012641444255 ], [ -100.166819885908467, 25.741999972626289 ], [ -100.166834318805215, 25.741560903723805 ], [ -100.16686206235093, 25.740716951353754 ], [ -100.166870313974428, 25.740714481958438 ] ] ] } },
{ "type": "Feature", "properties": { "CVEGEO_1": "1900600011469", "Score_Final": 71.434530273720668, "Clasificacion": "Bueno", "Comp_NSE": 82.943017267105589, "Comp_Competencia": 50, "Comp_Accesibilidad": 99.522371151168542, "Comp_Flujo": 50, "Indice_NSE_2025": 75.402742970095986, "Nivel_NSE": "C+", "NSE_Indice_Original": 69.817354601940721, "NSE_Nivel_Original": "C+", "Carnicerias_1km": 17, "Carnicerias_500m": 7, "Carnicerias_2km": 49, "Dist_Competidor_m": 14.682398717903602, "Densidad_Competencia_1km": 5.4112680651244416, "Densidad_Competencia_500m": 8.91267681314614, "Densidad_Pobl_2025": 12468.624477489606, "Densidad_Pobl_2010": 9974.8995819916854, "Tasa_Crecimiento_Pobl": 0.25, "Porcentaje_Mujeres": 4.5233463035019454, "Poblacion_Total_2010": 2056, "Poblacion_Total_2025": 2570.0, "Num_Cadenas_2km": 25, "Tiene_Cadena_Cerca": 1, "HHI_Concentracion": 528.94627238650571, "Intensidad_Competitiva": 27.75, "Educacion_Normalizado": 51.990049751243774, "Vivienda_Normalizado": 98.528257817886796, "Activos_Normalizado": 68.426605504587144, "Economico_Normalizado": 62.40811922974553, "CVEGEO_2": "1900600010010", "CVE_ENT": "19", "CVE_MUN": "006", "CVE_LOC": "0001", "CVE_ASEN": "0010", "CP": "66640", "FECHA_ACT": "11/2024", "INSTITUCIO": "SECRETARÍA DE DESARROLLO URBANO, OBRAS PÚBLICAS, ECOLOGÍA Y TRANSPORTE DE APODACA", "NOM_ASEN": "BALCONES DE HUINALÁ SEGUNDO SECTOR", "TIPO": "COLONIA", "Shape_Leng": 1454.20186195, "Shape_Area": 104673.481705 }, "geometry": { "type": "Polygon", "coordinates": [ [ [ -100.164100255684417, 25.737514823354395 ], [ -100.164248677772065, 25.737880658830527 ], [ -100.164361358955176, 25.737834543461215 ], [ -100.164405348705515, 25.738079751468845 ], [ -100.164617108120268, 25.738009262582992 ], [ -100.16480357569796, 25.737945753027965 ], [ -100.164915823879269, 25.738706598709765 ], [ -100.165048925611089, 25.739645570975696 ], [ -100.165041811528639, 25.739647744626676 ], [ -100.164640327567525, 25.739761026655998 ], [ -100.164226182724647, 25.739885636393179 ], [ -100.164181651522583, 25.739910494670699 ], [ -100.164094292232335, 25.739959311223949 ], [ -100.164063170615293, 25.739975650283181 ], [ -100.163650382164107, 25.740195341748365 ], [ -100.163030295905415, 25.740171579978831 ], [ -100.163012617849517, 25.739778194354702 ], [ -100.163008894307481, 25.739504881131104 ], [ -100.163003946274458, 25.739279345933809 ], [ -100.163056330229836, 25.739132874343742 ], [ -100.16312912823804, 25.73892686197016 ], [ -100.163191081193474, 25.738723062005285 ], [ -100.163351374852724, 25.73831431666639 ], [ -100.163383405252972, 25.738258897823677 ], [ -100.163392167170116, 25.738222539344129 ], [ -100.163482011830325, 25.737915717587313 ], [ -100.163522086392419, 25.737738839515433 ], [ -100.164092227393326, 25.737510536469834 ], [ -100.164503759225099, 25.737342262031067 ], [ -100.164506219858069, 25.737348825757152 ], [ -100.164100255684417, 25.737514823354395 ] ] ] } },
{ "type": "Feature", "properties": { "CVEGEO_1": "1900600011469", "Score_Final": 71.434530273720668, "Clasificacion": "Bueno", "Comp_NSE": 82.943017267105589, "Comp_Competencia": 50, "Comp_Accesibilidad": 99.522371151168542, "Comp_Flujo": 50, "Indice_NSE_2025": 75.402742970095986, "Nivel_NSE": "C+", "NSE_Indice_Original": 69.817354601940721, "NSE_Nivel_Original": "C+", "Carnicerias_1km": 17, "Carnicerias_500m": 7, "Carnicerias_2km": 49, "Dist_Competidor_m": 14.682398717903602, "Densidad_Competencia_1km": 5.4112680651244416, "Densidad_Competencia_500m": 8.91267681314614, "Densidad_Pobl_2025": 12468.624477489606, "Densidad_Pobl_2010": 9974.8995819916854, "Tasa_Crecimiento_Pobl": 0.25, "Porcentaje_Mujeres": 4.5233463035019454, "Poblacion_Total_2010": 2056, "Poblacion_Total_2025": 2570.0, "Num_Cadenas_2km": 25, "Tiene_Cadena_Cerca": 1, "HHI_Concentracion": 528.94627238650571, "Intensidad_Competitiva": 27.75, "Educacion_Normalizado": 51.990049751243774, "Vivienda_Normalizado": 98.528257817886796, "Activos_Normalizado": 68.426605504587144, "Economico_Normalizado": 62.40811922974553, "CVEGEO_2": "1900600010022", "CVE_ENT": "19", "CVE_MUN": "006", "CVE_LOC": "0001", "CVE_ASEN": "0022", "CP": "66640", "FECHA_ACT": "11/2024", "INSTITUCIO": "SECRETARÍA DE DESARROLLO URBANO, OBRAS PÚBLICAS, ECOLOGÍA Y TRANSPORTE DE APODACA", "NOM_ASEN": "COLONIAL DE HUINALÁ", "TIPO": "FRACCIONAMIENTO", "Shape_Leng": 761.12400338099997, "Shape_Area": 31920.4199539 }, "geometry": { "type": "Polygon", "coordinates": [ [ [ -100.164102321299183, 25.739963598735258 ], [ -100.164071198718105, 25.739979937128606 ], [ -100.16365841129516, 25.74019962910392 ], [ -100.163650550476333, 25.740199327869412 ], [ -100.163650382164107, 25.740195341748365 ], [ -100.164063170615293, 25.739975650283181 ], [ -100.164094292232335, 25.739959311223949 ], [ -100.164181651522583, 25.739910494670699 ], [ -100.164226182724647, 25.739885636393179 ], [ -100.164640327567525, 25.739761026655998 ], [ -100.165041811528639, 25.739647744626676 ], [ -100.165048925611089, 25.739645570975696 ], [ -100.165049841301226, 25.739652030753767 ], [ -100.164648356571035, 25.739765314223607 ], [ -100.164234211935252, 25.73988992317075 ], [ -100.164189679706638, 25.739914781107814 ], [ -100.164102321299183, 25.739963598735258 ] ] ] } },
{ "type": "Feature", "properties": { "CVEGEO_1": "1900600011469", "Score_Final": 71.434530273720668, "Clasificacion": "Bueno", "Comp_NSE": 82.943017267105589, "Comp_Competencia": 50, "Comp_Accesibilidad": 99.522371151168542, "Comp_Flujo": 50, "Indice_NSE_2025": 75.402742970095986, "Nivel_NSE": "C+", "NSE_Indice_Original": 69.817354601940721, "NSE_Nivel_Original": "C+", "Carnicerias_1km": 17, "Carnicerias_500m": 7, "Carnicerias_2km": 49, "Dist_Competidor_m": 14.682398717903602, "Densidad_Competencia_1km": 5.4112680651244416, "Densidad_Competencia_500m": 8.91267681314614, "Densidad_Pobl_2025": 12468.624477489606, "Densidad_Pobl_2010": 9974.8995819916854, "Tasa_Crecimiento_Pobl": 0.25, "Porcentaje_Mujeres": 4.5233463035019454, "Poblacion_Total_2010": 2056, "Poblacion_Total_2025": 2570.0, "Num_Cadenas_2km": 25, "Tiene_Cadena_Cerca": 1, "HHI_Concentracion": 528.94627238650571, "Intensidad_Competitiva": 27.75, "Educacion_Normalizado": 51.990049751243774, "Vivienda_Normalizado": 98.528257817886796, "Activos_Normalizado": 68.426605504587144, "Economico_Normalizado": 62.40811922974553, "CVEGEO_2": "1900600010071", "CVE_ENT": "19", "CVE_MUN": "006", "CVE_LOC": "0001", "CVE_ASEN": "0071", "CP": "66640", "FECHA_ACT": "11/2024", "INSTITUCIO": "SECRETARÍA DE DESARROLLO URBANO, OBRAS PÚBLICAS, ECOLOGÍA Y TRANSPORTE DE APODACA", "NOM_ASEN": "HUINALÁ", "TIPO": "COLONIA", "Shape_Leng": 7098.8413938399999, "Shape_Area": 975235.65223200002 }, "geometry": { "type": "Polygon", "coordinates": [ [ [ -100.163038324084724, 25.740175866736344 ], [ -100.161956012183168, 25.739926825512519 ], [ -100.161194339696721, 25.739750568750889 ], [ -100.160709302485316, 25.740908394028644 ], [ -100.159454554389711, 25.740081775349555 ], [ -100.159926204087, 25.739225222126844 ], [ -100.16054375141421, 25.738089065643251 ], [ -100.160543803853059, 25.738088969036156 ], [ -100.160603506415171, 25.738119928098488 ], [ -100.160912082082135, 25.73827993591955 ], [ -100.160909330454388, 25.738478519879671 ], [ -100.161307176660429, 25.738652031492112 ], [ -100.16138305985703, 25.738685126110592 ], [ -100.163056330229836, 25.739132874343742 ], [ -100.163003946274458, 25.739279345933809 ], [ -100.163008894307481, 25.739504881131104 ], [ -100.163012617849517, 25.739778194354702 ], [ -100.163030295905415, 25.740171579978831 ], [ -100.163650382164107, 25.740195341748365 ], [ -100.163650550476333, 25.740199327869412 ], [ -100.163038324084724, 25.740175866736344 ] ] ] } },
{ "type": "Feature", "properties": { "CVEGEO_1": "1900600011505", "Score_Final": 71.969472683168803, "Clasificacion": "Bueno", "Comp_NSE": 84.648451376646634, "Comp_Competencia": 50, "Comp_Accesibilidad": 99.212573506712374, "Comp_Flujo": 50, "Indice_NSE_2025": 76.953137615133301, "Nivel_NSE": "C+", "NSE_Indice_Original": 71.2529051991975, "NSE_Nivel_Original": "A/B", "Carnicerias_1km": 26, "Carnicerias_500m": 9, "Carnicerias_2km": 75, "Dist_Competidor_m": 181.19144494716863, "Densidad_Competencia_1km": 8.2760570407785572, "Densidad_Competencia_500m": 11.459155902616464, "Densidad_Pobl_2025": 10491.639485060434, "Densidad_Pobl_2010": 8393.3115880483474, "Tasa_Crecimiento_Pobl": 0.25, "Porcentaje_Mujeres": 4.0213178294573648, "Poblacion_Total_2010": 2064, "Poblacion_Total_2025": 2580.0, "Num_Cadenas_2km": 33, "Tiene_Cadena_Cerca": 1, "HHI_Concentracion": 311.11111111111109, "Intensidad_Competitiva": 40.75, "Educacion_Normalizado": 56.218905472636813, "Vivienda_Normalizado": 95.176502571674931, "Activos_Normalizado": 69.88073394495413, "Economico_Normalizado": 65.614622141245917, "CVEGEO_2": "1900600010309", "CVE_ENT": "19", "CVE_MUN": "006", "CVE_LOC": "0001", "CVE_ASEN": "0309", "CP": "66634", "FECHA_ACT": "11/2024", "INSTITUCIO": "SECRETARÍA DE DESARROLLO URBANO, OBRAS PÚBLICAS, ECOLOGÍA Y TRANSPORTE DE APODACA", "NOM_ASEN": "ENCINOS RESIDENCIAL PRIMER SECTOR", "TIPO": "FRACCIONAMIENTO", "Shape_Leng": 3544.9831589599999, "Shape_Area": 441291.76764699997 }, "geometry": { "type": "Polygon", "coordinates": [ [ [ -100.180258844450634, 25.735486015190709 ], [ -100.18003021658221, 25.735449544220018 ], [ -100.17980029930159, 25.735466694553345 ], [ -100.179666038007866, 25.735507570226353 ], [ -100.179444557974278, 25.735610891729792 ], [ -100.179287237863761, 25.735718334649441 ], [ -100.178888073335131, 25.735931531935375 ], [ -100.178477219921888, 25.73611747081862 ], [ -100.177997595851863, 25.736286658366172 ], [ -100.177744562462024, 25.736341304343135 ], [ -100.177628930775157, 25.736353666817735 ], [ -100.176328511714175, 25.736362984942769 ], [ -100.175916354678606, 25.736316358083553 ], [ -100.175593268992131, 25.736294068942289 ], [ -100.17531419440698, 25.736274815467912 ], [ -100.175315096446099, 25.736271146200394 ], [ -100.175585238266109, 25.736289783493614 ], [ -100.175585224586328, 25.736239565627447 ], [ -100.175596183397317, 25.736129246671769 ], [ -100.175594413429508, 25.736126494211621 ], [ -100.175600173325932, 25.736127246952591 ], [ -100.175630283134467, 25.73597257380904 ], [ -100.175659572169593, 25.735851499475537 ], [ -100.175694108845406, 25.735736540583098 ], [ -100.175739269697658, 25.735611917468194 ], [ -100.175774769369369, 25.735527245148997 ], [ -100.175828776751388, 25.735413823669333 ], [ -100.17589204871004, 25.735297964961219 ], [ -100.175946074889538, 25.735215665207051 ], [ -100.176014177407993, 25.735131514696192 ], [ -100.176032415576572, 25.73510968759577 ], [ -100.176051922875473, 25.73508634161864 ], [ -100.176143892457176, 25.734983054151414 ], [ -100.176234933102094, 25.734887301071026 ], [ -100.176348603833972, 25.734777626754617 ], [ -100.176429918445038, 25.734704622467369 ], [ -100.17654762311561, 25.734606043850796 ], [ -100.176697887863739, 25.734478006752404 ], [ -100.176809389968909, 25.734374642720329 ], [ -100.176919438896775, 25.734265950794168 ], [ -100.177022050871258, 25.734157333389291 ], [ -100.177043717958512, 25.73413338514947 ], [ -100.177068354890949, 25.734106154378203 ], [ -100.177147635052179, 25.734016151821262 ], [ -100.177150301702326, 25.734011986818604 ], [ -100.177668742215786, 25.733490837600506 ], [ -100.177726610507122, 25.733433852634732 ], [ -100.177737530985496, 25.733435293706037 ], [ -100.17787073614727, 25.733452620009526 ], [ -100.177871223333597, 25.733449443146391 ], [ -100.178275872341757, 25.73350203808344 ], [ -100.178194191972167, 25.733999154801122 ], [ -100.178146283737519, 25.734293972942691 ], [ -100.179904487990527, 25.734437997323884 ], [ -100.179971920984585, 25.734443111616059 ], [ -100.179820748556182, 25.734175297511978 ], [ -100.179542609605164, 25.7336679465398 ], [ -100.179563246316121, 25.733607361190717 ], [ -100.179678519036386, 25.732842198621686 ], [ -100.179717351764197, 25.732648917390083 ], [ -100.179781524570075, 25.732575903867161 ], [ -100.179842052098039, 25.732534345443302 ], [ -100.180160033807738, 25.732314159895996 ], [ -100.180200489989289, 25.73228613188094 ], [ -100.180238508780263, 25.732259819126593 ], [ -100.180777652998842, 25.73188648831804 ], [ -100.180801389506513, 25.732011925655119 ], [ -100.180813014716975, 25.732073480544241 ], [ -100.180886258693164, 25.732460426075697 ], [ -100.18096082782013, 25.732854602887489 ], [ -100.181030393240306, 25.733222119293064 ], [ -100.181099536261044, 25.733587504659305 ], [ -100.18117097152539, 25.733965001278833 ], [ -100.181243035644528, 25.734345819200673 ], [ -100.181400079292118, 25.735175692451286 ], [ -100.181413268564967, 25.735261616602475 ], [ -100.181182757130344, 25.735393979703261 ], [ -100.181084594652134, 25.735434179257254 ], [ -100.180923607705793, 25.735479514493228 ], [ -100.18076158360158, 25.735502940525905 ], [ -100.180595114705909, 25.735508097043819 ], [ -100.180593750970118, 25.735511662869804 ], [ -100.180258844450634, 25.735486015190709 ] ] ] } },
{ "type": "Feature", "properties": { "CVEGEO_1": "190060001151A", "Score_Final": 72.604391798628924, "Clasificacion": "Bueno", "Comp_NSE": 86.362065927437897, "Comp_Competencia": 50, "Comp_Accesibilidad": 99.388343620128353, "Comp_Flujo": 50, "Indice_NSE_2025": 78.510969024943535, "Nivel_NSE": "C+", "NSE_Indice_Original": 72.695341689762529, "NSE_Nivel_Original": "A/B", "Carnicerias_1km": 25, "Carnicerias_500m": 12, "Carnicerias_2km": 74, "Dist_Competidor_m": 0.0, "Densidad_Competencia_1km": 7.9577471545947667, "Densidad_Competencia_500m": 15.278874536821952, "Densidad_Pobl_2025": 19747.1458822774, "Densidad_Pobl_2010": 15797.71670582192, "Tasa_Crecimiento_Pobl": 0.25, "Porcentaje_Mujeres": 4.673889951136605, "Poblacion_Total_2010": 4707, "Poblacion_Total_2025": 5883.75, "Num_Cadenas_2km": 36, "Tiene_Cadena_Cerca": 1, "HHI_Concentracion": 336.01168736303879, "Intensidad_Competitiva": 43.0, "Educacion_Normalizado": 58.208955223880587, "Vivienda_Normalizado": 98.642767845918897, "Activos_Normalizado": 70.89908256880733, "Economico_Normalizado": 64.235962594584024, "CVEGEO_2": "1900600010309", "CVE_ENT": "19", "CVE_MUN": "006", "CVE_LOC": "0001", "CVE_ASEN": "0309", "CP": "66634", "FECHA_ACT": "11/2024", "INSTITUCIO": "SECRETARÍA DE DESARROLLO URBANO, OBRAS PÚBLICAS, ECOLOGÍA Y TRANSPORTE DE APODACA", "NOM_ASEN": "ENCINOS RESIDENCIAL PRIMER SECTOR", "TIPO": "FRACCIONAMIENTO", "Shape_Leng": 3544.9831589599999, "Shape_Area": 441291.76764699997 }, "geometry": { "type": "MultiPolygon", "coordinates": [ [ [ [ -100.174494631363046, 25.736253000258372 ], [ -100.174266844870345, 25.736283423341675 ], [ -100.174266685469718, 25.736278085486973 ], [ -100.174486600024665, 25.736248715094884 ], [ -100.175306162956133, 25.736270529872009 ], [ -100.175315096446099, 25.736271146200394 ], [ -100.17531419440698, 25.736274815467912 ], [ -100.174494631363046, 25.736253000258372 ] ] ], [ [ [ -100.17787073614727, 25.733452620009526 ], [ -100.177737530985496, 25.733435293706037 ], [ -100.177726610507122, 25.733433852634732 ], [ -100.177729499138593, 25.733431008096524 ], [ -100.177862704179915, 25.73344833585503 ], [ -100.177871223333597, 25.733449443146391 ], [ -100.17787073614727, 25.733452620009526 ] ] ], [ [ [ -100.177147635052179, 25.734016151821262 ], [ -100.177068354890949, 25.734106154378203 ], [ -100.177043717958512, 25.73413338514947 ], [ -100.177022050871258, 25.734157333389291 ], [ -100.176919438896775, 25.734265950794168 ], [ -100.176809389968909, 25.734374642720329 ], [ -100.176697887863739, 25.734478006752404 ], [ -100.17654762311561, 25.734606043850796 ], [ -100.176429918445038, 25.734704622467369 ], [ -100.176348603833972, 25.734777626754617 ], [ -100.176234933102094, 25.734887301071026 ], [ -100.176143892457176, 25.734983054151414 ], [ -100.176051922875473, 25.73508634161864 ], [ -100.176032415576572, 25.73510968759577 ], [ -100.176014177407993, 25.735131514696192 ], [ -100.175946074889538, 25.735215665207051 ], [ -100.17589204871004, 25.735297964961219 ], [ -100.175828776751388, 25.735413823669333 ], [ -100.175774769369369, 25.735527245148997 ], [ -100.175739269697658, 25.735611917468194 ], [ -100.175694108845406, 25.735736540583098 ], [ -100.175659572169593, 25.735851499475537 ], [ -100.175630283134467, 25.73597257380904 ], [ -100.175600173325932, 25.736127246952591 ], [ -100.175594413429508, 25.736126494211621 ], [ -100.17559214182738, 25.736122961664712 ], [ -100.175622251817316, 25.735968287265006 ], [ -100.175651541318842, 25.735847213690828 ], [ -100.175686078431383, 25.735732253971666 ], [ -100.17573123798968, 25.735607631753812 ], [ -100.175766737569603, 25.735522959213412 ], [ -100.175820744357083, 25.735409538919203 ], [ -100.175884018302398, 25.735293680277234 ], [ -100.175938044527072, 25.735211379806739 ], [ -100.176006146435654, 25.735127229703146 ], [ -100.176024384171825, 25.735105402975467 ], [ -100.176043891002465, 25.735082056196386 ], [ -100.176135860680432, 25.734978769049633 ], [ -100.17622690127611, 25.734883015687238 ], [ -100.176340572714594, 25.734773340842025 ], [ -100.176421886416023, 25.734700337533614 ], [ -100.176539591649245, 25.734601758242764 ], [ -100.176689855283044, 25.734473722071836 ], [ -100.176801358496135, 25.734370356491379 ], [ -100.176911408121896, 25.734261666238361 ], [ -100.17701401813504, 25.734153048067103 ], [ -100.177035686093006, 25.734129100193169 ], [ -100.177060322216747, 25.734101868628127 ], [ -100.17713960246941, 25.734011865817028 ], [ -100.177147337845213, 25.734014966161038 ], [ -100.177150301702326, 25.734011986818604 ], [ -100.177147635052179, 25.734016151821262 ] ] ] ] } },
{ "type": "Feature", "properties": { "CVEGEO_1": "1900600011596", "Score_Final": 44.737687435650471, "Clasificacion": "Aceptable", "Comp_NSE": 6.9858314348804971, "Comp_Competencia": 50, "Comp_Accesibilidad": 98.963232167211473, "Comp_Flujo": 50, "Indice_NSE_2025": 6.9858314348804971, "Nivel_NSE": "D/E", "NSE_Indice_Original": 6.4683624397041637, "NSE_Nivel_Original": "D/E", "Carnicerias_1km": 6, "Carnicerias_500m": 0, "Carnicerias_2km": 50, "Dist_Competidor_m": 722.68006299019578, "Densidad_Competencia_1km": 1.909859317102744, "Densidad_Competencia_500m": 0.0, "Densidad_Pobl_2025": 0.0, "Densidad_Pobl_2010": 0.0, "Tasa_Crecimiento_Pobl": null, "Porcentaje_Mujeres": null, "Poblacion_Total_2010": 0, "Poblacion_Total_2025": 0.0, "Num_Cadenas_2km": 16, "Tiene_Cadena_Cerca": 1, "HHI_Concentracion": 280.0, "Intensidad_Competitiva": 15.5, "Educacion_Normalizado": 1.2437810945273626, "Vivienda_Normalizado": 7.8022183986262066, "Activos_Normalizado": 0.91743119266055051, "Economico_Normalizado": 19.576578567621326, "CVEGEO_2": "1900600010093", "CVE_ENT": "19", "CVE_MUN": "006", "CVE_LOC": "0001", "CVE_ASEN": "0093", "CP": "66603", "FECHA_ACT": "11/2024", "INSTITUCIO": "SECRETARÍA DE DESARROLLO URBANO, OBRAS PÚBLICAS, ECOLOGÍA Y TRANSPORTE DE APODACA", "NOM_ASEN": "PARQUE INDUSTRIAL KRONOS", "TIPO": "ZONA INDUSTRIAL", "Shape_Leng": 6436.8204981199997, "Shape_Area": 1142901.50312 }, "geometry": { "type": "Polygon", "coordinates": [ [ [ -100.161684157798959, 25.768682260978249 ], [ -100.161431457026438, 25.768788517570627 ], [ -100.161079232641924, 25.768804907581035 ], [ -100.161023034440234, 25.768816968186677 ], [ -100.160940856905469, 25.768863577407995 ], [ -100.160669356762028, 25.769106748883829 ], [ -100.160692278073356, 25.769131977520072 ], [ -100.162989318821289, 25.771658114753254 ], [ -100.163026003667113, 25.771698457182602 ], [ -100.163058983598432, 25.771734725270022 ], [ -100.16364997280003, 25.772384631887562 ], [ -100.163647514138148, 25.772386464849689 ], [ -100.165790003327402, 25.77474246236066 ], [ -100.166769562526824, 25.77581959604446 ], [ -100.166789110154866, 25.775841096528133 ], [ -100.166867430374637, 25.775927210587561 ], [ -100.169044347264787, 25.77832086942573 ], [ -100.171552481076915, 25.781078556514736 ], [ -100.171601503752569, 25.78116589323335 ], [ -100.168749029335444, 25.782054580757492 ], [ -100.167218211475046, 25.782516976656357 ], [ -100.165022725367109, 25.783176094385084 ], [ -100.164413382148496, 25.782258398461799 ], [ -100.163242304539182, 25.780504848560025 ], [ -100.162542617888462, 25.779550176649813 ], [ -100.161597587896253, 25.778286662995686 ], [ -100.161029174931215, 25.777511623073728 ], [ -100.160621159410994, 25.77696363527879 ], [ -100.159178936820751, 25.775024857996588 ], [ -100.157652036586668, 25.772973919613662 ], [ -100.156081994262465, 25.77089167386832 ], [ -100.154647354688564, 25.76897928956031 ], [ -100.154596275596077, 25.768896207941214 ], [ -100.154531941834009, 25.768772147727255 ], [ -100.155052144138054, 25.768736260804612 ], [ -100.156132840618199, 25.768656825145072 ], [ -100.157669209571281, 25.768539925741457 ], [ -100.16433389462172, 25.768056887986063 ], [ -100.165939948339769, 25.767931031893529 ], [ -100.165990736503545, 25.76805363915549 ], [ -100.166033561102878, 25.768161739032244 ], [ -100.166108173401, 25.768321977549302 ], [ -100.166102321259373, 25.768322363376345 ], [ -100.165828125988426, 25.768342009946235 ], [ -100.165721082680278, 25.768356276188801 ], [ -100.165619302526196, 25.768405116124864 ], [ -100.165487895279668, 25.768414936938349 ], [ -100.162311753090336, 25.768634114573754 ], [ -100.162315395807937, 25.76863870915955 ], [ -100.161684157798959, 25.768682260978249 ] ] ] } },
{ "type": "Feature", "properties": { "CVEGEO_1": "1900600011596", "Score_Final": 44.737687435650471, "Clasificacion": "Aceptable", "Comp_NSE": 6.9858314348804971, "Comp_Competencia": 50, "Comp_Accesibilidad": 98.963232167211473, "Comp_Flujo": 50, "Indice_NSE_2025": 6.9858314348804971, "Nivel_NSE": "D/E", "NSE_Indice_Original": 6.4683624397041637, "NSE_Nivel_Original": "D/E", "Carnicerias_1km": 6, "Carnicerias_500m": 0, "Carnicerias_2km": 50, "Dist_Competidor_m": 722.68006299019578, "Densidad_Competencia_1km": 1.909859317102744, "Densidad_Competencia_500m": 0.0, "Densidad_Pobl_2025": 0.0, "Densidad_Pobl_2010": 0.0, "Tasa_Crecimiento_Pobl": null, "Porcentaje_Mujeres": null, "Poblacion_Total_2010": 0, "Poblacion_Total_2025": 0.0, "Num_Cadenas_2km": 16, "Tiene_Cadena_Cerca": 1, "HHI_Concentracion": 280.0, "Intensidad_Competitiva": 15.5, "Educacion_Normalizado": 1.2437810945273626, "Vivienda_Normalizado": 7.8022183986262066, "Activos_Normalizado": 0.91743119266055051, "Economico_Normalizado": 19.576578567621326, "CVEGEO_2": "1900600010142", "CVE_ENT": "19", "CVE_MUN": "006", "CVE_LOC": "0001", "CVE_ASEN": "0142", "CP": "66603", "FECHA_ACT": "11/2024", "INSTITUCIO": "SECRETARÍA DE DESARROLLO URBANO, OBRAS PÚBLICAS, ECOLOGÍA Y TRANSPORTE DE APODACA", "NOM_ASEN": "PARQUE INDUSTRIAL MONTERREY", "TIPO": "ZONA INDUSTRIAL", "Shape_Leng": 4585.7059447800002, "Shape_Area": 943880.602312 }, "geometry": { "type": "MultiPolygon", "coordinates": [ [ [ [ -100.165836155438683, 25.768346302138863 ], [ -100.165729112458195, 25.76836056801686 ], [ -100.165627331745682, 25.768409407784379 ], [ -100.165495925840347, 25.768419228776612 ], [ -100.162319781727845, 25.768638406556118 ], [ -100.162315395807937, 25.76863870915955 ], [ -100.162311753090336, 25.768634114573754 ], [ -100.165487895279668, 25.768414936938349 ], [ -100.165619302526196, 25.768405116124864 ], [ -100.165721082680278, 25.768356276188801 ], [ -100.165828125988426, 25.768342009946235 ], [ -100.166102321259373, 25.768322363376345 ], [ -100.166108173401, 25.768321977549302 ], [ -100.166110351383367, 25.768326655017688 ], [ -100.165836155438683, 25.768346302138863 ] ] ], [ [ [ -100.163655543633013, 25.772390758092939 ], [ -100.165798033346434, 25.774746756324816 ], [ -100.166777593221298, 25.775823890676524 ], [ -100.166825144067531, 25.775876177401393 ], [ -100.166875460735, 25.775931505343319 ], [ -100.169052377325869, 25.778325163056341 ], [ -100.171560513140733, 25.781082852164872 ], [ -100.171606293968424, 25.781164414002447 ], [ -100.171601503752569, 25.78116589323335 ], [ -100.171552481076915, 25.781078556514736 ], [ -100.169044347264787, 25.77832086942573 ], [ -100.166867430374637, 25.775927210587561 ], [ -100.166789110154866, 25.775841096528133 ], [ -100.166769562526824, 25.77581959604446 ], [ -100.165790003327402, 25.77474246236066 ], [ -100.163647514138148, 25.772386464849689 ], [ -100.16364997280003, 25.772384631887562 ], [ -100.163655543633013, 25.772390758092939 ] ] ] ] } },
{ "type": "Feature", "properties": { "CVEGEO_1": "1900600011596", "Score_Final": 44.737687435650471, "Clasificacion": "Aceptable", "Comp_NSE": 6.9858314348804971, "Comp_Competencia": 50, "Comp_Accesibilidad": 98.963232167211473, "Comp_Flujo": 50, "Indice_NSE_2025": 6.9858314348804971, "Nivel_NSE": "D/E", "NSE_Indice_Original": 6.4683624397041637, "NSE_Nivel_Original": "D/E", "Carnicerias_1km": 6, "Carnicerias_500m": 0, "Carnicerias_2km": 50, "Dist_Competidor_m": 722.68006299019578, "Densidad_Competencia_1km": 1.909859317102744, "Densidad_Competencia_500m": 0.0, "Densidad_Pobl_2025": 0.0, "Densidad_Pobl_2010": 0.0, "Tasa_Crecimiento_Pobl": null, "Porcentaje_Mujeres": null, "Poblacion_Total_2010": 0, "Poblacion_Total_2025": 0.0, "Num_Cadenas_2km": 16, "Tiene_Cadena_Cerca": 1, "HHI_Concentracion": 280.0, "Intensidad_Competitiva": 15.5, "Educacion_Normalizado": 1.2437810945273626, "Vivienda_Normalizado": 7.8022183986262066, "Activos_Normalizado": 0.91743119266055051, "Economico_Normalizado": 19.576578567621326, "CVEGEO_2": "1900600010476", "CVE_ENT": "19", "CVE_MUN": "006", "CVE_LOC": "0001", "CVE_ASEN": "0476", "CP": "66603", "FECHA_ACT": "11/2024", "INSTITUCIO": "SECRETARÍA DE DESARROLLO URBANO, OBRAS PÚBLICAS, ECOLOGÍA Y TRANSPORTE DE APODACA", "NOM_ASEN": "PARQUE INDUSTRIAL AGUA FRÍA", "TIPO": "ZONA INDUSTRIAL", "Shape_Leng": 11371.738709699999, "Shape_Area": 3496621.3430400002 }, "geometry": { "type": "Polygon", "coordinates": [ [ [ -100.171609534952694, 25.781170188049046 ], [ -100.168757060616244, 25.782058875780205 ], [ -100.167226242792594, 25.782521272654144 ], [ -100.165026438254358, 25.783181686145841 ], [ -100.165022725367109, 25.783176094385084 ], [ -100.167218211475046, 25.782516976656357 ], [ -100.168749029335444, 25.782054580757492 ], [ -100.171601503752569, 25.78116589323335 ], [ -100.171606293968424, 25.781164414002447 ], [ -100.171609534952694, 25.781170188049046 ] ] ] } },
{ "type": "Feature", "properties": { "CVEGEO_1": "1900600011609", "Score_Final": 70.943676551818882, "Clasificacion": "Bueno", "Comp_NSE": 81.878408605435126, "Comp_Competencia": 50, "Comp_Accesibilidad": 98.931167699582986, "Comp_Flujo": 50, "Indice_NSE_2025": 81.878408605435126, "Nivel_NSE": "A/B", "NSE_Indice_Original": 75.813341301328819, "NSE_Nivel_Original": "A/B", "Carnicerias_1km": 18, "Carnicerias_500m": 4, "Carnicerias_2km": 34, "Dist_Competidor_m": 117.6958511143508, "Densidad_Competencia_1km": 5.7295779513082321, "Densidad_Competencia_500m": 5.0929581789406511, "Densidad_Pobl_2025": 24516.372791230235, "Densidad_Pobl_2010": 19613.098232984186, "Tasa_Crecimiento_Pobl": 0.25, "Porcentaje_Mujeres": 7.396180660806305, "Poblacion_Total_2010": 3299, "Poblacion_Total_2025": 4123.75, "Num_Cadenas_2km": 13, "Tiene_Cadena_Cerca": 1, "HHI_Concentracion": 449.82698961937712, "Intensidad_Competitiva": 21.5, "Educacion_Normalizado": 74.004975124378106, "Vivienda_Normalizado": 99.359272176743801, "Activos_Normalizado": 63.5, "Economico_Normalizado": 64.485153599147182, "CVEGEO_2": "1900600010125", "CVE_ENT": "19", "CVE_MUN": "006", "CVE_LOC": "0001", "CVE_ASEN": "0125", "CP": "66646", "FECHA_ACT": "11/2024", "INSTITUCIO": "SECRETARÍA DE DESARROLLO URBANO, OBRAS PÚBLICAS, ECOLOGÍA Y TRANSPORTE DE APODACA", "NOM_ASEN": "MILENIUM RESIDENCIAL", "TIPO": "COLONIA", "Shape_Leng": 2200.04898164, "Shape_Area": 184721.98815300001 }, "geometry": { "type": "Polygon", "coordinates": [ [ [ -100.151597108058098, 25.76358959582506 ], [ -100.151253661701219, 25.763620279495804 ], [ -100.150726821458122, 25.763740586609519 ], [ -100.149444323405859, 25.762019730328991 ], [ -100.149804026649534, 25.761678800704924 ], [ -100.150092346087717, 25.761229837334994 ], [ -100.150216984167542, 25.761058048214675 ], [ -100.150383959056299, 25.76091028864823 ], [ -100.150484090430666, 25.760838015947254 ], [ -100.150749686711293, 25.760676422578094 ], [ -100.150885337445374, 25.760641860047713 ], [ -100.151136255390867, 25.760607928984307 ], [ -100.151291854664947, 25.760580403166351 ], [ -100.151510511087508, 25.760508658242394 ], [ -100.151518239362815, 25.760562053606108 ], [ -100.15166441611548, 25.761981486755893 ], [ -100.151666763449882, 25.762014031789604 ], [ -100.151670266650029, 25.762062622381599 ], [ -100.151819752229628, 25.763514140004446 ], [ -100.151824910865372, 25.763564233695153 ], [ -100.1518254221359, 25.76356919766862 ], [ -100.151597108058098, 25.76358959582506 ] ] ] } },
{ "type": "Feature", "properties": { "CVEGEO_1": "1900600011609", "Score_Final": 70.943676551818882, "Clasificacion": "Bueno", "Comp_NSE": 81.878408605435126, "Comp_Competencia": 50, "Comp_Accesibilidad": 98.931167699582986, "Comp_Flujo": 50, "Indice_NSE_2025": 81.878408605435126, "Nivel_NSE": "A/B", "NSE_Indice_Original": 75.813341301328819, "NSE_Nivel_Original": "A/B", "Carnicerias_1km": 18, "Carnicerias_500m": 4, "Carnicerias_2km": 34, "Dist_Competidor_m": 117.6958511143508, "Densidad_Competencia_1km": 5.7295779513082321, "Densidad_Competencia_500m": 5.0929581789406511, "Densidad_Pobl_2025": 24516.372791230235, "Densidad_Pobl_2010": 19613.098232984186, "Tasa_Crecimiento_Pobl": 0.25, "Porcentaje_Mujeres": 7.396180660806305, "Poblacion_Total_2010": 3299, "Poblacion_Total_2025": 4123.75, "Num_Cadenas_2km": 13, "Tiene_Cadena_Cerca": 1, "HHI_Concentracion": 449.82698961937712, "Intensidad_Competitiva": 21.5, "Educacion_Normalizado": 74.004975124378106, "Vivienda_Normalizado": 99.359272176743801, "Activos_Normalizado": 63.5, "Economico_Normalizado": 64.485153599147182, "CVEGEO_2": "1900600010195", "CVE_ENT": "19", "CVE_MUN": "006", "CVE_LOC": "0001", "CVE_ASEN": "0195", "CP": "66646", "FECHA_ACT": "11/2024", "INSTITUCIO": "SECRETARÍA DE DESARROLLO URBANO, OBRAS PÚBLICAS, ECOLOGÍA Y TRANSPORTE DE APODACA", "NOM_ASEN": "SAN ISIDRO II", "TIPO": "COLONIA", "Shape_Leng": 1715.90194802, "Shape_Area": 162218.02342700001 }, "geometry": { "type": "Polygon", "coordinates": [ [ [ -100.152041329547387, 25.763549907631937 ], [ -100.151832936928756, 25.763568526278043 ], [ -100.1518254221359, 25.76356919766862 ], [ -100.151824910865372, 25.763564233695153 ], [ -100.151819752229628, 25.763514140004446 ], [ -100.151670266650029, 25.762062622381599 ], [ -100.151666763449882, 25.762014031789604 ], [ -100.15166441611548, 25.761981486755893 ], [ -100.151518239362815, 25.760562053606108 ], [ -100.151510511087508, 25.760508658242394 ], [ -100.151517581243368, 25.760506338402944 ], [ -100.151803365363534, 25.760384608458434 ], [ -100.151995379818985, 25.760350190709172 ], [ -100.152090235194379, 25.760355739850649 ], [ -100.152330753763863, 25.760368748653956 ], [ -100.152401388160968, 25.760381946386289 ], [ -100.1527973949174, 25.760460727593653 ], [ -100.153268939699814, 25.760551592846205 ], [ -100.153753204216258, 25.760639075274796 ], [ -100.154182226904879, 25.760641153683238 ], [ -100.154490158743911, 25.760626429948132 ], [ -100.154669151297014, 25.760583063462271 ], [ -100.154780950567059, 25.760520709632974 ], [ -100.155034705256497, 25.760302134378001 ], [ -100.155091853635028, 25.760731464905458 ], [ -100.155154297544016, 25.761312830776959 ], [ -100.155170148495472, 25.761495822113211 ], [ -100.15519671776778, 25.761714784444919 ], [ -100.155243111926993, 25.762093953376983 ], [ -100.155281697071388, 25.762472871490097 ], [ -100.155318425794476, 25.762823982659867 ], [ -100.155367405561691, 25.763263493304848 ], [ -100.153322330693641, 25.763437181990479 ], [ -100.152041329547387, 25.763549907631937 ] ] ] } },
{ "type": "Feature", "properties": { "CVEGEO_1": "1900600011613", "Score_Final": 70.787392318548683, "Clasificacion": "Bueno", "Comp_NSE": 81.45041756492644, "Comp_Competencia": 50, "Comp_Accesibilidad": 98.898730854122121, "Comp_Flujo": 50, "Indice_NSE_2025": 81.45041756492644, "Nivel_NSE": "A/B", "NSE_Indice_Original": 75.417053300857816, "NSE_Nivel_Original": "A/B", "Carnicerias_1km": 22, "Carnicerias_500m": 6, "Carnicerias_2km": 36, "Dist_Competidor_m": 0.0, "Densidad_Competencia_1km": 7.0028174960433951, "Densidad_Competencia_500m": 7.6394372684109761, "Densidad_Pobl_2025": 20525.581545320572, "Densidad_Pobl_2010": 16420.465236256456, "Tasa_Crecimiento_Pobl": 0.25, "Porcentaje_Mujeres": 6.4894636015325675, "Poblacion_Total_2010": 4176, "Poblacion_Total_2025": 5220.0, "Num_Cadenas_2km": 15, "Tiene_Cadena_Cerca": 1, "HHI_Concentracion": 462.96296296296293, "Intensidad_Competitiva": 26.0, "Educacion_Normalizado": 70.646766169154219, "Vivienda_Normalizado": 99.313703251959566, "Activos_Normalizado": 65.605504587155949, "Economico_Normalizado": 64.96610745166339, "CVEGEO_2": "1900600010125", "CVE_ENT": "19", "CVE_MUN": "006", "CVE_LOC": "0001", "CVE_ASEN": "0125", "CP": "66646", "FECHA_ACT": "11/2024", "INSTITUCIO": "SECRETARÍA DE DESARROLLO URBANO, OBRAS PÚBLICAS, ECOLOGÍA Y TRANSPORTE DE APODACA", "NOM_ASEN": "MILENIUM RESIDENCIAL", "TIPO": "COLONIA", "Shape_Leng": 2200.04898164, "Shape_Area": 184721.98815300001 }, "geometry": { "type": "Polygon", "coordinates": [ [ [ -100.151291854664947, 25.760580403166351 ], [ -100.151136255390867, 25.760607928984307 ], [ -100.150885337445374, 25.760641860047713 ], [ -100.150749686711293, 25.760676422578094 ], [ -100.150484090430666, 25.760838015947254 ], [ -100.150383959056299, 25.76091028864823 ], [ -100.150216984167542, 25.761058048214675 ], [ -100.150092346087717, 25.761229837334994 ], [ -100.149804026649534, 25.761678800704924 ], [ -100.149444323405859, 25.762019730328991 ], [ -100.14916021944542, 25.761635196605337 ], [ -100.147503950593261, 25.759408581044454 ], [ -100.14794344481065, 25.759154329817108 ], [ -100.147963995019623, 25.759054684682944 ], [ -100.148257342057164, 25.758840056464241 ], [ -100.148582222587279, 25.758602355109897 ], [ -100.14890774905561, 25.758364179501736 ], [ -100.149234605706383, 25.758125028988758 ], [ -100.149562648169862, 25.757885009182381 ], [ -100.150012578385358, 25.757613445276824 ], [ -100.150131276694907, 25.757578981409846 ], [ -100.150536982990388, 25.757499135663785 ], [ -100.150955172223604, 25.757417113808788 ], [ -100.151148906180865, 25.757378639024282 ], [ -100.151151367291106, 25.757398997329553 ], [ -100.151344183855457, 25.758937830310423 ], [ -100.151348598210404, 25.758973058879896 ], [ -100.15135290812313, 25.759007462674234 ], [ -100.151368261339499, 25.759129981502891 ], [ -100.151476930005984, 25.760212685707714 ], [ -100.151504240880229, 25.760450451048641 ], [ -100.151509554176542, 25.760502046856704 ], [ -100.151510511087508, 25.760508658242394 ], [ -100.151291854664947, 25.760580403166351 ] ] ] } },
{ "type": "Feature", "properties": { "CVEGEO_1": "1900600011613", "Score_Final": 70.787392318548683, "Clasificacion": "Bueno", "Comp_NSE": 81.45041756492644, "Comp_Competencia": 50, "Comp_Accesibilidad": 98.898730854122121, "Comp_Flujo": 50, "Indice_NSE_2025": 81.45041756492644, "Nivel_NSE": "A/B", "NSE_Indice_Original": 75.417053300857816, "NSE_Nivel_Original": "A/B", "Carnicerias_1km": 22, "Carnicerias_500m": 6, "Carnicerias_2km": 36, "Dist_Competidor_m": 0.0, "Densidad_Competencia_1km": 7.0028174960433951, "Densidad_Competencia_500m": 7.6394372684109761, "Densidad_Pobl_2025": 20525.581545320572, "Densidad_Pobl_2010": 16420.465236256456, "Tasa_Crecimiento_Pobl": 0.25, "Porcentaje_Mujeres": 6.4894636015325675, "Poblacion_Total_2010": 4176, "Poblacion_Total_2025": 5220.0, "Num_Cadenas_2km": 15, "Tiene_Cadena_Cerca": 1, "HHI_Concentracion": 462.96296296296293, "Intensidad_Competitiva": 26.0, "Educacion_Normalizado": 70.646766169154219, "Vivienda_Normalizado": 99.313703251959566, "Activos_Normalizado": 65.605504587155949, "Economico_Normalizado": 64.96610745166339, "CVEGEO_2": "1900600010172", "CVE_ENT": "19", "CVE_MUN": "006", "CVE_LOC": "0001", "CVE_ASEN": "0172", "CP": "66646", "FECHA_ACT": "11/2024", "INSTITUCIO": "SECRETARÍA DE DESARROLLO URBANO, OBRAS PÚBLICAS, ECOLOGÍA Y TRANSPORTE DE APODACA", "NOM_ASEN": "PUEBLO NUEVO SEGUNDO SECTOR", "TIPO": "COLONIA", "Shape_Leng": 1911.4663302199999, "Shape_Area": 199098.31680299999 }, "geometry": { "type": "Polygon", "coordinates": [ [ [ -100.155226409202541, 25.759775557713791 ], [ -100.155416928042087, 25.759738145399666 ], [ -100.155428542196546, 25.75982919942215 ], [ -100.155438915864039, 25.759910527996599 ], [ -100.155233660563297, 25.760109383411962 ], [ -100.15522715818544, 25.76011568301579 ], [ -100.155225633921376, 25.760105093069804 ], [ -100.155224152766564, 25.760036894990403 ], [ -100.155223674604457, 25.760001456649405 ], [ -100.155219328258738, 25.759814845652638 ], [ -100.155218471858163, 25.759775370499373 ], [ -100.155226409202541, 25.759775557713791 ] ] ] } },
{ "type": "Feature", "properties": { "CVEGEO_1": "1900600011613", "Score_Final": 70.787392318548683, "Clasificacion": "Bueno", "Comp_NSE": 81.45041756492644, "Comp_Competencia": 50, "Comp_Accesibilidad": 98.898730854122121, "Comp_Flujo": 50, "Indice_NSE_2025": 81.45041756492644, "Nivel_NSE": "A/B", "NSE_Indice_Original": 75.417053300857816, "NSE_Nivel_Original": "A/B", "Carnicerias_1km": 22, "Carnicerias_500m": 6, "Carnicerias_2km": 36, "Dist_Competidor_m": 0.0, "Densidad_Competencia_1km": 7.0028174960433951, "Densidad_Competencia_500m": 7.6394372684109761, "Densidad_Pobl_2025": 20525.581545320572, "Densidad_Pobl_2010": 16420.465236256456, "Tasa_Crecimiento_Pobl": 0.25, "Porcentaje_Mujeres": 6.4894636015325675, "Poblacion_Total_2010": 4176, "Poblacion_Total_2025": 5220.0, "Num_Cadenas_2km": 15, "Tiene_Cadena_Cerca": 1, "HHI_Concentracion": 462.96296296296293, "Intensidad_Competitiva": 26.0, "Educacion_Normalizado": 70.646766169154219, "Vivienda_Normalizado": 99.313703251959566, "Activos_Normalizado": 65.605504587155949, "Economico_Normalizado": 64.96610745166339, "CVEGEO_2": "1900600010194", "CVE_ENT": "19", "CVE_MUN": "006", "CVE_LOC": "0001", "CVE_ASEN": "0194", "CP": "66646", "FECHA_ACT": "11/2024", "INSTITUCIO": "SECRETARÍA DE DESARROLLO URBANO, OBRAS PÚBLICAS, ECOLOGÍA Y TRANSPORTE DE APODACA", "NOM_ASEN": "SAN ISIDRO I", "TIPO": "COLONIA", "Shape_Leng": 1331.3291442300001, "Shape_Area": 112520.329902 }, "geometry": { "type": "Polygon", "coordinates": [ [ [ -100.154827003033333, 25.758153854790596 ], [ -100.15487529023811, 25.758609139159446 ], [ -100.154916698919706, 25.758988114312078 ], [ -100.154957143093327, 25.759369981794173 ], [ -100.155001201016603, 25.759770245833916 ], [ -100.155211187331659, 25.759775198682661 ], [ -100.155141619018593, 25.759813220280421 ], [ -100.154987523987316, 25.759897437569133 ], [ -100.15484665141696, 25.75996420755969 ], [ -100.154686031514544, 25.760018540955997 ], [ -100.15444238668222, 25.760071311697914 ], [ -100.154164189577543, 25.760086784504864 ], [ -100.15389804364473, 25.760046176140605 ], [ -100.153746503307616, 25.759990212841739 ], [ -100.153559353534803, 25.759895121744329 ], [ -100.153493983025712, 25.759869896029297 ], [ -100.153430288060775, 25.759845315651592 ], [ -100.153106410546215, 25.75972032957014 ], [ -100.151368261339499, 25.759129981502891 ], [ -100.15135290812313, 25.759007462674234 ], [ -100.151348598210404, 25.758973058879896 ], [ -100.151344183855457, 25.758937830310423 ], [ -100.151151367291106, 25.757398997329553 ], [ -100.151148906180865, 25.757378639024282 ], [ -100.1511562377828, 25.757377182997633 ], [ -100.15138508124771, 25.757335853020045 ], [ -100.153355825071557, 25.756953541769825 ], [ -100.153856495473121, 25.756858385924872 ], [ -100.154271562013221, 25.756781094690272 ], [ -100.15466569007188, 25.756688167582752 ], [ -100.154827003033333, 25.758153854790596 ] ] ] } },
{ "type": "Feature", "properties": { "CVEGEO_1": "1900600011613", "Score_Final": 70.787392318548683, "Clasificacion": "Bueno", "Comp_NSE": 81.45041756492644, "Comp_Competencia": 50, "Comp_Accesibilidad": 98.898730854122121, "Comp_Flujo": 50, "Indice_NSE_2025": 81.45041756492644, "Nivel_NSE": "A/B", "NSE_Indice_Original": 75.417053300857816, "NSE_Nivel_Original": "A/B", "Carnicerias_1km": 22, "Carnicerias_500m": 6, "Carnicerias_2km": 36, "Dist_Competidor_m": 0.0, "Densidad_Competencia_1km": 7.0028174960433951, "Densidad_Competencia_500m": 7.6394372684109761, "Densidad_Pobl_2025": 20525.581545320572, "Densidad_Pobl_2010": 16420.465236256456, "Tasa_Crecimiento_Pobl": 0.25, "Porcentaje_Mujeres": 6.4894636015325675, "Poblacion_Total_2010": 4176, "Poblacion_Total_2025": 5220.0, "Num_Cadenas_2km": 15, "Tiene_Cadena_Cerca": 1, "HHI_Concentracion": 462.96296296296293, "Intensidad_Competitiva": 26.0, "Educacion_Normalizado": 70.646766169154219, "Vivienda_Normalizado": 99.313703251959566, "Activos_Normalizado": 65.605504587155949, "Economico_Normalizado": 64.96610745166339, "CVEGEO_2": "1900600010195", "CVE_ENT": "19", "CVE_MUN": "006", "CVE_LOC": "0001", "CVE_ASEN": "0195", "CP": "66646", "FECHA_ACT": "11/2024", "INSTITUCIO": "SECRETARÍA DE DESARROLLO URBANO, OBRAS PÚBLICAS, ECOLOGÍA Y TRANSPORTE DE APODACA", "NOM_ASEN": "SAN ISIDRO II", "TIPO": "COLONIA", "Shape_Leng": 1715.90194802, "Shape_Area": 162218.02342700001 }, "geometry": { "type": "Polygon", "coordinates": [ [ [ -100.155218471858163, 25.759775370499373 ], [ -100.155219328258738, 25.759814845652638 ], [ -100.155223674604457, 25.760001456649405 ], [ -100.155224152766564, 25.760036894990403 ], [ -100.155225633921376, 25.760105093069804 ], [ -100.15522715818544, 25.76011568301579 ], [ -100.155034705256497, 25.760302134378001 ], [ -100.154780950567059, 25.760520709632974 ], [ -100.154669151297014, 25.760583063462271 ], [ -100.154490158743911, 25.760626429948132 ], [ -100.154182226904879, 25.760641153683238 ], [ -100.153753204216258, 25.760639075274796 ], [ -100.153268939699814, 25.760551592846205 ], [ -100.1527973949174, 25.760460727593653 ], [ -100.152401388160968, 25.760381946386289 ], [ -100.152330753763863, 25.760368748653956 ], [ -100.152090235194379, 25.760355739850649 ], [ -100.151995379818985, 25.760350190709172 ], [ -100.151803365363534, 25.760384608458434 ], [ -100.151517581243368, 25.760506338402944 ], [ -100.151510511087508, 25.760508658242394 ], [ -100.151509554176542, 25.760502046856704 ], [ -100.151504240880229, 25.760450451048641 ], [ -100.151476930005984, 25.760212685707714 ], [ -100.151368261339499, 25.759129981502891 ], [ -100.153106410546215, 25.75972032957014 ], [ -100.153430288060775, 25.759845315651592 ], [ -100.153493983025712, 25.759869896029297 ], [ -100.153559353534803, 25.759895121744329 ], [ -100.153746503307616, 25.759990212841739 ], [ -100.15389804364473, 25.760046176140605 ], [ -100.154164189577543, 25.760086784504864 ], [ -100.15444238668222, 25.760071311697914 ], [ -100.154686031514544, 25.760018540955997 ], [ -100.15484665141696, 25.75996420755969 ], [ -100.154987523987316, 25.759897437569133 ], [ -100.155141619018593, 25.759813220280421 ], [ -100.155211187331659, 25.759775198682661 ], [ -100.155218471858163, 25.759775370499373 ] ] ] } },
{ "type": "Feature", "properties": { "CVEGEO_1": "1900600011628", "Score_Final": 70.437238240067074, "Clasificacion": "Bueno", "Comp_NSE": 80.577318656809425, "Comp_Competencia": 50, "Comp_Accesibilidad": 98.675883550918869, "Comp_Flujo": 50, "Indice_NSE_2025": 80.577318656809425, "Nivel_NSE": "A/B", "NSE_Indice_Original": 74.608628385934651, "NSE_Nivel_Original": "A/B", "Carnicerias_1km": 17, "Carnicerias_500m": 11, "Carnicerias_2km": 42, "Dist_Competidor_m": 0.0, "Densidad_Competencia_1km": 5.4112680651244416, "Densidad_Competencia_500m": 14.00563499208679, "Densidad_Pobl_2025": 24302.182575478731, "Densidad_Pobl_2010": 19441.746060382986, "Tasa_Crecimiento_Pobl": 0.25, "Porcentaje_Mujeres": 6.6771819137749739, "Poblacion_Total_2010": 3804, "Poblacion_Total_2025": 4755.0, "Num_Cadenas_2km": 18, "Tiene_Cadena_Cerca": 1, "HHI_Concentracion": 430.83900226757368, "Intensidad_Competitiva": 30.0, "Educacion_Normalizado": 68.905472636815915, "Vivienda_Normalizado": 98.294761236825906, "Activos_Normalizado": 68.440366972477065, "Economico_Normalizado": 61.266022712820657, "CVEGEO_2": "1900600010131", "CVE_ENT": "19", "CVE_MUN": "006", "CVE_LOC": "0001", "CVE_ASEN": "0131", "CP": "66646", "FECHA_ACT": "11/2024", "INSTITUCIO": "SECRETARÍA DE DESARROLLO URBANO, OBRAS PÚBLICAS, ECOLOGÍA Y TRANSPORTE DE APODACA", "NOM_ASEN": "MISIÓN DE HUINALÁ PRIMER SECTOR", "TIPO": "COLONIA", "Shape_Leng": 2224.14206251, "Shape_Area": 172671.360579 }, "geometry": { "type": "Polygon", "coordinates": [ [ [ -100.156885914894787, 25.752776647748981 ], [ -100.157437948538544, 25.753415888739692 ], [ -100.15780206843236, 25.753834053248479 ], [ -100.158104687716204, 25.75415933142077 ], [ -100.158462438419761, 25.754571980403018 ], [ -100.158735774211678, 25.754879023283376 ], [ -100.159039141733629, 25.755221445083951 ], [ -100.159346031123491, 25.755567283517497 ], [ -100.15950376540485, 25.755744499282365 ], [ -100.159500164450904, 25.755745183586935 ], [ -100.1594027562506, 25.755635750185615 ], [ -100.159338002361665, 25.755562992606347 ], [ -100.159031114326922, 25.755217155931113 ], [ -100.158727747080135, 25.75487473352511 ], [ -100.15845441134951, 25.754567689861361 ], [ -100.158096660911198, 25.754155041189517 ], [ -100.157794040909934, 25.753829764043623 ], [ -100.157429920835924, 25.75341159927282 ], [ -100.156882848719022, 25.752778103281663 ], [ -100.156885914894787, 25.752776647748981 ] ] ] } },
{ "type": "Feature", "properties": { "CVEGEO_1": "1900600011628", "Score_Final": 70.437238240067074, "Clasificacion": "Bueno", "Comp_NSE": 80.577318656809425, "Comp_Competencia": 50, "Comp_Accesibilidad": 98.675883550918869, "Comp_Flujo": 50, "Indice_NSE_2025": 80.577318656809425, "Nivel_NSE": "A/B", "NSE_Indice_Original": 74.608628385934651, "NSE_Nivel_Original": "A/B", "Carnicerias_1km": 17, "Carnicerias_500m": 11, "Carnicerias_2km": 42, "Dist_Competidor_m": 0.0, "Densidad_Competencia_1km": 5.4112680651244416, "Densidad_Competencia_500m": 14.00563499208679, "Densidad_Pobl_2025": 24302.182575478731, "Densidad_Pobl_2010": 19441.746060382986, "Tasa_Crecimiento_Pobl": 0.25, "Porcentaje_Mujeres": 6.6771819137749739, "Poblacion_Total_2010": 3804, "Poblacion_Total_2025": 4755.0, "Num_Cadenas_2km": 18, "Tiene_Cadena_Cerca": 1, "HHI_Concentracion": 430.83900226757368, "Intensidad_Competitiva": 30.0, "Educacion_Normalizado": 68.905472636815915, "Vivienda_Normalizado": 98.294761236825906, "Activos_Normalizado": 68.440366972477065, "Economico_Normalizado": 61.266022712820657, "CVEGEO_2": "1900600010164", "CVE_ENT": "19", "CVE_MUN": "006", "CVE_LOC": "0001", "CVE_ASEN": "0164", "CP": "66646", "FECHA_ACT": "11/2024", "INSTITUCIO": "SECRETARÍA DE DESARROLLO URBANO, OBRAS PÚBLICAS, ECOLOGÍA Y TRANSPORTE DE APODACA", "NOM_ASEN": "PORTAL DE HUINALÁ", "TIPO": "COLONIA", "Shape_Leng": 1920.8607418199999, "Shape_Area": 200694.46565599999 }, "geometry": { "type": "Polygon", "coordinates": [ [ [ -100.152793141161013, 25.755561382465519 ], [ -100.152785183127662, 25.755557154212852 ], [ -100.152785113756664, 25.755557092904908 ], [ -100.152438120724767, 25.755372727799436 ], [ -100.151718606314191, 25.75502879613839 ], [ -100.151865740235777, 25.754504644528723 ], [ -100.151988014039446, 25.754311216134646 ], [ -100.152113523596825, 25.754165362773268 ], [ -100.152249134242396, 25.754068677289336 ], [ -100.152433376307243, 25.754003381264752 ], [ -100.152490888796777, 25.753989342180873 ], [ -100.152652501116137, 25.753953902809055 ], [ -100.152683658802317, 25.753951821687988 ], [ -100.152987227904234, 25.753931545352504 ], [ -100.153399768067473, 25.753816817904248 ], [ -100.153828226499257, 25.75370130692513 ], [ -100.15426297658324, 25.753581200544648 ], [ -100.154700772091857, 25.753463173505473 ], [ -100.155139853169814, 25.753343846503913 ], [ -100.155571634219172, 25.753224550161846 ], [ -100.156001204320162, 25.75310825894837 ], [ -100.156437885774892, 25.752989329955792 ], [ -100.156882848719022, 25.752778103281663 ], [ -100.157429920835924, 25.75341159927282 ], [ -100.157794040909934, 25.753829764043623 ], [ -100.158096660911198, 25.754155041189517 ], [ -100.15845441134951, 25.754567689861361 ], [ -100.158727747080135, 25.75487473352511 ], [ -100.159031114326922, 25.755217155931113 ], [ -100.159338002361665, 25.755562992606347 ], [ -100.1594027562506, 25.755635750185615 ], [ -100.159500164450904, 25.755745183586935 ], [ -100.159314617856509, 25.755780495268073 ], [ -100.158909456677122, 25.755861874399056 ], [ -100.158459864516033, 25.755952204922192 ], [ -100.158029451162037, 25.756033260948076 ], [ -100.15752592692786, 25.756129388525775 ], [ -100.157470424299476, 25.756137961532957 ], [ -100.156962244158649, 25.756239293751822 ], [ -100.156553468680116, 25.756317259825241 ], [ -100.156144173608538, 25.75639679697521 ], [ -100.155735739311524, 25.756475492326121 ], [ -100.1553120840113, 25.756558032780113 ], [ -100.155065774994185, 25.756607330545144 ], [ -100.154996285605677, 25.75662170961801 ], [ -100.15484685711003, 25.756649143238921 ], [ -100.154816281426989, 25.756627679284602 ], [ -100.154571780471159, 25.75650544913422 ], [ -100.154476076644073, 25.756457605217783 ], [ -100.153082189379177, 25.75576076196543 ], [ -100.152936098257896, 25.755687725424778 ], [ -100.152793141161013, 25.755561382465519 ] ] ] } },
{ "type": "Feature", "properties": { "CVEGEO_1": "1900600011628", "Score_Final": 70.437238240067074, "Clasificacion": "Bueno", "Comp_NSE": 80.577318656809425, "Comp_Competencia": 50, "Comp_Accesibilidad": 98.675883550918869, "Comp_Flujo": 50, "Indice_NSE_2025": 80.577318656809425, "Nivel_NSE": "A/B", "NSE_Indice_Original": 74.608628385934651, "NSE_Nivel_Original": "A/B", "Carnicerias_1km": 17, "Carnicerias_500m": 11, "Carnicerias_2km": 42, "Dist_Competidor_m": 0.0, "Densidad_Competencia_1km": 5.4112680651244416, "Densidad_Competencia_500m": 14.00563499208679, "Densidad_Pobl_2025": 24302.182575478731, "Densidad_Pobl_2010": 19441.746060382986, "Tasa_Crecimiento_Pobl": 0.25, "Porcentaje_Mujeres": 6.6771819137749739, "Poblacion_Total_2010": 3804, "Poblacion_Total_2025": 4755.0, "Num_Cadenas_2km": 18, "Tiene_Cadena_Cerca": 1, "HHI_Concentracion": 430.83900226757368, "Intensidad_Competitiva": 30.0, "Educacion_Normalizado": 68.905472636815915, "Vivienda_Normalizado": 98.294761236825906, "Activos_Normalizado": 68.440366972477065, "Economico_Normalizado": 61.266022712820657, "CVEGEO_2": "1900600010172", "CVE_ENT": "19", "CVE_MUN": "006", "CVE_LOC": "0001", "CVE_ASEN": "0172", "CP": "66646", "FECHA_ACT": "11/2024", "INSTITUCIO": "SECRETARÍA DE DESARROLLO URBANO, OBRAS PÚBLICAS, ECOLOGÍA Y TRANSPORTE DE APODACA", "NOM_ASEN": "PUEBLO NUEVO SEGUNDO SECTOR", "TIPO": "COLONIA", "Shape_Leng": 1911.4663302199999, "Shape_Area": 199098.31680299999 }, "geometry": { "type": "Polygon", "coordinates": [ [ [ -100.15891748489851, 25.755866164429584 ], [ -100.158467891845959, 25.755956494160809 ], [ -100.158037479562026, 25.756037551495062 ], [ -100.157533954368944, 25.756133678806716 ], [ -100.15747845231661, 25.756142252211486 ], [ -100.156970271800446, 25.756243584054896 ], [ -100.156561497058362, 25.756321549712499 ], [ -100.156152201573406, 25.756401087887454 ], [ -100.155743766877862, 25.756479783165563 ], [ -100.155320111801899, 25.756562322708056 ], [ -100.155073801177736, 25.756611620705211 ], [ -100.15500431325016, 25.75662600067179 ], [ -100.154854884952101, 25.756653433912213 ], [ -100.1548492134675, 25.756654475121561 ], [ -100.15484685711003, 25.756649143238921 ], [ -100.154996285605677, 25.75662170961801 ], [ -100.155065774994185, 25.756607330545144 ], [ -100.1553120840113, 25.756558032780113 ], [ -100.155735739311524, 25.756475492326121 ], [ -100.156144173608538, 25.75639679697521 ], [ -100.156553468680116, 25.756317259825241 ], [ -100.156962244158649, 25.756239293751822 ], [ -100.157470424299476, 25.756137961532957 ], [ -100.15752592692786, 25.756129388525775 ], [ -100.158029451162037, 25.756033260948076 ], [ -100.158459864516033, 25.755952204922192 ], [ -100.158909456677122, 25.755861874399056 ], [ -100.159314617856509, 25.755780495268073 ], [ -100.159315989284238, 25.755786122956167 ], [ -100.15891748489851, 25.755866164429584 ] ] ] } },
{ "type": "Feature", "properties": { "CVEGEO_1": "1900600011628", "Score_Final": 70.437238240067074, "Clasificacion": "Bueno", "Comp_NSE": 80.577318656809425, "Comp_Competencia": 50, "Comp_Accesibilidad": 98.675883550918869, "Comp_Flujo": 50, "Indice_NSE_2025": 80.577318656809425, "Nivel_NSE": "A/B", "NSE_Indice_Original": 74.608628385934651, "NSE_Nivel_Original": "A/B", "Carnicerias_1km": 17, "Carnicerias_500m": 11, "Carnicerias_2km": 42, "Dist_Competidor_m": 0.0, "Densidad_Competencia_1km": 5.4112680651244416, "Densidad_Competencia_500m": 14.00563499208679, "Densidad_Pobl_2025": 24302.182575478731, "Densidad_Pobl_2010": 19441.746060382986, "Tasa_Crecimiento_Pobl": 0.25, "Porcentaje_Mujeres": 6.6771819137749739, "Poblacion_Total_2010": 3804, "Poblacion_Total_2025": 4755.0, "Num_Cadenas_2km": 18, "Tiene_Cadena_Cerca": 1, "HHI_Concentracion": 430.83900226757368, "Intensidad_Competitiva": 30.0, "Educacion_Normalizado": 68.905472636815915, "Vivienda_Normalizado": 98.294761236825906, "Activos_Normalizado": 68.440366972477065, "Economico_Normalizado": 61.266022712820657, "CVEGEO_2": "1900600010175", "CVE_ENT": "19", "CVE_MUN": "006", "CVE_LOC": "0001", "CVE_ASEN": "0175", "CP": "66646", "FECHA_ACT": "11/2024", "INSTITUCIO": "SECRETARÍA DE DESARROLLO URBANO, OBRAS PÚBLICAS, ECOLOGÍA Y TRANSPORTE DE APODACA", "NOM_ASEN": "PUEBLO NUEVO QUINTO SECTOR", "TIPO": "COLONIA", "Shape_Leng": 3083.1966139199999, "Shape_Area": 559003.02493399999 }, "geometry": { "type": "Polygon", "coordinates": [ [ [ -100.159322646641257, 25.755784785794809 ], [ -100.159315989284238, 25.755786122956167 ], [ -100.159314617856509, 25.755780495268073 ], [ -100.159500164450904, 25.755745183586935 ], [ -100.15950376540485, 25.755744499282365 ], [ -100.15950819289823, 25.755749473607661 ], [ -100.159322646641257, 25.755784785794809 ] ] ] } },
{ "type": "Feature", "properties": { "CVEGEO_1": "1900600011628", "Score_Final": 70.437238240067074, "Clasificacion": "Bueno", "Comp_NSE": 80.577318656809425, "Comp_Competencia": 50, "Comp_Accesibilidad": 98.675883550918869, "Comp_Flujo": 50, "Indice_NSE_2025": 80.577318656809425, "Nivel_NSE": "A/B", "NSE_Indice_Original": 74.608628385934651, "NSE_Nivel_Original": "A/B", "Carnicerias_1km": 17, "Carnicerias_500m": 11, "Carnicerias_2km": 42, "Dist_Competidor_m": 0.0, "Densidad_Competencia_1km": 5.4112680651244416, "Densidad_Competencia_500m": 14.00563499208679, "Densidad_Pobl_2025": 24302.182575478731, "Densidad_Pobl_2010": 19441.746060382986, "Tasa_Crecimiento_Pobl": 0.25, "Porcentaje_Mujeres": 6.6771819137749739, "Poblacion_Total_2010": 3804, "Poblacion_Total_2025": 4755.0, "Num_Cadenas_2km": 18, "Tiene_Cadena_Cerca": 1, "HHI_Concentracion": 430.83900226757368, "Intensidad_Competitiva": 30.0, "Educacion_Normalizado": 68.905472636815915, "Vivienda_Normalizado": 98.294761236825906, "Activos_Normalizado": 68.440366972477065, "Economico_Normalizado": 61.266022712820657, "CVEGEO_2": "1900600010194", "CVE_ENT": "19", "CVE_MUN": "006", "CVE_LOC": "0001", "CVE_ASEN": "0194", "CP": "66646", "FECHA_ACT": "11/2024", "INSTITUCIO": "SECRETARÍA DE DESARROLLO URBANO, OBRAS PÚBLICAS, ECOLOGÍA Y TRANSPORTE DE APODACA", "NOM_ASEN": "SAN ISIDRO I", "TIPO": "COLONIA", "Shape_Leng": 1331.3291442300001, "Shape_Area": 112520.329902 }, "geometry": { "type": "Polygon", "coordinates": [ [ [ -100.15466569007188, 25.756688167582752 ], [ -100.154656559996312, 25.756684137183782 ], [ -100.154657662332824, 25.75668387727417 ], [ -100.15484685711003, 25.756649143238921 ], [ -100.1548492134675, 25.756654475121561 ], [ -100.15466569007188, 25.756688167582752 ] ] ] } },
{ "type": "Feature", "properties": { "CVEGEO_1": "1900600011628", "Score_Final": 70.437238240067074, "Clasificacion": "Bueno", "Comp_NSE": 80.577318656809425, "Comp_Competencia": 50, "Comp_Accesibilidad": 98.675883550918869, "Comp_Flujo": 50, "Indice_NSE_2025": 80.577318656809425, "Nivel_NSE": "A/B", "NSE_Indice_Original": 74.608628385934651, "NSE_Nivel_Original": "A/B", "Carnicerias_1km": 17, "Carnicerias_500m": 11, "Carnicerias_2km": 42, "Dist_Competidor_m": 0.0, "Densidad_Competencia_1km": 5.4112680651244416, "Densidad_Competencia_500m": 14.00563499208679, "Densidad_Pobl_2025": 24302.182575478731, "Densidad_Pobl_2010": 19441.746060382986, "Tasa_Crecimiento_Pobl": 0.25, "Porcentaje_Mujeres": 6.6771819137749739, "Poblacion_Total_2010": 3804, "Poblacion_Total_2025": 4755.0, "Num_Cadenas_2km": 18, "Tiene_Cadena_Cerca": 1, "HHI_Concentracion": 430.83900226757368, "Intensidad_Competitiva": 30.0, "Educacion_Normalizado": 68.905472636815915, "Vivienda_Normalizado": 98.294761236825906, "Activos_Normalizado": 68.440366972477065, "Economico_Normalizado": 61.266022712820657, "CVEGEO_2": "1900600010334", "CVE_ENT": "19", "CVE_MUN": "006", "CVE_LOC": "0001", "CVE_ASEN": "0334", "CP": "66646", "FECHA_ACT": "11/2024", "INSTITUCIO": "SECRETARÍA DE DESARROLLO URBANO, OBRAS PÚBLICAS, ECOLOGÍA Y TRANSPORTE DE APODACA", "NOM_ASEN": "LOMAS DE SAN ISIDRO", "TIPO": "COLONIA", "Shape_Leng": 1219.16085387, "Shape_Area": 53511.267617199999 }, "geometry": { "type": "MultiPolygon", "coordinates": [ [ [ [ -100.154219684251316, 25.756491281873924 ], [ -100.153110243605568, 25.755949667531763 ], [ -100.152936821408872, 25.755688364532851 ], [ -100.152936098257896, 25.755687725424778 ], [ -100.153082189379177, 25.75576076196543 ], [ -100.154476076644073, 25.756457605217783 ], [ -100.154571780471159, 25.75650544913422 ], [ -100.154816281426989, 25.756627679284602 ], [ -100.15484685711003, 25.756649143238921 ], [ -100.154657662332824, 25.75668387727417 ], [ -100.154656559996312, 25.756684137183782 ], [ -100.154219684251316, 25.756491281873924 ] ] ], [ [ [ -100.152446148015173, 25.755377018486591 ], [ -100.151718494307403, 25.755029195152684 ], [ -100.151718606314191, 25.75502879613839 ], [ -100.152438120724767, 25.755372727799436 ], [ -100.152785113756664, 25.755557092904908 ], [ -100.152785183127662, 25.755557154212852 ], [ -100.152446148015173, 25.755377018486591 ] ] ] ] } },
{ "type": "Feature", "properties": { "CVEGEO_1": "1900600011632", "Score_Final": 71.966548438432341, "Clasificacion": "Bueno", "Comp_NSE": 84.397051207802519, "Comp_Competencia": 50, "Comp_Accesibilidad": 99.637902578507337, "Comp_Flujo": 50, "Indice_NSE_2025": 76.724592007093193, "Nivel_NSE": "C+", "NSE_Indice_Original": 71.04128889545666, "NSE_Nivel_Original": "A/B", "Carnicerias_1km": 14, "Carnicerias_500m": 8, "Carnicerias_2km": 51, "Dist_Competidor_m": 0.0, "Densidad_Competencia_1km": 4.45633840657307, "Densidad_Competencia_500m": 10.185916357881302, "Densidad_Pobl_2025": 18644.658914488326, "Densidad_Pobl_2010": 14915.72713159066, "Tasa_Crecimiento_Pobl": 0.25, "Porcentaje_Mujeres": 7.6246860423394329, "Poblacion_Total_2010": 5574, "Poblacion_Total_2025": 6967.5, "Num_Cadenas_2km": 25, "Tiene_Cadena_Cerca": 1, "HHI_Concentracion": 542.09919261822358, "Intensidad_Competitiva": 27.75, "Educacion_Normalizado": 54.228855721393032, "Vivienda_Normalizado": 96.802352303945739, "Activos_Normalizado": 70.077981651376149, "Economico_Normalizado": 65.262743451041388, "CVEGEO_2": "1900600010071", "CVE_ENT": "19", "CVE_MUN": "006", "CVE_LOC": "0001", "CVE_ASEN": "0071", "CP": "66640", "FECHA_ACT": "11/2024", "INSTITUCIO": "SECRETARÍA DE DESARROLLO URBANO, OBRAS PÚBLICAS, ECOLOGÍA Y TRANSPORTE DE APODACA", "NOM_ASEN": "HUINALÁ", "TIPO": "COLONIA", "Shape_Leng": 7098.8413938399999, "Shape_Area": 975235.65223200002 }, "geometry": { "type": "Polygon", "coordinates": [ [ [ -100.16054375141421, 25.738089065643251 ], [ -100.159926204087, 25.739225222126844 ], [ -100.159454554389711, 25.740081775349555 ], [ -100.158777913514356, 25.740968080535186 ], [ -100.158771378948089, 25.740961836619533 ], [ -100.159446526279737, 25.740077489390657 ], [ -100.159918175853363, 25.739220935686777 ], [ -100.160535724389305, 25.738084779389798 ], [ -100.160543803853059, 25.738088969036156 ], [ -100.16054375141421, 25.738089065643251 ] ] ] } },
{ "type": "Feature", "properties": { "CVEGEO_1": "1900600011632", "Score_Final": 71.966548438432341, "Clasificacion": "Bueno", "Comp_NSE": 84.397051207802519, "Comp_Competencia": 50, "Comp_Accesibilidad": 99.637902578507337, "Comp_Flujo": 50, "Indice_NSE_2025": 76.724592007093193, "Nivel_NSE": "C+", "NSE_Indice_Original": 71.04128889545666, "NSE_Nivel_Original": "A/B", "Carnicerias_1km": 14, "Carnicerias_500m": 8, "Carnicerias_2km": 51, "Dist_Competidor_m": 0.0, "Densidad_Competencia_1km": 4.45633840657307, "Densidad_Competencia_500m": 10.185916357881302, "Densidad_Pobl_2025": 18644.658914488326, "Densidad_Pobl_2010": 14915.72713159066, "Tasa_Crecimiento_Pobl": 0.25, "Porcentaje_Mujeres": 7.6246860423394329, "Poblacion_Total_2010": 5574, "Poblacion_Total_2025": 6967.5, "Num_Cadenas_2km": 25, "Tiene_Cadena_Cerca": 1, "HHI_Concentracion": 542.09919261822358, "Intensidad_Competitiva": 27.75, "Educacion_Normalizado": 54.228855721393032, "Vivienda_Normalizado": 96.802352303945739, "Activos_Normalizado": 70.077981651376149, "Economico_Normalizado": 65.262743451041388, "CVEGEO_2": "1900600010177", "CVE_ENT": "19", "CVE_MUN": "006", "CVE_LOC": "0001", "CVE_ASEN": "0177", "CP": "66644", "FECHA_ACT": "11/2024", "INSTITUCIO": "SECRETARÍA DE DESARROLLO URBANO, OBRAS PÚBLICAS, ECOLOGÍA Y TRANSPORTE DE APODACA", "NOM_ASEN": "REAL HACIENDA DE HUINALÁ PRIMER SECTOR E-1", "TIPO": "COLONIA", "Shape_Leng": 1295.5886369, "Shape_Area": 96833.842503099993 }, "geometry": { "type": "Polygon", "coordinates": [ [ [ -100.158309387567499, 25.740520394128136 ], [ -100.157597345911128, 25.739839799188456 ], [ -100.156764012211696, 25.738983422606193 ], [ -100.156757679905738, 25.738976915120375 ], [ -100.156846158582795, 25.738860938331548 ], [ -100.15736090008113, 25.738295548985406 ], [ -100.157190991692033, 25.738083139061636 ], [ -100.157169722997295, 25.738057462495927 ], [ -100.157144992508847, 25.738025634178456 ], [ -100.156958412279863, 25.737792382650476 ], [ -100.157087400415975, 25.737534497945159 ], [ -100.157150448308258, 25.737408443870134 ], [ -100.157495927417216, 25.736717707688936 ], [ -100.157695595447834, 25.736796209323668 ], [ -100.157772771502223, 25.736819066081576 ], [ -100.158049151690662, 25.736929439745829 ], [ -100.158107980616123, 25.736957038831445 ], [ -100.159485789269269, 25.737607703397867 ], [ -100.159499787487348, 25.737614048315251 ], [ -100.160427629210204, 25.738034602927566 ], [ -100.160535724389305, 25.738084779389798 ], [ -100.159918175853363, 25.739220935686777 ], [ -100.159446526279737, 25.740077489390657 ], [ -100.158771378948089, 25.740961836619533 ], [ -100.158309387567499, 25.740520394128136 ] ] ] } },
{ "type": "Feature", "properties": { "CVEGEO_1": "190060001183A", "Score_Final": 71.831280009913229, "Clasificacion": "Bueno", "Comp_NSE": 84.369591772790969, "Comp_Competencia": 50, "Comp_Accesibilidad": 99.00961444718196, "Comp_Flujo": 50, "Indice_NSE_2025": 76.69962888435542, "Nivel_NSE": "C+", "NSE_Indice_Original": 71.018174892921678, "NSE_Nivel_Original": "A/B", "Carnicerias_1km": 11, "Carnicerias_500m": 5, "Carnicerias_2km": 37, "Dist_Competidor_m": 0.0, "Densidad_Competencia_1km": 3.5014087480216975, "Densidad_Competencia_500m": 6.366197723675814, "Densidad_Pobl_2025": 15063.925827850378, "Densidad_Pobl_2010": 12051.140662280302, "Tasa_Crecimiento_Pobl": 0.25, "Porcentaje_Mujeres": 9.3560145808019435, "Poblacion_Total_2010": 823, "Poblacion_Total_2025": 1028.75, "Num_Cadenas_2km": 19, "Tiene_Cadena_Cerca": 1, "HHI_Concentracion": 620.89116143170213, "Intensidad_Competitiva": 19.75, "Educacion_Normalizado": 55.597014925373131, "Vivienda_Normalizado": 94.010391843150543, "Activos_Normalizado": 69.238532110091739, "Economico_Normalizado": 67.634197134995802, "CVEGEO_2": "1900600010481", "CVE_ENT": "19", "CVE_MUN": "006", "CVE_LOC": "0001", "CVE_ASEN": "0481", "CP": "66646", "FECHA_ACT": "11/2024", "INSTITUCIO": "SECRETARÍA DE DESARROLLO URBANO, OBRAS PÚBLICAS, ECOLOGÍA Y TRANSPORTE DE APODACA", "NOM_ASEN": "PRIVADAS CANTERAS", "TIPO": "FRACCIONAMIENTO", "Shape_Leng": 2391.5833352499999, "Shape_Area": 250492.49694899999 }, "geometry": { "type": "Polygon", "coordinates": [ [ [ -100.153163397357744, 25.740260203894724 ], [ -100.152919017544761, 25.740176020567478 ], [ -100.151071911882241, 25.73959873841725 ], [ -100.150606511687954, 25.739451900172988 ], [ -100.151063886542786, 25.739594450694394 ], [ -100.151485933624414, 25.739726356459059 ], [ -100.152910990901418, 25.740171732957315 ], [ -100.153155371664255, 25.740255917095787 ], [ -100.153164043317858, 25.740259270282372 ], [ -100.153163397357744, 25.740260203894724 ] ] ] } },
{ "type": "Feature", "properties": { "CVEGEO_1": "1900600012274", "Score_Final": 71.075796929450149, "Clasificacion": "Bueno", "Comp_NSE": 81.938164614112068, "Comp_Competencia": 50, "Comp_Accesibilidad": 99.487196572554595, "Comp_Flujo": 50, "Indice_NSE_2025": 74.489240558283697, "Nivel_NSE": "C+", "NSE_Indice_Original": 68.971519035447869, "NSE_Nivel_Original": "C+", "Carnicerias_1km": 35, "Carnicerias_500m": 14, "Carnicerias_2km": 87, "Dist_Competidor_m": 0.0, "Densidad_Competencia_1km": 11.140846016432674, "Densidad_Competencia_500m": 17.82535362629228, "Densidad_Pobl_2025": 5555.0026711425307, "Densidad_Pobl_2010": 4444.002136914024, "Tasa_Crecimiento_Pobl": 0.25, "Porcentaje_Mujeres": 9.1019050498941638, "Poblacion_Total_2010": 3307, "Poblacion_Total_2025": 4133.75, "Num_Cadenas_2km": 42, "Tiene_Cadena_Cerca": 1, "HHI_Concentracion": 291.98044655833007, "Intensidad_Competitiva": 53.25, "Educacion_Normalizado": 30.472636815920396, "Vivienda_Normalizado": 98.479813643715758, "Activos_Normalizado": 84.701834862385326, "Economico_Normalizado": 70.17157932073242, "CVEGEO_2": "1900600010242", "CVE_ENT": "19", "CVE_MUN": "006", "CVE_LOC": "0001", "CVE_ASEN": "0242", "CP": "66634", "FECHA_ACT": "11/2024", "INSTITUCIO": "SECRETARÍA DE DESARROLLO URBANO, OBRAS PÚBLICAS, ECOLOGÍA Y TRANSPORTE DE APODACA", "NOM_ASEN": "PARQUE INDUSTRIAL VILLAS DE HUINALÁ I", "TIPO": "ZONA INDUSTRIAL", "Shape_Leng": 2960.7818807100002, "Shape_Area": 241984.31082700001 }, "geometry": { "type": "Polygon", "coordinates": [ [ [ -100.184375661466134, 25.74208971876028 ], [ -100.183628785339707, 25.742484621359115 ], [ -100.183623560143573, 25.742478848729274 ], [ -100.184367628899025, 25.742085432902403 ], [ -100.184614329328426, 25.741963330062404 ], [ -100.184619736458743, 25.741968917345503 ], [ -100.184375661466134, 25.74208971876028 ] ] ] } },
{ "type": "Feature", "properties": { "CVEGEO_1": "1900600012274", "Score_Final": 71.075796929450149, "Clasificacion": "Bueno", "Comp_NSE": 81.938164614112068, "Comp_Competencia": 50, "Comp_Accesibilidad": 99.487196572554595, "Comp_Flujo": 50, "Indice_NSE_2025": 74.489240558283697, "Nivel_NSE": "C+", "NSE_Indice_Original": 68.971519035447869, "NSE_Nivel_Original": "C+", "Carnicerias_1km": 35, "Carnicerias_500m": 14, "Carnicerias_2km": 87, "Dist_Competidor_m": 0.0, "Densidad_Competencia_1km": 11.140846016432674, "Densidad_Competencia_500m": 17.82535362629228, "Densidad_Pobl_2025": 5555.0026711425307, "Densidad_Pobl_2010": 4444.002136914024, "Tasa_Crecimiento_Pobl": 0.25, "Porcentaje_Mujeres": 9.1019050498941638, "Poblacion_Total_2010": 3307, "Poblacion_Total_2025": 4133.75, "Num_Cadenas_2km": 42, "Tiene_Cadena_Cerca": 1, "HHI_Concentracion": 291.98044655833007, "Intensidad_Competitiva": 53.25, "Educacion_Normalizado": 30.472636815920396, "Vivienda_Normalizado": 98.479813643715758, "Activos_Normalizado": 84.701834862385326, "Economico_Normalizado": 70.17157932073242, "CVEGEO_2": "1900600010309", "CVE_ENT": "19", "CVE_MUN": "006", "CVE_LOC": "0001", "CVE_ASEN": "0309", "CP": "66634", "FECHA_ACT": "11/2024", "INSTITUCIO": "SECRETARÍA DE DESARROLLO URBANO, OBRAS PÚBLICAS, ECOLOGÍA Y TRANSPORTE DE APODACA", "NOM_ASEN": "ENCINOS RESIDENCIAL PRIMER SECTOR", "TIPO": "FRACCIONAMIENTO", "Shape_Leng": 3544.9831589599999, "Shape_Area": 441291.76764699997 }, "geometry": { "type": "Polygon", "coordinates": [ [ [ -100.175583849065902, 25.740713320790142 ], [ -100.175499182861287, 25.740425945673383 ], [ -100.175478661461042, 25.740351756323946 ], [ -100.175420523389747, 25.740162248528041 ], [ -100.17537683840618, 25.740031460374293 ], [ -100.174266844870345, 25.736283423341675 ], [ -100.174494631363046, 25.736253000258372 ], [ -100.17531419440698, 25.736274815467912 ], [ -100.175593268992131, 25.736294068942289 ], [ -100.175916354678606, 25.736316358083553 ], [ -100.176328511714175, 25.736362984942769 ], [ -100.177628930775157, 25.736353666817735 ], [ -100.177744562462024, 25.736341304343135 ], [ -100.177997595851863, 25.736286658366172 ], [ -100.178477219921888, 25.73611747081862 ], [ -100.178888073335131, 25.735931531935375 ], [ -100.179287237863761, 25.735718334649441 ], [ -100.179444557974278, 25.735610891729792 ], [ -100.179666038007866, 25.735507570226353 ], [ -100.17980029930159, 25.735466694553345 ], [ -100.18003021658221, 25.735449544220018 ], [ -100.180258844450634, 25.735486015190709 ], [ -100.180593750970118, 25.735511662869804 ], [ -100.180121777295355, 25.736745755289331 ], [ -100.180104752563579, 25.736847003546561 ], [ -100.18043028332734, 25.738021523386159 ], [ -100.180504602128423, 25.738347194608441 ], [ -100.179960916261379, 25.738549108993229 ], [ -100.179790354053168, 25.738591962022426 ], [ -100.179682908193456, 25.738618956674863 ], [ -100.179244305919028, 25.738923092257213 ], [ -100.17860940255116, 25.739237692231193 ], [ -100.178028536866989, 25.739603774761434 ], [ -100.177455932049867, 25.740034645425297 ], [ -100.177255800794754, 25.740180652518529 ], [ -100.176972648241275, 25.740397344661837 ], [ -100.176748045320792, 25.740703094961987 ], [ -100.176623303655575, 25.740843681853395 ], [ -100.1765362410097, 25.740913750777398 ], [ -100.175800976442176, 25.74138987002895 ], [ -100.175583849065902, 25.740713320790142 ] ] ] } },
{ "type": "Feature", "properties": { "CVEGEO_1": "1900600012274", "Score_Final": 71.075796929450149, "Clasificacion": "Bueno", "Comp_NSE": 81.938164614112068, "Comp_Competencia": 50, "Comp_Accesibilidad": 99.487196572554595, "Comp_Flujo": 50, "Indice_NSE_2025": 74.489240558283697, "Nivel_NSE": "C+", "NSE_Indice_Original": 68.971519035447869, "NSE_Nivel_Original": "C+", "Carnicerias_1km": 35, "Carnicerias_500m": 14, "Carnicerias_2km": 87, "Dist_Competidor_m": 0.0, "Densidad_Competencia_1km": 11.140846016432674, "Densidad_Competencia_500m": 17.82535362629228, "Densidad_Pobl_2025": 5555.0026711425307, "Densidad_Pobl_2010": 4444.002136914024, "Tasa_Crecimiento_Pobl": 0.25, "Porcentaje_Mujeres": 9.1019050498941638, "Poblacion_Total_2010": 3307, "Poblacion_Total_2025": 4133.75, "Num_Cadenas_2km": 42, "Tiene_Cadena_Cerca": 1, "HHI_Concentracion": 291.98044655833007, "Intensidad_Competitiva": 53.25, "Educacion_Normalizado": 30.472636815920396, "Vivienda_Normalizado": 98.479813643715758, "Activos_Normalizado": 84.701834862385326, "Economico_Normalizado": 70.17157932073242, "CVEGEO_2": "1900600010310", "CVE_ENT": "19", "CVE_MUN": "006", "CVE_LOC": "0001", "CVE_ASEN": "0310", "CP": "66634", "FECHA_ACT": "11/2024", "INSTITUCIO": "SECRETARÍA DE DESARROLLO URBANO, OBRAS PÚBLICAS, ECOLOGÍA Y TRANSPORTE DE APODACA", "NOM_ASEN": "ENCINOS RESIDENCIAL SEGUNDO SECTOR", "TIPO": "COLONIA", "Shape_Leng": 2547.82439445, "Shape_Area": 391999.12128000002 }, "geometry": { "type": "MultiPolygon", "coordinates": [ [ [ [ -100.18210906946338, 25.740890374751338 ], [ -100.182106705986385, 25.740887889489152 ], [ -100.182214500651028, 25.740922139807516 ], [ -100.182216693712334, 25.740924569816155 ], [ -100.18210906946338, 25.740890374751338 ] ] ], [ [ [ -100.181297222009974, 25.740465880232456 ], [ -100.181027333040646, 25.740174204600567 ], [ -100.180759933802861, 25.739899062850508 ], [ -100.179508956344833, 25.740736778846031 ], [ -100.179854335924745, 25.740932208467939 ], [ -100.180207097709783, 25.741182973745602 ], [ -100.17987391040603, 25.741383989963428 ], [ -100.179646040284965, 25.74157661059354 ], [ -100.179275781871056, 25.741999705881913 ], [ -100.178880967475081, 25.742461689737514 ], [ -100.17853769266992, 25.742803520344594 ], [ -100.176506964365359, 25.74345238872187 ], [ -100.176299859928292, 25.742847789232354 ], [ -100.176246914959236, 25.742671577115164 ], [ -100.176219310327724, 25.742592312246753 ], [ -100.17591338312161, 25.741690225031878 ], [ -100.175862212314883, 25.741522966940423 ], [ -100.17580349706212, 25.741397724052401 ], [ -100.175800976442176, 25.74138987002895 ], [ -100.1765362410097, 25.740913750777398 ], [ -100.176623303655575, 25.740843681853395 ], [ -100.176748045320792, 25.740703094961987 ], [ -100.176972648241275, 25.740397344661837 ], [ -100.177255800794754, 25.740180652518529 ], [ -100.177455932049867, 25.740034645425297 ], [ -100.178028536866989, 25.739603774761434 ], [ -100.17860940255116, 25.739237692231193 ], [ -100.179244305919028, 25.738923092257213 ], [ -100.179682908193456, 25.738618956674863 ], [ -100.179790354053168, 25.738591962022426 ], [ -100.179871634976067, 25.738657256075648 ], [ -100.179874457464976, 25.738664657080339 ], [ -100.180190893343109, 25.739494381683233 ], [ -100.180324581836217, 25.739545431797215 ], [ -100.180506644964183, 25.739585845154156 ], [ -100.180616137777577, 25.739596929829421 ], [ -100.180645332540237, 25.739599884724349 ], [ -100.180854572048105, 25.739630643696966 ], [ -100.1809523844843, 25.73969347132314 ], [ -100.181070394299368, 25.739805489508708 ], [ -100.181448003761261, 25.740200002605874 ], [ -100.181536365007929, 25.740292317027517 ], [ -100.18154200201262, 25.740298244546519 ], [ -100.181297222009974, 25.740465880232456 ] ] ] ] } },
{ "type": "Feature", "properties": { "CVEGEO_1": "1900600012325", "Score_Final": 60.383008817062112, "Clasificacion": "Bueno", "Comp_NSE": 51.895224979413101, "Comp_Competencia": 50, "Comp_Accesibilidad": 98.598400371337632, "Comp_Flujo": 50, "Indice_NSE_2025": 51.895224979413101, "Nivel_NSE": "C", "NSE_Indice_Original": 48.051134240197314, "NSE_Nivel_Original": "C", "Carnicerias_1km": 16, "Carnicerias_500m": 5, "Carnicerias_2km": 37, "Dist_Competidor_m": 65.826366278269674, "Densidad_Competencia_1km": 5.0929581789406511, "Densidad_Competencia_500m": 6.366197723675814, "Densidad_Pobl_2025": 229.94004964124062, "Densidad_Pobl_2010": 183.9520397129925, "Tasa_Crecimiento_Pobl": 0.25, "Porcentaje_Mujeres": 0.0, "Poblacion_Total_2010": 9, "Poblacion_Total_2025": 11.25, "Num_Cadenas_2km": 16, "Tiene_Cadena_Cerca": 1, "HHI_Concentracion": 504.01753104455798, "Intensidad_Competitiva": 22.25, "Educacion_Normalizado": 64.552238805970148, "Vivienda_Normalizado": 39.335375336229738, "Activos_Normalizado": 28.440366972477065, "Economico_Normalizado": 58.707635106147869, "CVEGEO_2": "1900600010125", "CVE_ENT": "19", "CVE_MUN": "006", "CVE_LOC": "0001", "CVE_ASEN": "0125", "CP": "66646", "FECHA_ACT": "11/2024", "INSTITUCIO": "SECRETARÍA DE DESARROLLO URBANO, OBRAS PÚBLICAS, ECOLOGÍA Y TRANSPORTE DE APODACA", "NOM_ASEN": "MILENIUM RESIDENCIAL", "TIPO": "COLONIA", "Shape_Leng": 2200.04898164, "Shape_Area": 184721.98815300001 }, "geometry": { "type": "Polygon", "coordinates": [ [ [ -100.150014236008403, 25.757606343385817 ], [ -100.150123250873918, 25.757574691323107 ], [ -100.15052895627457, 25.757494844817717 ], [ -100.150947145828511, 25.757412822929929 ], [ -100.151148211363335, 25.757372891493304 ], [ -100.151148906180865, 25.757378639024282 ], [ -100.150955172223604, 25.757417113808788 ], [ -100.150536982990388, 25.757499135663785 ], [ -100.150131276694907, 25.757578981409846 ], [ -100.150012578385358, 25.757613445276824 ], [ -100.150014236008403, 25.757606343385817 ] ] ] } },
{ "type": "Feature", "properties": { "CVEGEO_1": "1900600012325", "Score_Final": 60.383008817062112, "Clasificacion": "Bueno", "Comp_NSE": 51.895224979413101, "Comp_Competencia": 50, "Comp_Accesibilidad": 98.598400371337632, "Comp_Flujo": 50, "Indice_NSE_2025": 51.895224979413101, "Nivel_NSE": "C", "NSE_Indice_Original": 48.051134240197314, "NSE_Nivel_Original": "C", "Carnicerias_1km": 16, "Carnicerias_500m": 5, "Carnicerias_2km": 37, "Dist_Competidor_m": 65.826366278269674, "Densidad_Competencia_1km": 5.0929581789406511, "Densidad_Competencia_500m": 6.366197723675814, "Densidad_Pobl_2025": 229.94004964124062, "Densidad_Pobl_2010": 183.9520397129925, "Tasa_Crecimiento_Pobl": 0.25, "Porcentaje_Mujeres": 0.0, "Poblacion_Total_2010": 9, "Poblacion_Total_2025": 11.25, "Num_Cadenas_2km": 16, "Tiene_Cadena_Cerca": 1, "HHI_Concentracion": 504.01753104455798, "Intensidad_Competitiva": 22.25, "Educacion_Normalizado": 64.552238805970148, "Vivienda_Normalizado": 39.335375336229738, "Activos_Normalizado": 28.440366972477065, "Economico_Normalizado": 58.707635106147869, "CVEGEO_2": "1900600010164", "CVE_ENT": "19", "CVE_MUN": "006", "CVE_LOC": "0001", "CVE_ASEN": "0164", "CP": "66646", "FECHA_ACT": "11/2024", "INSTITUCIO": "SECRETARÍA DE DESARROLLO URBANO, OBRAS PÚBLICAS, ECOLOGÍA Y TRANSPORTE DE APODACA", "NOM_ASEN": "PORTAL DE HUINALÁ", "TIPO": "COLONIA", "Shape_Leng": 1920.8607418199999, "Shape_Area": 200694.46565599999 }, "geometry": { "type": "Polygon", "coordinates": [ [ [ -100.152793141161013, 25.755561382465519 ], [ -100.152936098257896, 25.755687725424778 ], [ -100.152928795748338, 25.755684074620874 ], [ -100.152785183127662, 25.755557154212852 ], [ -100.152793141161013, 25.755561382465519 ] ] ] } },
{ "type": "Feature", "properties": { "CVEGEO_1": "1900600012325", "Score_Final": 60.383008817062112, "Clasificacion": "Bueno", "Comp_NSE": 51.895224979413101, "Comp_Competencia": 50, "Comp_Accesibilidad": 98.598400371337632, "Comp_Flujo": 50, "Indice_NSE_2025": 51.895224979413101, "Nivel_NSE": "C", "NSE_Indice_Original": 48.051134240197314, "NSE_Nivel_Original": "C", "Carnicerias_1km": 16, "Carnicerias_500m": 5, "Carnicerias_2km": 37, "Dist_Competidor_m": 65.826366278269674, "Densidad_Competencia_1km": 5.0929581789406511, "Densidad_Competencia_500m": 6.366197723675814, "Densidad_Pobl_2025": 229.94004964124062, "Densidad_Pobl_2010": 183.9520397129925, "Tasa_Crecimiento_Pobl": 0.25, "Porcentaje_Mujeres": 0.0, "Poblacion_Total_2010": 9, "Poblacion_Total_2025": 11.25, "Num_Cadenas_2km": 16, "Tiene_Cadena_Cerca": 1, "HHI_Concentracion": 504.01753104455798, "Intensidad_Competitiva": 22.25, "Educacion_Normalizado": 64.552238805970148, "Vivienda_Normalizado": 39.335375336229738, "Activos_Normalizado": 28.440366972477065, "Economico_Normalizado": 58.707635106147869, "CVEGEO_2": "1900600010194", "CVE_ENT": "19", "CVE_MUN": "006", "CVE_LOC": "0001", "CVE_ASEN": "0194", "CP": "66646", "FECHA_ACT": "11/2024", "INSTITUCIO": "SECRETARÍA DE DESARROLLO URBANO, OBRAS PÚBLICAS, ECOLOGÍA Y TRANSPORTE DE APODACA", "NOM_ASEN": "SAN ISIDRO I", "TIPO": "COLONIA", "Shape_Leng": 1331.3291442300001, "Shape_Area": 112520.329902 }, "geometry": { "type": "Polygon", "coordinates": [ [ [ -100.15466569007188, 25.756688167582752 ], [ -100.154271562013221, 25.756781094690272 ], [ -100.153856495473121, 25.756858385924872 ], [ -100.153355825071557, 25.756953541769825 ], [ -100.15138508124771, 25.757335853020045 ], [ -100.1511562377828, 25.757377182997633 ], [ -100.151148906180865, 25.757378639024282 ], [ -100.151148211363335, 25.757372891493304 ], [ -100.151377054541044, 25.757331562566979 ], [ -100.15334779917201, 25.756949251035469 ], [ -100.153848469557218, 25.756854095721987 ], [ -100.154263534775268, 25.756776804923977 ], [ -100.154656559996312, 25.756684137183782 ], [ -100.15466569007188, 25.756688167582752 ] ] ] } },
{ "type": "Feature", "properties": { "CVEGEO_1": "1900600012325", "Score_Final": 60.383008817062112, "Clasificacion": "Bueno", "Comp_NSE": 51.895224979413101, "Comp_Competencia": 50, "Comp_Accesibilidad": 98.598400371337632, "Comp_Flujo": 50, "Indice_NSE_2025": 51.895224979413101, "Nivel_NSE": "C", "NSE_Indice_Original": 48.051134240197314, "NSE_Nivel_Original": "C", "Carnicerias_1km": 16, "Carnicerias_500m": 5, "Carnicerias_2km": 37, "Dist_Competidor_m": 65.826366278269674, "Densidad_Competencia_1km": 5.0929581789406511, "Densidad_Competencia_500m": 6.366197723675814, "Densidad_Pobl_2025": 229.94004964124062, "Densidad_Pobl_2010": 183.9520397129925, "Tasa_Crecimiento_Pobl": 0.25, "Porcentaje_Mujeres": 0.0, "Poblacion_Total_2010": 9, "Poblacion_Total_2025": 11.25, "Num_Cadenas_2km": 16, "Tiene_Cadena_Cerca": 1, "HHI_Concentracion": 504.01753104455798, "Intensidad_Competitiva": 22.25, "Educacion_Normalizado": 64.552238805970148, "Vivienda_Normalizado": 39.335375336229738, "Activos_Normalizado": 28.440366972477065, "Economico_Normalizado": 58.707635106147869, "CVEGEO_2": "1900600010334", "CVE_ENT": "19", "CVE_MUN": "006", "CVE_LOC": "0001", "CVE_ASEN": "0334", "CP": "66646", "FECHA_ACT": "11/2024", "INSTITUCIO": "SECRETARÍA DE DESARROLLO URBANO, OBRAS PÚBLICAS, ECOLOGÍA Y TRANSPORTE DE APODACA", "NOM_ASEN": "LOMAS DE SAN ISIDRO", "TIPO": "COLONIA", "Shape_Leng": 1219.16085387, "Shape_Area": 53511.267617199999 }, "geometry": { "type": "Polygon", "coordinates": [ [ [ -100.150094816191356, 25.757261107067158 ], [ -100.150193444749675, 25.757180756712181 ], [ -100.150947561758969, 25.756791902519581 ], [ -100.151456127138118, 25.756512832330731 ], [ -100.151490211146623, 25.756304993874995 ], [ -100.151629585598315, 25.755526195143517 ], [ -100.151718494307403, 25.755029195152684 ], [ -100.152446148015173, 25.755377018486591 ], [ -100.152785183127662, 25.755557154212852 ], [ -100.152928795748338, 25.755684074620874 ], [ -100.152936098257896, 25.755687725424778 ], [ -100.152936821408872, 25.755688364532851 ], [ -100.153110243605568, 25.755949667531763 ], [ -100.154219684251316, 25.756491281873924 ], [ -100.154656559996312, 25.756684137183782 ], [ -100.154263534775268, 25.756776804923977 ], [ -100.153848469557218, 25.756854095721987 ], [ -100.15334779917201, 25.756949251035469 ], [ -100.151377054541044, 25.757331562566979 ], [ -100.151148211363335, 25.757372891493304 ], [ -100.150947145828511, 25.757412822929929 ], [ -100.15052895627457, 25.757494844817717 ], [ -100.150123250873918, 25.757574691323107 ], [ -100.150014236008403, 25.757606343385817 ], [ -100.150094816191356, 25.757261107067158 ] ] ] } },
{ "type": "Feature", "properties": { "CVEGEO_1": "1900600012344", "Score_Final": 72.254637117562552, "Clasificacion": "Bueno", "Comp_NSE": 85.452614350324595, "Comp_Competencia": 50, "Comp_Accesibilidad": 99.23111047474471, "Comp_Flujo": 50, "Indice_NSE_2025": 77.684194863931438, "Nivel_NSE": "C+", "NSE_Indice_Original": 71.929810059195773, "NSE_Nivel_Original": "A/B", "Carnicerias_1km": 12, "Carnicerias_500m": 5, "Carnicerias_2km": 29, "Dist_Competidor_m": 7.0388316309076275, "Densidad_Competencia_1km": 3.8197186342054881, "Densidad_Competencia_500m": 6.366197723675814, "Densidad_Pobl_2025": 6076.8160444150089, "Densidad_Pobl_2010": 4861.4528355320072, "Tasa_Crecimiento_Pobl": 0.25, "Porcentaje_Mujeres": 9.9856321839080451, "Poblacion_Total_2010": 1392, "Poblacion_Total_2025": 1740.0, "Num_Cadenas_2km": 9, "Tiene_Cadena_Cerca": 1, "HHI_Concentracion": 439.95243757431621, "Intensidad_Competitiva": 18.25, "Educacion_Normalizado": 56.467661691542283, "Vivienda_Normalizado": 98.890407417453375, "Activos_Normalizado": 63.201834862385311, "Economico_Normalizado": 72.332254908867043, "CVEGEO_2": "1900600010093", "CVE_ENT": "19", "CVE_MUN": "006", "CVE_LOC": "0001", "CVE_ASEN": "0093", "CP": "66603", "FECHA_ACT": "11/2024", "INSTITUCIO": "SECRETARÍA DE DESARROLLO URBANO, OBRAS PÚBLICAS, ECOLOGÍA Y TRANSPORTE DE APODACA", "NOM_ASEN": "PARQUE INDUSTRIAL KRONOS", "TIPO": "ZONA INDUSTRIAL", "Shape_Leng": 6436.8204981199997, "Shape_Area": 1142901.50312 }, "geometry": { "type": "Polygon", "coordinates": [ [ [ -100.154531941834009, 25.768772147727255 ], [ -100.154596275596077, 25.768896207941214 ], [ -100.154591011557699, 25.768896409787576 ], [ -100.154588248712187, 25.768891915954189 ], [ -100.154523915486138, 25.768767855458766 ], [ -100.154528428200422, 25.768767544133965 ], [ -100.154531941834009, 25.768772147727255 ] ] ] } },
{ "type": "Feature", "properties": { "CVEGEO_1": "1900600012344", "Score_Final": 72.254637117562552, "Clasificacion": "Bueno", "Comp_NSE": 85.452614350324595, "Comp_Competencia": 50, "Comp_Accesibilidad": 99.23111047474471, "Comp_Flujo": 50, "Indice_NSE_2025": 77.684194863931438, "Nivel_NSE": "C+", "NSE_Indice_Original": 71.929810059195773, "NSE_Nivel_Original": "A/B", "Carnicerias_1km": 12, "Carnicerias_500m": 5, "Carnicerias_2km": 29, "Dist_Competidor_m": 7.0388316309076275, "Densidad_Competencia_1km": 3.8197186342054881, "Densidad_Competencia_500m": 6.366197723675814, "Densidad_Pobl_2025": 6076.8160444150089, "Densidad_Pobl_2010": 4861.4528355320072, "Tasa_Crecimiento_Pobl": 0.25, "Porcentaje_Mujeres": 9.9856321839080451, "Poblacion_Total_2010": 1392, "Poblacion_Total_2025": 1740.0, "Num_Cadenas_2km": 9, "Tiene_Cadena_Cerca": 1, "HHI_Concentracion": 439.95243757431621, "Intensidad_Competitiva": 18.25, "Educacion_Normalizado": 56.467661691542283, "Vivienda_Normalizado": 98.890407417453375, "Activos_Normalizado": 63.201834862385311, "Economico_Normalizado": 72.332254908867043, "CVEGEO_2": "1900600010125", "CVE_ENT": "19", "CVE_MUN": "006", "CVE_LOC": "0001", "CVE_ASEN": "0125", "CP": "66646", "FECHA_ACT": "11/2024", "INSTITUCIO": "SECRETARÍA DE DESARROLLO URBANO, OBRAS PÚBLICAS, ECOLOGÍA Y TRANSPORTE DE APODACA", "NOM_ASEN": "MILENIUM RESIDENCIAL", "TIPO": "COLONIA", "Shape_Leng": 2200.04898164, "Shape_Area": 184721.98815300001 }, "geometry": { "type": "Polygon", "coordinates": [ [ [ -100.14916021944542, 25.761635196605337 ], [ -100.149444323405859, 25.762019730328991 ], [ -100.150726821458122, 25.763740586609519 ], [ -100.152178030800101, 25.765687743057452 ], [ -100.152179197139176, 25.765695786788481 ], [ -100.150718795190997, 25.763736294568144 ], [ -100.149436297266206, 25.762015437895059 ], [ -100.149156303382952, 25.761636468085868 ], [ -100.14916021944542, 25.761635196605337 ] ] ] } },
{ "type": "Feature", "properties": { "CVEGEO_1": "1900600012344", "Score_Final": 72.254637117562552, "Clasificacion": "Bueno", "Comp_NSE": 85.452614350324595, "Comp_Competencia": 50, "Comp_Accesibilidad": 99.23111047474471, "Comp_Flujo": 50, "Indice_NSE_2025": 77.684194863931438, "Nivel_NSE": "C+", "NSE_Indice_Original": 71.929810059195773, "NSE_Nivel_Original": "A/B", "Carnicerias_1km": 12, "Carnicerias_500m": 5, "Carnicerias_2km": 29, "Dist_Competidor_m": 7.0388316309076275, "Densidad_Competencia_1km": 3.8197186342054881, "Densidad_Competencia_500m": 6.366197723675814, "Densidad_Pobl_2025": 6076.8160444150089, "Densidad_Pobl_2010": 4861.4528355320072, "Tasa_Crecimiento_Pobl": 0.25, "Porcentaje_Mujeres": 9.9856321839080451, "Poblacion_Total_2010": 1392, "Poblacion_Total_2025": 1740.0, "Num_Cadenas_2km": 9, "Tiene_Cadena_Cerca": 1, "HHI_Concentracion": 439.95243757431621, "Intensidad_Competitiva": 18.25, "Educacion_Normalizado": 56.467661691542283, "Vivienda_Normalizado": 98.890407417453375, "Activos_Normalizado": 63.201834862385311, "Economico_Normalizado": 72.332254908867043, "CVEGEO_2": "1900600010235", "CVE_ENT": "19", "CVE_MUN": "006", "CVE_LOC": "0001", "CVE_ASEN": "0235", "CP": "00000", "FECHA_ACT": "11/2024", "INSTITUCIO": "SECRETARÍA DE DESARROLLO URBANO, OBRAS PÚBLICAS, ECOLOGÍA Y TRANSPORTE DE APODACA", "NOM_ASEN": "NINGUNO", "TIPO": "NINGUNO", "Shape_Leng": 1736.19136488, "Shape_Area": 172890.44372400001 }, "geometry": { "type": "Polygon", "coordinates": [ [ [ -100.152187224353952, 25.765700078484983 ], [ -100.154528428200422, 25.768767544133965 ], [ -100.154523915486138, 25.768767855458766 ], [ -100.152179197139176, 25.765695786788481 ], [ -100.152178030800101, 25.765687743057452 ], [ -100.152187224353952, 25.765700078484983 ] ] ] } },
{ "type": "Feature", "properties": { "CVEGEO_1": "1900600012344", "Score_Final": 72.254637117562552, "Clasificacion": "Bueno", "Comp_NSE": 85.452614350324595, "Comp_Competencia": 50, "Comp_Accesibilidad": 99.23111047474471, "Comp_Flujo": 50, "Indice_NSE_2025": 77.684194863931438, "Nivel_NSE": "C+", "NSE_Indice_Original": 71.929810059195773, "NSE_Nivel_Original": "A/B", "Carnicerias_1km": 12, "Carnicerias_500m": 5, "Carnicerias_2km": 29, "Dist_Competidor_m": 7.0388316309076275, "Densidad_Competencia_1km": 3.8197186342054881, "Densidad_Competencia_500m": 6.366197723675814, "Densidad_Pobl_2025": 6076.8160444150089, "Densidad_Pobl_2010": 4861.4528355320072, "Tasa_Crecimiento_Pobl": 0.25, "Porcentaje_Mujeres": 9.9856321839080451, "Poblacion_Total_2010": 1392, "Poblacion_Total_2025": 1740.0, "Num_Cadenas_2km": 9, "Tiene_Cadena_Cerca": 1, "HHI_Concentracion": 439.95243757431621, "Intensidad_Competitiva": 18.25, "Educacion_Normalizado": 56.467661691542283, "Vivienda_Normalizado": 98.890407417453375, "Activos_Normalizado": 63.201834862385311, "Economico_Normalizado": 72.332254908867043, "CVEGEO_2": "1900600010288", "CVE_ENT": "19", "CVE_MUN": "006", "CVE_LOC": "0001", "CVE_ASEN": "0288", "CP": "66646", "FECHA_ACT": "11/2024", "INSTITUCIO": "SECRETARÍA DE DESARROLLO URBANO, OBRAS PÚBLICAS, ECOLOGÍA Y TRANSPORTE DE APODACA", "NOM_ASEN": "TRÉBOLES", "TIPO": "COLONIA", "Shape_Leng": 5089.2168142500004, "Shape_Area": 727381.484131 }, "geometry": { "type": "Polygon", "coordinates": [ [ [ -100.14668339445781, 25.763140774111257 ], [ -100.147076043011367, 25.763004244749862 ], [ -100.147345866676517, 25.762701760057709 ], [ -100.147665667532763, 25.762408814311861 ], [ -100.147984965545888, 25.762125578460367 ], [ -100.14825571456349, 25.761986092027062 ], [ -100.148793150712208, 25.761754377734775 ], [ -100.149156303382952, 25.761636468085868 ], [ -100.149436297266206, 25.762015437895059 ], [ -100.150718795190997, 25.763736294568144 ], [ -100.152179197139176, 25.765695786788481 ], [ -100.154523915486138, 25.768767855458766 ], [ -100.154588248712187, 25.768891915954189 ], [ -100.154306950998091, 25.768907301917665 ], [ -100.151113069371164, 25.769029769373951 ], [ -100.14944907483121, 25.769115187421775 ], [ -100.149221496907273, 25.767188603178202 ], [ -100.149213738912479, 25.767059281664253 ], [ -100.149597462918621, 25.766930034345592 ], [ -100.149340016864528, 25.766769465286494 ], [ -100.149307597222617, 25.766607117202788 ], [ -100.149223450373839, 25.766475897318561 ], [ -100.148710130127171, 25.765787942407922 ], [ -100.147913495983531, 25.764775307211252 ], [ -100.147030237330242, 25.76353092932878 ], [ -100.146946303601922, 25.763374606093311 ], [ -100.14668339445781, 25.763140774111257 ] ] ] } },
{ "type": "Feature", "properties": { "CVEGEO_1": "1900600012344", "Score_Final": 72.254637117562552, "Clasificacion": "Bueno", "Comp_NSE": 85.452614350324595, "Comp_Competencia": 50, "Comp_Accesibilidad": 99.23111047474471, "Comp_Flujo": 50, "Indice_NSE_2025": 77.684194863931438, "Nivel_NSE": "C+", "NSE_Indice_Original": 71.929810059195773, "NSE_Nivel_Original": "A/B", "Carnicerias_1km": 12, "Carnicerias_500m": 5, "Carnicerias_2km": 29, "Dist_Competidor_m": 7.0388316309076275, "Densidad_Competencia_1km": 3.8197186342054881, "Densidad_Competencia_500m": 6.366197723675814, "Densidad_Pobl_2025": 6076.8160444150089, "Densidad_Pobl_2010": 4861.4528355320072, "Tasa_Crecimiento_Pobl": 0.25, "Porcentaje_Mujeres": 9.9856321839080451, "Poblacion_Total_2010": 1392, "Poblacion_Total_2025": 1740.0, "Num_Cadenas_2km": 9, "Tiene_Cadena_Cerca": 1, "HHI_Concentracion": 439.95243757431621, "Intensidad_Competitiva": 18.25, "Educacion_Normalizado": 56.467661691542283, "Vivienda_Normalizado": 98.890407417453375, "Activos_Normalizado": 63.201834862385311, "Economico_Normalizado": 72.332254908867043, "CVEGEO_2": "1900600010479", "CVE_ENT": "19", "CVE_MUN": "006", "CVE_LOC": "0001", "CVE_ASEN": "0479", "CP": "66626", "FECHA_ACT": "11/2024", "INSTITUCIO": "SECRETARÍA DE DESARROLLO URBANO, OBRAS PÚBLICAS, ECOLOGÍA Y TRANSPORTE DE APODACA", "NOM_ASEN": "PARQUE INDUSTRIAL STIVA", "TIPO": "ZONA INDUSTRIAL", "Shape_Leng": 10942.2945578, "Shape_Area": 5326225.1582000004 }, "geometry": { "type": "MultiPolygon", "coordinates": [ [ [ [ -100.154306950998091, 25.768907301917665 ], [ -100.154588248712187, 25.768891915954189 ], [ -100.154591011557699, 25.768896409787576 ], [ -100.154306950998091, 25.768907301917665 ] ] ], [ [ [ -100.14933741650276, 25.769120919193252 ], [ -100.149221496907273, 25.767188603178202 ], [ -100.14944907483121, 25.769115187421775 ], [ -100.14933741650276, 25.769120919193252 ] ] ] ] } },
{ "type": "Feature", "properties": { "CVEGEO_1": "1900600012359", "Score_Final": 71.756236634681528, "Clasificacion": "Bueno", "Comp_NSE": 84.055501746395606, "Comp_Competencia": 50, "Comp_Accesibilidad": 99.184055117215351, "Comp_Flujo": 50, "Indice_NSE_2025": 76.414092496723271, "Nivel_NSE": "C+", "NSE_Indice_Original": 70.753789348817833, "NSE_Nivel_Original": "A/B", "Carnicerias_1km": 16, "Carnicerias_500m": 14, "Carnicerias_2km": 40, "Dist_Competidor_m": 0.0, "Densidad_Competencia_1km": 5.0929581789406511, "Densidad_Competencia_500m": 17.82535362629228, "Densidad_Pobl_2025": 3038.7510243950728, "Densidad_Pobl_2010": 2431.0008195160585, "Tasa_Crecimiento_Pobl": 0.25, "Porcentaje_Mujeres": 11.339449541284404, "Poblacion_Total_2010": 2725, "Poblacion_Total_2025": 3406.25, "Num_Cadenas_2km": 16, "Tiene_Cadena_Cerca": 1, "HHI_Concentracion": 562.5, "Intensidad_Competitiva": 32.0, "Educacion_Normalizado": 63.805970149253724, "Vivienda_Normalizado": 97.982375896738418, "Activos_Normalizado": 56.266055045871568, "Economico_Normalizado": 65.249452841946095, "CVEGEO_2": "1900600010125", "CVE_ENT": "19", "CVE_MUN": "006", "CVE_LOC": "0001", "CVE_ASEN": "0125", "CP": "66646", "FECHA_ACT": "11/2024", "INSTITUCIO": "SECRETARÍA DE DESARROLLO URBANO, OBRAS PÚBLICAS, ECOLOGÍA Y TRANSPORTE DE APODACA", "NOM_ASEN": "MILENIUM RESIDENCIAL", "TIPO": "COLONIA", "Shape_Leng": 2200.04898164, "Shape_Area": 184721.98815300001 }, "geometry": { "type": "Polygon", "coordinates": [ [ [ -100.147503950593261, 25.759408581044454 ], [ -100.14916021944542, 25.761635196605337 ], [ -100.149156303382952, 25.761636468085868 ], [ -100.149152193477065, 25.761630905356306 ], [ -100.14749592540754, 25.75940429023931 ], [ -100.147499435360487, 25.759402259691605 ], [ -100.147503950593261, 25.759408581044454 ] ] ] } },
{ "type": "Feature", "properties": { "CVEGEO_1": "1900600012359", "Score_Final": 71.756236634681528, "Clasificacion": "Bueno", "Comp_NSE": 84.055501746395606, "Comp_Competencia": 50, "Comp_Accesibilidad": 99.184055117215351, "Comp_Flujo": 50, "Indice_NSE_2025": 76.414092496723271, "Nivel_NSE": "C+", "NSE_Indice_Original": 70.753789348817833, "NSE_Nivel_Original": "A/B", "Carnicerias_1km": 16, "Carnicerias_500m": 14, "Carnicerias_2km": 40, "Dist_Competidor_m": 0.0, "Densidad_Competencia_1km": 5.0929581789406511, "Densidad_Competencia_500m": 17.82535362629228, "Densidad_Pobl_2025": 3038.7510243950728, "Densidad_Pobl_2010": 2431.0008195160585, "Tasa_Crecimiento_Pobl": 0.25, "Porcentaje_Mujeres": 11.339449541284404, "Poblacion_Total_2010": 2725, "Poblacion_Total_2025": 3406.25, "Num_Cadenas_2km": 16, "Tiene_Cadena_Cerca": 1, "HHI_Concentracion": 562.5, "Intensidad_Competitiva": 32.0, "Educacion_Normalizado": 63.805970149253724, "Vivienda_Normalizado": 97.982375896738418, "Activos_Normalizado": 56.266055045871568, "Economico_Normalizado": 65.249452841946095, "CVEGEO_2": "1900600010286", "CVE_ENT": "19", "CVE_MUN": "006", "CVE_LOC": "0001", "CVE_ASEN": "0286", "CP": "66643", "FECHA_ACT": "11/2024", "INSTITUCIO": "SECRETARÍA DE DESARROLLO URBANO, OBRAS PÚBLICAS, ECOLOGÍA Y TRANSPORTE DE APODACA", "NOM_ASEN": "PARQUE INDUSTRIAL LA SILLA", "TIPO": "ZONA INDUSTRIAL", "Shape_Leng": 3771.6716592500002, "Shape_Area": 826957.068295 }, "geometry": { "type": "Polygon", "coordinates": [ [ [ -100.142647717705415, 25.761838925850888 ], [ -100.142643950180016, 25.761838077435392 ], [ -100.142639693543899, 25.761834634130025 ], [ -100.142600680623687, 25.761825848205063 ], [ -100.142373338910602, 25.761616166107551 ], [ -100.140834783259734, 25.760139109180823 ], [ -100.140611790482794, 25.759944453202504 ], [ -100.140540282229949, 25.759880282926563 ], [ -100.139001202302538, 25.758451259854244 ], [ -100.13869324710403, 25.7581576382943 ], [ -100.138134466473346, 25.75764995843684 ], [ -100.137772726951255, 25.757338669037654 ], [ -100.137797795453153, 25.757291740802586 ], [ -100.137470723034284, 25.756977269237385 ], [ -100.135830880403105, 25.755453829730044 ], [ -100.135793386059916, 25.75547584634424 ], [ -100.134334148034242, 25.75410204454651 ], [ -100.134011546378503, 25.753794775207634 ], [ -100.134008011943649, 25.753790413221711 ], [ -100.134003540634438, 25.753766123650436 ], [ -100.134032482064939, 25.753752127396123 ], [ -100.134156706528756, 25.753704122214518 ], [ -100.137619290945949, 25.752287379467795 ], [ -100.138425442710442, 25.751994391573412 ], [ -100.138838134229587, 25.751726417953197 ], [ -100.140261661776407, 25.751348807366309 ], [ -100.140495599943904, 25.751298560455268 ], [ -100.140696868235594, 25.751274650433629 ], [ -100.14107502392099, 25.751256799338108 ], [ -100.142455819542775, 25.751253389233131 ], [ -100.144409307054048, 25.754636633021455 ], [ -100.14604455302981, 25.757367701212665 ], [ -100.147296190771783, 25.759123715520619 ], [ -100.14749592540754, 25.75940429023931 ], [ -100.147349553623059, 25.759568723851075 ], [ -100.147032099208005, 25.759813084874583 ], [ -100.146894444876764, 25.759914166410386 ], [ -100.146865450680892, 25.75993675243673 ], [ -100.146832979435004, 25.759959301399018 ], [ -100.146086821130254, 25.760513542323867 ], [ -100.145504668694514, 25.760796044361875 ], [ -100.145462965030461, 25.760816988376614 ], [ -100.145427506724673, 25.760838119796652 ], [ -100.145133390350907, 25.760998243338687 ], [ -100.145100901480149, 25.761015534767456 ], [ -100.145058455124683, 25.761034610629533 ], [ -100.143625796503926, 25.761728875724245 ], [ -100.143580668178416, 25.761749015400387 ], [ -100.143534233202246, 25.761771574127707 ], [ -100.143222350524596, 25.76191832344799 ], [ -100.143181225669792, 25.761939785183767 ], [ -100.143129583125116, 25.761963815560527 ], [ -100.142954888966855, 25.762045109214153 ], [ -100.142647717705415, 25.761838925850888 ] ] ] } },
{ "type": "Feature", "properties": { "CVEGEO_1": "1900600012359", "Score_Final": 71.756236634681528, "Clasificacion": "Bueno", "Comp_NSE": 84.055501746395606, "Comp_Competencia": 50, "Comp_Accesibilidad": 99.184055117215351, "Comp_Flujo": 50, "Indice_NSE_2025": 76.414092496723271, "Nivel_NSE": "C+", "NSE_Indice_Original": 70.753789348817833, "NSE_Nivel_Original": "A/B", "Carnicerias_1km": 16, "Carnicerias_500m": 14, "Carnicerias_2km": 40, "Dist_Competidor_m": 0.0, "Densidad_Competencia_1km": 5.0929581789406511, "Densidad_Competencia_500m": 17.82535362629228, "Densidad_Pobl_2025": 3038.7510243950728, "Densidad_Pobl_2010": 2431.0008195160585, "Tasa_Crecimiento_Pobl": 0.25, "Porcentaje_Mujeres": 11.339449541284404, "Poblacion_Total_2010": 2725, "Poblacion_Total_2025": 3406.25, "Num_Cadenas_2km": 16, "Tiene_Cadena_Cerca": 1, "HHI_Concentracion": 562.5, "Intensidad_Competitiva": 32.0, "Educacion_Normalizado": 63.805970149253724, "Vivienda_Normalizado": 97.982375896738418, "Activos_Normalizado": 56.266055045871568, "Economico_Normalizado": 65.249452841946095, "CVEGEO_2": "1900600010288", "CVE_ENT": "19", "CVE_MUN": "006", "CVE_LOC": "0001", "CVE_ASEN": "0288", "CP": "66646", "FECHA_ACT": "11/2024", "INSTITUCIO": "SECRETARÍA DE DESARROLLO URBANO, OBRAS PÚBLICAS, ECOLOGÍA Y TRANSPORTE DE APODACA", "NOM_ASEN": "TRÉBOLES", "TIPO": "COLONIA", "Shape_Leng": 5089.2168142500004, "Shape_Area": 727381.484131 }, "geometry": { "type": "Polygon", "coordinates": [ [ [ -100.144040423462911, 25.763777273382054 ], [ -100.144445014232346, 25.763623416139009 ], [ -100.144266529881577, 25.763395126609367 ], [ -100.143306718751433, 25.762113341560159 ], [ -100.143185034087381, 25.761954124827621 ], [ -100.142971816184982, 25.762056471314722 ], [ -100.142954888966855, 25.762045109214153 ], [ -100.143129583125116, 25.761963815560527 ], [ -100.143181225669792, 25.761939785183767 ], [ -100.143222350524596, 25.76191832344799 ], [ -100.143534233202246, 25.761771574127707 ], [ -100.143580668178416, 25.761749015400387 ], [ -100.143625796503926, 25.761728875724245 ], [ -100.145058455124683, 25.761034610629533 ], [ -100.145100901480149, 25.761015534767456 ], [ -100.145133390350907, 25.760998243338687 ], [ -100.145427506724673, 25.760838119796652 ], [ -100.145462965030461, 25.760816988376614 ], [ -100.145504668694514, 25.760796044361875 ], [ -100.146086821130254, 25.760513542323867 ], [ -100.146832979435004, 25.759959301399018 ], [ -100.146865450680892, 25.75993675243673 ], [ -100.146894444876764, 25.759914166410386 ], [ -100.147032099208005, 25.759813084874583 ], [ -100.147349553623059, 25.759568723851075 ], [ -100.14749592540754, 25.75940429023931 ], [ -100.149152193477065, 25.761630905356306 ], [ -100.149156303382952, 25.761636468085868 ], [ -100.148793150712208, 25.761754377734775 ], [ -100.14825571456349, 25.761986092027062 ], [ -100.147984965545888, 25.762125578460367 ], [ -100.147665667532763, 25.762408814311861 ], [ -100.147345866676517, 25.762701760057709 ], [ -100.147076043011367, 25.763004244749862 ], [ -100.14668339445781, 25.763140774111257 ], [ -100.146681944957635, 25.763142330293572 ], [ -100.146675369906134, 25.763136482394827 ], [ -100.14553558039222, 25.76435921040785 ], [ -100.145242260516028, 25.764652368456126 ], [ -100.14494856183012, 25.764945165927699 ], [ -100.144659360524017, 25.765253434394996 ], [ -100.144352056104864, 25.765576139942141 ], [ -100.144062364432713, 25.765884038650668 ], [ -100.143787681330252, 25.766194937049704 ], [ -100.143500601816513, 25.766510362432779 ], [ -100.143196674119423, 25.766786481956284 ], [ -100.142811369420286, 25.766974838282962 ], [ -100.142565870131605, 25.767069575416642 ], [ -100.142383721892656, 25.767132492334284 ], [ -100.142105178993006, 25.767184257840974 ], [ -100.141899603236453, 25.767211073139752 ], [ -100.141400621458516, 25.767236736379921 ], [ -100.140910639877276, 25.767263274640033 ], [ -100.140387052901744, 25.767283898665863 ], [ -100.140383800018739, 25.767289564179507 ], [ -100.140347322068266, 25.767290937582732 ], [ -100.139858282140807, 25.767288436681895 ], [ -100.139561855175259, 25.767536219318909 ], [ -100.139473044827653, 25.767522215999865 ], [ -100.139426831485238, 25.767487836433428 ], [ -100.138970375942492, 25.766919874459255 ], [ -100.138028681185361, 25.76585326081441 ], [ -100.137402266716151, 25.765218497651443 ], [ -100.137324586829592, 25.765154300754631 ], [ -100.137314988737714, 25.765143233865075 ], [ -100.137922689037083, 25.764939116847206 ], [ -100.138184084330618, 25.764821151368903 ], [ -100.138299639626311, 25.764752411690264 ], [ -100.138319406016365, 25.764720069751455 ], [ -100.138563786236048, 25.765707640115409 ], [ -100.139213279614921, 25.76655457219103 ], [ -100.139655038221221, 25.766304102224932 ], [ -100.140008503159478, 25.766095182203667 ], [ -100.140349236547195, 25.765874908226589 ], [ -100.140706661341511, 25.765660033628912 ], [ -100.141086959533652, 25.765431596612132 ], [ -100.141465700742174, 25.765197265852496 ], [ -100.141820743953474, 25.764975345952987 ], [ -100.142164437813065, 25.764755330283624 ], [ -100.141648954525436, 25.764080808354588 ], [ -100.142191935750233, 25.764119381698965 ], [ -100.142614578768274, 25.764164903210673 ], [ -100.142782413621973, 25.764182588256219 ], [ -100.143241752818412, 25.764102199972424 ], [ -100.143437010257387, 25.764014351348159 ], [ -100.143634759149208, 25.763919237235477 ], [ -100.144040423462911, 25.763777273382054 ] ] ] } },
{ "type": "Feature", "properties": { "CVEGEO_1": "1900600012359", "Score_Final": 71.756236634681528, "Clasificacion": "Bueno", "Comp_NSE": 84.055501746395606, "Comp_Competencia": 50, "Comp_Accesibilidad": 99.184055117215351, "Comp_Flujo": 50, "Indice_NSE_2025": 76.414092496723271, "Nivel_NSE": "C+", "NSE_Indice_Original": 70.753789348817833, "NSE_Nivel_Original": "A/B", "Carnicerias_1km": 16, "Carnicerias_500m": 14, "Carnicerias_2km": 40, "Dist_Competidor_m": 0.0, "Densidad_Competencia_1km": 5.0929581789406511, "Densidad_Competencia_500m": 17.82535362629228, "Densidad_Pobl_2025": 3038.7510243950728, "Densidad_Pobl_2010": 2431.0008195160585, "Tasa_Crecimiento_Pobl": 0.25, "Porcentaje_Mujeres": 11.339449541284404, "Poblacion_Total_2010": 2725, "Poblacion_Total_2025": 3406.25, "Num_Cadenas_2km": 16, "Tiene_Cadena_Cerca": 1, "HHI_Concentracion": 562.5, "Intensidad_Competitiva": 32.0, "Educacion_Normalizado": 63.805970149253724, "Vivienda_Normalizado": 97.982375896738418, "Activos_Normalizado": 56.266055045871568, "Economico_Normalizado": 65.249452841946095, "CVEGEO_2": "1900600010443", "CVE_ENT": "19", "CVE_MUN": "006", "CVE_LOC": "0001", "CVE_ASEN": "0443", "CP": "66643", "FECHA_ACT": "11/2024", "INSTITUCIO": "SECRETARÍA DE DESARROLLO URBANO, OBRAS PÚBLICAS, ECOLOGÍA Y TRANSPORTE DE APODACA", "NOM_ASEN": "PASEO DE LAS FLORES TERCER SECTOR", "TIPO": "FRACCIONAMIENTO", "Shape_Leng": 2308.0234209099999, "Shape_Area": 202943.37431300001 }, "geometry": { "type": "MultiPolygon", "coordinates": [ [ [ [ -100.142604245649494, 25.761829136304186 ], [ -100.142600680623687, 25.761825848205063 ], [ -100.142639693543899, 25.761834634130025 ], [ -100.142643950180016, 25.761838077435392 ], [ -100.142604245649494, 25.761829136304186 ] ] ], [ [ [ -100.138262585730033, 25.764490452023296 ], [ -100.138286874116503, 25.764588604364359 ], [ -100.138220332069508, 25.764550052014926 ], [ -100.138201400759613, 25.764534975124949 ], [ -100.138262585730033, 25.764490452023296 ] ] ] ] } },
{ "type": "Feature", "properties": { "CVEGEO_1": "1900600012359", "Score_Final": 71.756236634681528, "Clasificacion": "Bueno", "Comp_NSE": 84.055501746395606, "Comp_Competencia": 50, "Comp_Accesibilidad": 99.184055117215351, "Comp_Flujo": 50, "Indice_NSE_2025": 76.414092496723271, "Nivel_NSE": "C+", "NSE_Indice_Original": 70.753789348817833, "NSE_Nivel_Original": "A/B", "Carnicerias_1km": 16, "Carnicerias_500m": 14, "Carnicerias_2km": 40, "Dist_Competidor_m": 0.0, "Densidad_Competencia_1km": 5.0929581789406511, "Densidad_Competencia_500m": 17.82535362629228, "Densidad_Pobl_2025": 3038.7510243950728, "Densidad_Pobl_2010": 2431.0008195160585, "Tasa_Crecimiento_Pobl": 0.25, "Porcentaje_Mujeres": 11.339449541284404, "Poblacion_Total_2010": 2725, "Poblacion_Total_2025": 3406.25, "Num_Cadenas_2km": 16, "Tiene_Cadena_Cerca": 1, "HHI_Concentracion": 562.5, "Intensidad_Competitiva": 32.0, "Educacion_Normalizado": 63.805970149253724, "Vivienda_Normalizado": 97.982375896738418, "Activos_Normalizado": 56.266055045871568, "Economico_Normalizado": 65.249452841946095, "CVEGEO_2": "1900600010479", "CVE_ENT": "19", "CVE_MUN": "006", "CVE_LOC": "0001", "CVE_ASEN": "0479", "CP": "66626", "FECHA_ACT": "11/2024", "INSTITUCIO": "SECRETARÍA DE DESARROLLO URBANO, OBRAS PÚBLICAS, ECOLOGÍA Y TRANSPORTE DE APODACA", "NOM_ASEN": "PARQUE INDUSTRIAL STIVA", "TIPO": "ZONA INDUSTRIAL", "Shape_Leng": 10942.2945578, "Shape_Area": 5326225.1582000004 }, "geometry": { "type": "MultiPolygon", "coordinates": [ [ [ [ -100.145517838215852, 25.764392114428905 ], [ -100.145218786478978, 25.76468886359989 ], [ -100.144914384837747, 25.764992500069653 ], [ -100.144636289799678, 25.765292182903405 ], [ -100.14434432219025, 25.765597882897797 ], [ -100.144054980466294, 25.765905655522555 ], [ -100.143756839427752, 25.766244313713379 ], [ -100.143474487536452, 25.766552915150815 ], [ -100.14317662106042, 25.766816588512089 ], [ -100.142778505305046, 25.766998800385796 ], [ -100.142573893058014, 25.767074824105578 ], [ -100.142358474049075, 25.767149236717415 ], [ -100.142113198529984, 25.767189499883084 ], [ -100.141862740833403, 25.76722217196393 ], [ -100.141366282226159, 25.767243836276602 ], [ -100.14086623423627, 25.767271400420228 ], [ -100.140383800018739, 25.767289564179507 ], [ -100.140387052901744, 25.767283898665863 ], [ -100.140910639877276, 25.767263274640033 ], [ -100.141400621458516, 25.767236736379921 ], [ -100.141899603236453, 25.767211073139752 ], [ -100.142105178993006, 25.767184257840974 ], [ -100.142383721892656, 25.767132492334284 ], [ -100.142565870131605, 25.767069575416642 ], [ -100.142811369420286, 25.766974838282962 ], [ -100.143196674119423, 25.766786481956284 ], [ -100.143500601816513, 25.766510362432779 ], [ -100.143787681330252, 25.766194937049704 ], [ -100.144062364432713, 25.765884038650668 ], [ -100.144352056104864, 25.765576139942141 ], [ -100.144659360524017, 25.765253434394996 ], [ -100.14494856183012, 25.764945165927699 ], [ -100.145242260516028, 25.764652368456126 ], [ -100.14553558039222, 25.76435921040785 ], [ -100.146675369906134, 25.763136482394827 ], [ -100.146681944957635, 25.763142330293572 ], [ -100.145517838215852, 25.764392114428905 ] ] ], [ [ [ -100.139363212838191, 25.767504898058526 ], [ -100.137324586829592, 25.765154300754631 ], [ -100.137402266716151, 25.765218497651443 ], [ -100.138028681185361, 25.76585326081441 ], [ -100.138970375942492, 25.766919874459255 ], [ -100.139426831485238, 25.767487836433428 ], [ -100.139473044827653, 25.767522215999865 ], [ -100.139363212838191, 25.767504898058526 ] ] ] ] } },
{ "type": "Feature", "properties": { "CVEGEO_1": "1900600012363", "Score_Final": 72.588415932355048, "Clasificacion": "Bueno", "Comp_NSE": 86.494684187923383, "Comp_Competencia": 50, "Comp_Accesibilidad": 99.076382332909347, "Comp_Flujo": 50, "Indice_NSE_2025": 78.63153107993034, "Nivel_NSE": "C+", "NSE_Indice_Original": 72.806973222157723, "NSE_Nivel_Original": "A/B", "Carnicerias_1km": 12, "Carnicerias_500m": 10, "Carnicerias_2km": 30, "Dist_Competidor_m": 0.0, "Densidad_Competencia_1km": 3.8197186342054881, "Densidad_Competencia_500m": 12.732395447351628, "Densidad_Pobl_2025": 10525.952686059989, "Densidad_Pobl_2010": 8420.7621488479908, "Tasa_Crecimiento_Pobl": 0.25, "Porcentaje_Mujeres": 10.46373365041617, "Poblacion_Total_2010": 2523, "Poblacion_Total_2025": 3153.75, "Num_Cadenas_2km": 9, "Tiene_Cadena_Cerca": 1, "HHI_Concentracion": 488.88888888888891, "Intensidad_Competitiva": 23.5, "Educacion_Normalizado": 71.268656716417908, "Vivienda_Normalizado": 98.657950752376252, "Activos_Normalizado": 55.252293577981646, "Economico_Normalizado": 64.744075623214343, "CVEGEO_2": "1900600010286", "CVE_ENT": "19", "CVE_MUN": "006", "CVE_LOC": "0001", "CVE_ASEN": "0286", "CP": "66643", "FECHA_ACT": "11/2024", "INSTITUCIO": "SECRETARÍA DE DESARROLLO URBANO, OBRAS PÚBLICAS, ECOLOGÍA Y TRANSPORTE DE APODACA", "NOM_ASEN": "PARQUE INDUSTRIAL LA SILLA", "TIPO": "ZONA INDUSTRIAL", "Shape_Leng": 3771.6716592500002, "Shape_Area": 826957.068295 }, "geometry": { "type": "MultiPolygon", "coordinates": [ [ [ [ -100.140611790482794, 25.759944453202504 ], [ -100.140834783259734, 25.760139109180823 ], [ -100.142373338910602, 25.761616166107551 ], [ -100.142600680623687, 25.761825848205063 ], [ -100.142596221087743, 25.761824843892953 ], [ -100.142428510854131, 25.761670175712013 ], [ -100.14093968633577, 25.76024235484919 ], [ -100.140603756784344, 25.759939218529013 ], [ -100.140540282229949, 25.759880282926563 ], [ -100.140611790482794, 25.759944453202504 ] ] ], [ [ [ -100.142647717705415, 25.761838925850888 ], [ -100.142954888966855, 25.762045109214153 ], [ -100.142919975579602, 25.762061356104368 ], [ -100.142834731131387, 25.761992405185339 ], [ -100.142643950180016, 25.761838077435392 ], [ -100.142647717705415, 25.761838925850888 ] ] ] ] } },
{ "type": "Feature", "properties": { "CVEGEO_1": "1900600012363", "Score_Final": 72.588415932355048, "Clasificacion": "Bueno", "Comp_NSE": 86.494684187923383, "Comp_Competencia": 50, "Comp_Accesibilidad": 99.076382332909347, "Comp_Flujo": 50, "Indice_NSE_2025": 78.63153107993034, "Nivel_NSE": "C+", "NSE_Indice_Original": 72.806973222157723, "NSE_Nivel_Original": "A/B", "Carnicerias_1km": 12, "Carnicerias_500m": 10, "Carnicerias_2km": 30, "Dist_Competidor_m": 0.0, "Densidad_Competencia_1km": 3.8197186342054881, "Densidad_Competencia_500m": 12.732395447351628, "Densidad_Pobl_2025": 10525.952686059989, "Densidad_Pobl_2010": 8420.7621488479908, "Tasa_Crecimiento_Pobl": 0.25, "Porcentaje_Mujeres": 10.46373365041617, "Poblacion_Total_2010": 2523, "Poblacion_Total_2025": 3153.75, "Num_Cadenas_2km": 9, "Tiene_Cadena_Cerca": 1, "HHI_Concentracion": 488.88888888888891, "Intensidad_Competitiva": 23.5, "Educacion_Normalizado": 71.268656716417908, "Vivienda_Normalizado": 98.657950752376252, "Activos_Normalizado": 55.252293577981646, "Economico_Normalizado": 64.744075623214343, "CVEGEO_2": "1900600010288", "CVE_ENT": "19", "CVE_MUN": "006", "CVE_LOC": "0001", "CVE_ASEN": "0288", "CP": "66646", "FECHA_ACT": "11/2024", "INSTITUCIO": "SECRETARÍA DE DESARROLLO URBANO, OBRAS PÚBLICAS, ECOLOGÍA Y TRANSPORTE DE APODACA", "NOM_ASEN": "TRÉBOLES", "TIPO": "COLONIA", "Shape_Leng": 5089.2168142500004, "Shape_Area": 727381.484131 }, "geometry": { "type": "Polygon", "coordinates": [ [ [ -100.142971816184982, 25.762056471314722 ], [ -100.143185034087381, 25.761954124827621 ], [ -100.143306718751433, 25.762113341560159 ], [ -100.144266529881577, 25.763395126609367 ], [ -100.144445014232346, 25.763623416139009 ], [ -100.144040423462911, 25.763777273382054 ], [ -100.143634759149208, 25.763919237235477 ], [ -100.143437010257387, 25.764014351348159 ], [ -100.143241752818412, 25.764102199972424 ], [ -100.142782413621973, 25.764182588256219 ], [ -100.142614578768274, 25.764164903210673 ], [ -100.142191935750233, 25.764119381698965 ], [ -100.141648954525436, 25.764080808354588 ], [ -100.142164437813065, 25.764755330283624 ], [ -100.141820743953474, 25.764975345952987 ], [ -100.141465700742174, 25.765197265852496 ], [ -100.141086959533652, 25.765431596612132 ], [ -100.140706661341511, 25.765660033628912 ], [ -100.140349236547195, 25.765874908226589 ], [ -100.140008503159478, 25.766095182203667 ], [ -100.139655038221221, 25.766304102224932 ], [ -100.139213279614921, 25.76655457219103 ], [ -100.138563786236048, 25.765707640115409 ], [ -100.138319406016365, 25.764720069751455 ], [ -100.138332361538673, 25.764698871813508 ], [ -100.138370238503683, 25.764636903043606 ], [ -100.138511156403069, 25.764429016172961 ], [ -100.138554969895097, 25.764367537968504 ], [ -100.1388191176097, 25.76399687267206 ], [ -100.13937004764756, 25.763377925641024 ], [ -100.139635699940186, 25.763336315072213 ], [ -100.139448962798198, 25.763129252836986 ], [ -100.139519239701187, 25.763059279569426 ], [ -100.139559226375908, 25.763097197380556 ], [ -100.139760690492352, 25.763057444754857 ], [ -100.140039062722025, 25.763049915514294 ], [ -100.140529067162291, 25.762976475886266 ], [ -100.140746686262545, 25.762932019342259 ], [ -100.141054394661893, 25.762795821496997 ], [ -100.141205857398276, 25.762730405292945 ], [ -100.141365937664062, 25.762655492234707 ], [ -100.142834731131387, 25.761992405185339 ], [ -100.142919975579602, 25.762061356104368 ], [ -100.142954888966855, 25.762045109214153 ], [ -100.142971816184982, 25.762056471314722 ] ] ] } },
{ "type": "Feature", "properties": { "CVEGEO_1": "1900600012363", "Score_Final": 72.588415932355048, "Clasificacion": "Bueno", "Comp_NSE": 86.494684187923383, "Comp_Competencia": 50, "Comp_Accesibilidad": 99.076382332909347, "Comp_Flujo": 50, "Indice_NSE_2025": 78.63153107993034, "Nivel_NSE": "C+", "NSE_Indice_Original": 72.806973222157723, "NSE_Nivel_Original": "A/B", "Carnicerias_1km": 12, "Carnicerias_500m": 10, "Carnicerias_2km": 30, "Dist_Competidor_m": 0.0, "Densidad_Competencia_1km": 3.8197186342054881, "Densidad_Competencia_500m": 12.732395447351628, "Densidad_Pobl_2025": 10525.952686059989, "Densidad_Pobl_2010": 8420.7621488479908, "Tasa_Crecimiento_Pobl": 0.25, "Porcentaje_Mujeres": 10.46373365041617, "Poblacion_Total_2010": 2523, "Poblacion_Total_2025": 3153.75, "Num_Cadenas_2km": 9, "Tiene_Cadena_Cerca": 1, "HHI_Concentracion": 488.88888888888891, "Intensidad_Competitiva": 23.5, "Educacion_Normalizado": 71.268656716417908, "Vivienda_Normalizado": 98.657950752376252, "Activos_Normalizado": 55.252293577981646, "Economico_Normalizado": 64.744075623214343, "CVEGEO_2": "1900600010443", "CVE_ENT": "19", "CVE_MUN": "006", "CVE_LOC": "0001", "CVE_ASEN": "0443", "CP": "66643", "FECHA_ACT": "11/2024", "INSTITUCIO": "SECRETARÍA DE DESARROLLO URBANO, OBRAS PÚBLICAS, ECOLOGÍA Y TRANSPORTE DE APODACA", "NOM_ASEN": "PASEO DE LAS FLORES TERCER SECTOR", "TIPO": "FRACCIONAMIENTO", "Shape_Leng": 2308.0234209099999, "Shape_Area": 202943.37431300001 }, "geometry": { "type": "MultiPolygon", "coordinates": [ [ [ [ -100.137077909829145, 25.760044014665908 ], [ -100.137111346057665, 25.760136421427841 ], [ -100.137144751795773, 25.760246244709641 ], [ -100.137400645020293, 25.760697051570869 ], [ -100.137718253780832, 25.761057872836528 ], [ -100.138003488487328, 25.761347759151668 ], [ -100.138334416417095, 25.761666979179765 ], [ -100.138379819468227, 25.761716468091088 ], [ -100.138588863609428, 25.761536429973702 ], [ -100.139271683537061, 25.760945610266184 ], [ -100.139568773857263, 25.760686771210686 ], [ -100.13990249414806, 25.760435459958092 ], [ -100.140270403980892, 25.760228771084677 ], [ -100.140603756784344, 25.759939218529013 ], [ -100.14093968633577, 25.76024235484919 ], [ -100.142428510854131, 25.761670175712013 ], [ -100.142596221087743, 25.761824843892953 ], [ -100.142600680623687, 25.761825848205063 ], [ -100.142604245649494, 25.761829136304186 ], [ -100.142643950180016, 25.761838077435392 ], [ -100.142834731131387, 25.761992405185339 ], [ -100.141365937664062, 25.762655492234707 ], [ -100.141205857398276, 25.762730405292945 ], [ -100.141054394661893, 25.762795821496997 ], [ -100.140746686262545, 25.762932019342259 ], [ -100.140529067162291, 25.762976475886266 ], [ -100.140039062722025, 25.763049915514294 ], [ -100.139760690492352, 25.763057444754857 ], [ -100.139559226375908, 25.763097197380556 ], [ -100.139519239701187, 25.763059279569426 ], [ -100.139448962798198, 25.763129252836986 ], [ -100.139337365367368, 25.763005508769641 ], [ -100.139028225013988, 25.762701380758994 ], [ -100.138650964709669, 25.762329739191649 ], [ -100.138338546881599, 25.762022876728714 ], [ -100.138175452766987, 25.76186191645203 ], [ -100.137694409286595, 25.761389165155439 ], [ -100.137543786012785, 25.761238374283653 ], [ -100.137435400736834, 25.761085653271699 ], [ -100.13728872356873, 25.760786336261056 ], [ -100.137075244360815, 25.760264223207532 ], [ -100.136999679513494, 25.760079410557452 ], [ -100.137077909829145, 25.760044014665908 ] ] ], [ [ [ -100.138262585730033, 25.764490452023296 ], [ -100.138740720423513, 25.764084948656848 ], [ -100.1388191176097, 25.76399687267206 ], [ -100.138554969895097, 25.764367537968504 ], [ -100.138511156403069, 25.764429016172961 ], [ -100.138370238503683, 25.764636903043606 ], [ -100.138286874116503, 25.764588604364359 ], [ -100.138262585730033, 25.764490452023296 ] ] ] ] } },
{ "type": "Feature", "properties": { "CVEGEO_1": "1900600012378", "Score_Final": 71.696151356979357, "Clasificacion": "Bueno", "Comp_NSE": 84.248247776819753, "Comp_Competencia": 50, "Comp_Accesibilidad": 98.546323175462177, "Comp_Flujo": 50, "Indice_NSE_2025": 76.589316160745227, "Nivel_NSE": "C+", "NSE_Indice_Original": 70.9160334821715, "NSE_Nivel_Original": "A/B", "Carnicerias_1km": 10, "Carnicerias_500m": 7, "Carnicerias_2km": 27, "Dist_Competidor_m": 0.0, "Densidad_Competencia_1km": 3.183098861837907, "Densidad_Competencia_500m": 8.91267681314614, "Densidad_Pobl_2025": 17699.680540745281, "Densidad_Pobl_2010": 14159.744432596226, "Tasa_Crecimiento_Pobl": 0.25, "Porcentaje_Mujeres": 9.0766823161189372, "Poblacion_Total_2010": 4473, "Poblacion_Total_2025": 5591.25, "Num_Cadenas_2km": 11, "Tiene_Cadena_Cerca": 1, "HHI_Concentracion": 699.58847736625512, "Intensidad_Competitiva": 18.75, "Educacion_Normalizado": 67.786069651741286, "Vivienda_Normalizado": 99.201976949801335, "Activos_Normalizado": 55.669724770642205, "Economico_Normalizado": 59.311435782691156, "CVEGEO_2": "1900600010286", "CVE_ENT": "19", "CVE_MUN": "006", "CVE_LOC": "0001", "CVE_ASEN": "0286", "CP": "66643", "FECHA_ACT": "11/2024", "INSTITUCIO": "SECRETARÍA DE DESARROLLO URBANO, OBRAS PÚBLICAS, ECOLOGÍA Y TRANSPORTE DE APODACA", "NOM_ASEN": "PARQUE INDUSTRIAL LA SILLA", "TIPO": "ZONA INDUSTRIAL", "Shape_Leng": 3771.6716592500002, "Shape_Area": 826957.068295 }, "geometry": { "type": "MultiPolygon", "coordinates": [ [ [ [ -100.134156706528756, 25.753704122214518 ], [ -100.134032482064939, 25.753752127396123 ], [ -100.134143337980575, 25.753698516791502 ], [ -100.134156706528756, 25.753704122214518 ] ] ], [ [ [ -100.134011546378503, 25.753794775207634 ], [ -100.134008234168419, 25.753791620417243 ], [ -100.134008011943649, 25.753790413221711 ], [ -100.134011546378503, 25.753794775207634 ] ] ], [ [ [ -100.135793386059916, 25.75547584634424 ], [ -100.135768286503165, 25.755490584761041 ], [ -100.134909708455169, 25.754650250257409 ], [ -100.134334148034242, 25.75410204454651 ], [ -100.135793386059916, 25.75547584634424 ] ] ] ] } },
{ "type": "Feature", "properties": { "CVEGEO_1": "1900600012378", "Score_Final": 71.696151356979357, "Clasificacion": "Bueno", "Comp_NSE": 84.248247776819753, "Comp_Competencia": 50, "Comp_Accesibilidad": 98.546323175462177, "Comp_Flujo": 50, "Indice_NSE_2025": 76.589316160745227, "Nivel_NSE": "C+", "NSE_Indice_Original": 70.9160334821715, "NSE_Nivel_Original": "A/B", "Carnicerias_1km": 10, "Carnicerias_500m": 7, "Carnicerias_2km": 27, "Dist_Competidor_m": 0.0, "Densidad_Competencia_1km": 3.183098861837907, "Densidad_Competencia_500m": 8.91267681314614, "Densidad_Pobl_2025": 17699.680540745281, "Densidad_Pobl_2010": 14159.744432596226, "Tasa_Crecimiento_Pobl": 0.25, "Porcentaje_Mujeres": 9.0766823161189372, "Poblacion_Total_2010": 4473, "Poblacion_Total_2025": 5591.25, "Num_Cadenas_2km": 11, "Tiene_Cadena_Cerca": 1, "HHI_Concentracion": 699.58847736625512, "Intensidad_Competitiva": 18.75, "Educacion_Normalizado": 67.786069651741286, "Vivienda_Normalizado": 99.201976949801335, "Activos_Normalizado": 55.669724770642205, "Economico_Normalizado": 59.311435782691156, "CVEGEO_2": "1900600010443", "CVE_ENT": "19", "CVE_MUN": "006", "CVE_LOC": "0001", "CVE_ASEN": "0443", "CP": "66643", "FECHA_ACT": "11/2024", "INSTITUCIO": "SECRETARÍA DE DESARROLLO URBANO, OBRAS PÚBLICAS, ECOLOGÍA Y TRANSPORTE DE APODACA", "NOM_ASEN": "PASEO DE LAS FLORES TERCER SECTOR", "TIPO": "FRACCIONAMIENTO", "Shape_Leng": 2308.0234209099999, "Shape_Area": 202943.37431300001 }, "geometry": { "type": "Polygon", "coordinates": [ [ [ -100.136877397247389, 25.759763622730457 ], [ -100.136769879789938, 25.759625988548571 ], [ -100.136927800829113, 25.75963030993335 ], [ -100.136992258335866, 25.759792333599684 ], [ -100.137072186260468, 25.760028196600558 ], [ -100.137077909829145, 25.760044014665908 ], [ -100.136999679513494, 25.760079410557452 ], [ -100.136877397247389, 25.759763622730457 ] ] ] } },
{ "type": "Feature", "properties": { "CVEGEO_1": "1900600012471", "Score_Final": 44.633854860098054, "Clasificacion": "Aceptable", "Comp_NSE": 6.9858314348804971, "Comp_Competencia": 50, "Comp_Accesibilidad": 98.444069289449374, "Comp_Flujo": 50, "Indice_NSE_2025": 6.9858314348804971, "Nivel_NSE": "D/E", "NSE_Indice_Original": 6.4683624397041637, "NSE_Nivel_Original": "D/E", "Carnicerias_1km": 10, "Carnicerias_500m": 8, "Carnicerias_2km": 18, "Dist_Competidor_m": 126.14692250488437, "Densidad_Competencia_1km": 3.183098861837907, "Densidad_Competencia_500m": 10.185916357881302, "Densidad_Pobl_2025": 0.0, "Densidad_Pobl_2010": 0.0, "Tasa_Crecimiento_Pobl": null, "Porcentaje_Mujeres": null, "Poblacion_Total_2010": 0, "Poblacion_Total_2025": 0.0, "Num_Cadenas_2km": 6, "Tiene_Cadena_Cerca": 1, "HHI_Concentracion": 679.01234567901224, "Intensidad_Competitiva": 17.5, "Educacion_Normalizado": 1.2437810945273626, "Vivienda_Normalizado": 7.8022183986262066, "Activos_Normalizado": 0.91743119266055051, "Economico_Normalizado": 19.576578567621326, "CVEGEO_2": "1900600010443", "CVE_ENT": "19", "CVE_MUN": "006", "CVE_LOC": "0001", "CVE_ASEN": "0443", "CP": "66643", "FECHA_ACT": "11/2024", "INSTITUCIO": "SECRETARÍA DE DESARROLLO URBANO, OBRAS PÚBLICAS, ECOLOGÍA Y TRANSPORTE DE APODACA", "NOM_ASEN": "PASEO DE LAS FLORES TERCER SECTOR", "TIPO": "FRACCIONAMIENTO", "Shape_Leng": 2308.0234209099999, "Shape_Area": 202943.37431300001 }, "geometry": { "type": "Polygon", "coordinates": [ [ [ -100.136158352532107, 25.76143194894486 ], [ -100.135969566642785, 25.761666387652692 ], [ -100.135522938041731, 25.760670730019449 ], [ -100.135781306269109, 25.760488914468951 ], [ -100.136751454853353, 25.759625484364701 ], [ -100.136769879789938, 25.759625988548571 ], [ -100.136877397247389, 25.759763622730457 ], [ -100.136999679513494, 25.760079410557452 ], [ -100.137075244360815, 25.760264223207532 ], [ -100.136601837636917, 25.76086714319668 ], [ -100.136158352532107, 25.76143194894486 ] ] ] } },
{ "type": "Feature", "properties": { "CVEGEO_1": "1900600012490", "Score_Final": 68.407932167204166, "Clasificacion": "Bueno", "Comp_NSE": 74.469287020040525, "Comp_Competencia": 50, "Comp_Accesibilidad": 99.218408550949945, "Comp_Flujo": 50, "Indice_NSE_2025": 67.699351836400467, "Nivel_NSE": "C+", "NSE_Indice_Original": 62.684585033704131, "NSE_Nivel_Original": "C+", "Carnicerias_1km": 6, "Carnicerias_500m": 0, "Carnicerias_2km": 24, "Dist_Competidor_m": 752.44418396796607, "Densidad_Competencia_1km": 1.909859317102744, "Densidad_Competencia_500m": 0.0, "Densidad_Pobl_2025": 228.50435714709116, "Densidad_Pobl_2010": 182.80348571767294, "Tasa_Crecimiento_Pobl": 0.25, "Porcentaje_Mujeres": 19.047619047619047, "Poblacion_Total_2010": 21, "Poblacion_Total_2025": 26.25, "Num_Cadenas_2km": 6, "Tiene_Cadena_Cerca": 1, "HHI_Concentracion": 416.66666666666657, "Intensidad_Competitiva": 9.0, "Educacion_Normalizado": 11.194029850746269, "Vivienda_Normalizado": 99.607415374795906, "Activos_Normalizado": 91.743119266055047, "Economico_Normalizado": 57.443712091337574, "CVEGEO_2": "1900600010017", "CVE_ENT": "19", "CVE_MUN": "006", "CVE_LOC": "0001", "CVE_ASEN": "0017", "CP": "66600", "FECHA_ACT": "11/2024", "INSTITUCIO": "SECRETARÍA DE DESARROLLO URBANO, OBRAS PÚBLICAS, ECOLOGÍA Y TRANSPORTE DE APODACA", "NOM_ASEN": "CABECERA MUNICIPAL (APODACA)", "TIPO": "COLONIA", "Shape_Leng": 10463.263806000001, "Shape_Area": 1836887.27205 }, "geometry": { "type": "Polygon", "coordinates": [ [ [ -100.201751477497808, 25.776710822975957 ], [ -100.200953300800933, 25.776075939865454 ], [ -100.200225216096428, 25.775505004510187 ], [ -100.200297452780731, 25.775432082851545 ], [ -100.200382898483468, 25.77538992209514 ], [ -100.200479993607402, 25.775552802818826 ], [ -100.200486198191342, 25.775559096117206 ], [ -100.200708495838953, 25.775784565956439 ], [ -100.200990922836567, 25.776040752194291 ], [ -100.201804465386886, 25.776700796851888 ], [ -100.202037208331163, 25.776889656751088 ], [ -100.202162484716368, 25.777037653308149 ], [ -100.201751477497808, 25.776710822975957 ] ] ] } },
{ "type": "Feature", "properties": { "CVEGEO_1": "1900603892626", "Score_Final": 71.609344226216834, "Clasificacion": "Bueno", "Comp_NSE": 83.918934528492699, "Comp_Competencia": 50, "Comp_Accesibilidad": 98.688585706221943, "Comp_Flujo": 50, "Indice_NSE_2025": 76.289940480447896, "Nivel_NSE": "C+", "NSE_Indice_Original": 70.638833778192492, "NSE_Nivel_Original": "A/B", "Carnicerias_1km": 12, "Carnicerias_500m": 2, "Carnicerias_2km": 45, "Dist_Competidor_m": 0.0, "Densidad_Competencia_1km": 3.8197186342054881, "Densidad_Competencia_500m": 2.5464790894703255, "Densidad_Pobl_2025": 15934.667506254154, "Densidad_Pobl_2010": 12747.734005003324, "Tasa_Crecimiento_Pobl": 0.25, "Porcentaje_Mujeres": 8.0534351145038165, "Poblacion_Total_2010": 2620, "Poblacion_Total_2025": 3275.0, "Num_Cadenas_2km": 19, "Tiene_Cadena_Cerca": 1, "HHI_Concentracion": 479.01234567901247, "Intensidad_Competitiva": 19.25, "Educacion_Normalizado": 57.835820895522382, "Vivienda_Normalizado": 96.956417358502179, "Activos_Normalizado": 64.495412844036707, "Economico_Normalizado": 64.62564979450525, "CVEGEO_2": "1900600010449", "CVE_ENT": "19", "CVE_MUN": "006", "CVE_LOC": "0001", "CVE_ASEN": "0449", "CP": "66646", "FECHA_ACT": "11/2024", "INSTITUCIO": "SECRETARÍA DE DESARROLLO URBANO, OBRAS PÚBLICAS, ECOLOGÍA Y TRANSPORTE DE APODACA", "NOM_ASEN": "SAN BENITO", "TIPO": "FRACCIONAMIENTO", "Shape_Leng": 1930.6870828000001, "Shape_Area": 211276.24677600001 }, "geometry": { "type": "Polygon", "coordinates": [ [ [ -100.150932316390154, 25.748259328727624 ], [ -100.151156865016389, 25.74833257511462 ], [ -100.151195749470645, 25.748355348742184 ], [ -100.150932316390154, 25.748259328727624 ] ] ] } },
{ "type": "Feature", "properties": { "CVEGEO_1": "1900603892626", "Score_Final": 71.609344226216834, "Clasificacion": "Bueno", "Comp_NSE": 83.918934528492699, "Comp_Competencia": 50, "Comp_Accesibilidad": 98.688585706221943, "Comp_Flujo": 50, "Indice_NSE_2025": 76.289940480447896, "Nivel_NSE": "C+", "NSE_Indice_Original": 70.638833778192492, "NSE_Nivel_Original": "A/B", "Carnicerias_1km": 12, "Carnicerias_500m": 2, "Carnicerias_2km": 45, "Dist_Competidor_m": 0.0, "Densidad_Competencia_1km": 3.8197186342054881, "Densidad_Competencia_500m": 2.5464790894703255, "Densidad_Pobl_2025": 15934.667506254154, "Densidad_Pobl_2010": 12747.734005003324, "Tasa_Crecimiento_Pobl": 0.25, "Porcentaje_Mujeres": 8.0534351145038165, "Poblacion_Total_2010": 2620, "Poblacion_Total_2025": 3275.0, "Num_Cadenas_2km": 19, "Tiene_Cadena_Cerca": 1, "HHI_Concentracion": 479.01234567901247, "Intensidad_Competitiva": 19.25, "Educacion_Normalizado": 57.835820895522382, "Vivienda_Normalizado": 96.956417358502179, "Activos_Normalizado": 64.495412844036707, "Economico_Normalizado": 64.62564979450525, "CVEGEO_2": "1900600010481", "CVE_ENT": "19", "CVE_MUN": "006", "CVE_LOC": "0001", "CVE_ASEN": "0481", "CP": "66646", "FECHA_ACT": "11/2024", "INSTITUCIO": "SECRETARÍA DE DESARROLLO URBANO, OBRAS PÚBLICAS, ECOLOGÍA Y TRANSPORTE DE APODACA", "NOM_ASEN": "PRIVADAS CANTERAS", "TIPO": "FRACCIONAMIENTO", "Shape_Leng": 2391.5833352499999, "Shape_Area": 250492.49694899999 }, "geometry": { "type": "Polygon", "coordinates": [ [ [ -100.149275970089192, 25.743489602473144 ], [ -100.149303816151757, 25.743489000937345 ], [ -100.149270975972257, 25.743498770860043 ], [ -100.14927074801318, 25.743497760507669 ], [ -100.149275970089192, 25.743489602473144 ] ] ] } },
{ "type": "Feature", "properties": { "CVEGEO_1": "1900603892626", "Score_Final": 71.609344226216834, "Clasificacion": "Bueno", "Comp_NSE": 83.918934528492699, "Comp_Competencia": 50, "Comp_Accesibilidad": 98.688585706221943, "Comp_Flujo": 50, "Indice_NSE_2025": 76.289940480447896, "Nivel_NSE": "C+", "NSE_Indice_Original": 70.638833778192492, "NSE_Nivel_Original": "A/B", "Carnicerias_1km": 12, "Carnicerias_500m": 2, "Carnicerias_2km": 45, "Dist_Competidor_m": 0.0, "Densidad_Competencia_1km": 3.8197186342054881, "Densidad_Competencia_500m": 2.5464790894703255, "Densidad_Pobl_2025": 15934.667506254154, "Densidad_Pobl_2010": 12747.734005003324, "Tasa_Crecimiento_Pobl": 0.25, "Porcentaje_Mujeres": 8.0534351145038165, "Poblacion_Total_2010": 2620, "Poblacion_Total_2025": 3275.0, "Num_Cadenas_2km": 19, "Tiene_Cadena_Cerca": 1, "HHI_Concentracion": 479.01234567901247, "Intensidad_Competitiva": 19.25, "Educacion_Normalizado": 57.835820895522382, "Vivienda_Normalizado": 96.956417358502179, "Activos_Normalizado": 64.495412844036707, "Economico_Normalizado": 64.62564979450525, "CVEGEO_2": "1900603890001", "CVE_ENT": "19", "CVE_MUN": "006", "CVE_LOC": "0389", "CVE_ASEN": "0001", "CP": "66646", "FECHA_ACT": "11/2024", "INSTITUCIO": "SECRETARÍA DE DESARROLLO URBANO, OBRAS PÚBLICAS, ECOLOGÍA Y TRANSPORTE DE APODACA", "NOM_ASEN": "LOS COLIBRÍES", "TIPO": "COLONIA", "Shape_Leng": 1845.3156261199999, "Shape_Area": 170244.70222000001 }, "geometry": { "type": "Polygon", "coordinates": [ [ [ -100.147978289946451, 25.745516865075853 ], [ -100.149270015128948, 25.743498905434475 ], [ -100.149270975972257, 25.743498770860043 ], [ -100.149303816151757, 25.743489000937345 ], [ -100.151168151423377, 25.743448727221679 ], [ -100.151351542008044, 25.74346530726655 ], [ -100.151326943958637, 25.743520124056896 ], [ -100.15132708865373, 25.743631965532625 ], [ -100.151324673620138, 25.743705526689137 ], [ -100.151328854769915, 25.744002666591765 ], [ -100.151321237950071, 25.744044711899466 ], [ -100.151326238729155, 25.744094712051719 ], [ -100.151295347315582, 25.744267639223992 ], [ -100.151283614059309, 25.744411306787658 ], [ -100.151274859870398, 25.744454171435709 ], [ -100.151277901844878, 25.744514296325328 ], [ -100.151154329017928, 25.744817926154688 ], [ -100.151122970691162, 25.744838735058678 ], [ -100.150895756922054, 25.745088350235985 ], [ -100.150856179205789, 25.745110218632966 ], [ -100.150578661947094, 25.745420574193535 ], [ -100.150298823011894, 25.745733523340615 ], [ -100.150246769565925, 25.745791734802875 ], [ -100.150154406852792, 25.745895023515718 ], [ -100.150166168959615, 25.745909956775396 ], [ -100.147978289946451, 25.745516865075853 ] ] ] } },
{ "type": "Feature", "properties": { "CVEGEO_1": "1900603892626", "Score_Final": 71.609344226216834, "Clasificacion": "Bueno", "Comp_NSE": 83.918934528492699, "Comp_Competencia": 50, "Comp_Accesibilidad": 98.688585706221943, "Comp_Flujo": 50, "Indice_NSE_2025": 76.289940480447896, "Nivel_NSE": "C+", "NSE_Indice_Original": 70.638833778192492, "NSE_Nivel_Original": "A/B", "Carnicerias_1km": 12, "Carnicerias_500m": 2, "Carnicerias_2km": 45, "Dist_Competidor_m": 0.0, "Densidad_Competencia_1km": 3.8197186342054881, "Densidad_Competencia_500m": 2.5464790894703255, "Densidad_Pobl_2025": 15934.667506254154, "Densidad_Pobl_2010": 12747.734005003324, "Tasa_Crecimiento_Pobl": 0.25, "Porcentaje_Mujeres": 8.0534351145038165, "Poblacion_Total_2010": 2620, "Poblacion_Total_2025": 3275.0, "Num_Cadenas_2km": 19, "Tiene_Cadena_Cerca": 1, "HHI_Concentracion": 479.01234567901247, "Intensidad_Competitiva": 19.25, "Educacion_Normalizado": 57.835820895522382, "Vivienda_Normalizado": 96.956417358502179, "Activos_Normalizado": 64.495412844036707, "Economico_Normalizado": 64.62564979450525, "CVEGEO_2": "1900603890002", "CVE_ENT": "19", "CVE_MUN": "006", "CVE_LOC": "0389", "CVE_ASEN": "0002", "CP": "66646", "FECHA_ACT": "11/2024", "INSTITUCIO": "SECRETARÍA DE DESARROLLO URBANO, OBRAS PÚBLICAS, ECOLOGÍA Y TRANSPORTE DE APODACA", "NOM_ASEN": "MISIÓN DE SAN JAVIER", "TIPO": "FRACCIONAMIENTO", "Shape_Leng": 1733.53712795, "Shape_Area": 145518.68638599999 }, "geometry": { "type": "Polygon", "coordinates": [ [ [ -100.152658088760006, 25.743444954539882 ], [ -100.152762925474548, 25.743444639607777 ], [ -100.152862476000649, 25.743464351003936 ], [ -100.153313329572171, 25.743724112489332 ], [ -100.153793798870055, 25.744027990819816 ], [ -100.153738815938155, 25.744069298779781 ], [ -100.153626962984603, 25.744150222987539 ], [ -100.153491704882441, 25.744226708762813 ], [ -100.153442299414877, 25.744273928671575 ], [ -100.153357819674895, 25.744372541389609 ], [ -100.153356938085096, 25.744386623649564 ], [ -100.153355457067519, 25.744388063330561 ], [ -100.153055085618703, 25.74460586680615 ], [ -100.153071502059404, 25.744673893497311 ], [ -100.153203153266503, 25.745131291672617 ], [ -100.153218876325667, 25.745174701269626 ], [ -100.153324432720126, 25.745539187435245 ], [ -100.153340162560454, 25.745593537419872 ], [ -100.153349868411297, 25.745626968654982 ], [ -100.153437595491454, 25.745924775681335 ], [ -100.153475482217857, 25.745913774663812 ], [ -100.153518716115641, 25.746060064037163 ], [ -100.153631817260361, 25.746427656708505 ], [ -100.153646946250163, 25.746479966130124 ], [ -100.153644617489974, 25.746510202524895 ], [ -100.153622757053597, 25.746913840025773 ], [ -100.153602404171394, 25.747297535300383 ], [ -100.153509412492468, 25.747267469345118 ], [ -100.153469251095302, 25.747325305271872 ], [ -100.153176528772036, 25.747545488831239 ], [ -100.152976834240079, 25.747638725628928 ], [ -100.152439939255288, 25.747983027860851 ], [ -100.1522894144003, 25.748086214074188 ], [ -100.152204993973442, 25.748158368224122 ], [ -100.152127797277359, 25.748225108347039 ], [ -100.151998548627319, 25.748379354863907 ], [ -100.151891368573089, 25.748484085931381 ], [ -100.151669562885644, 25.748615135484091 ], [ -100.151594691841865, 25.748646614205658 ], [ -100.151420283164128, 25.748471799363323 ], [ -100.151278112699273, 25.748385369719038 ], [ -100.151195749470645, 25.748355348742184 ], [ -100.151156865016389, 25.74833257511462 ], [ -100.150932316390154, 25.748259328727624 ], [ -100.15082806625766, 25.748221330085915 ], [ -100.15058739843613, 25.748203615869201 ], [ -100.150367718147976, 25.748251993988355 ], [ -100.150247702878033, 25.748007891505647 ], [ -100.150100084150125, 25.747840549128664 ], [ -100.150040282029948, 25.747699938813849 ], [ -100.15000680801576, 25.747629433074387 ], [ -100.149985529105024, 25.747589580608381 ], [ -100.149951601029983, 25.747501328185081 ], [ -100.149941668615526, 25.747377072227167 ], [ -100.1499370930444, 25.747250827820849 ], [ -100.149958684175033, 25.747106119668278 ], [ -100.150041396132153, 25.746994073504805 ], [ -100.150284858572704, 25.746811717595776 ], [ -100.150705815544256, 25.746494276991953 ], [ -100.150592677747284, 25.746358958946615 ], [ -100.150384329103858, 25.746212588483594 ], [ -100.150412613162359, 25.746183907458832 ], [ -100.150172118526896, 25.745911025721853 ], [ -100.150166168959615, 25.745909956775396 ], [ -100.150154406852792, 25.745895023515718 ], [ -100.150246769565925, 25.745791734802875 ], [ -100.150298823011894, 25.745733523340615 ], [ -100.150578661947094, 25.745420574193535 ], [ -100.150856179205789, 25.745110218632966 ], [ -100.150895756922054, 25.745088350235985 ], [ -100.151122970691162, 25.744838735058678 ], [ -100.151154329017928, 25.744817926154688 ], [ -100.151277901844878, 25.744514296325328 ], [ -100.151274859870398, 25.744454171435709 ], [ -100.151283614059309, 25.744411306787658 ], [ -100.151295347315582, 25.744267639223992 ], [ -100.151326238729155, 25.744094712051719 ], [ -100.151321237950071, 25.744044711899466 ], [ -100.151328854769915, 25.744002666591765 ], [ -100.151324673620138, 25.743705526689137 ], [ -100.15132708865373, 25.743631965532625 ], [ -100.151326943958637, 25.743520124056896 ], [ -100.151351542008044, 25.74346530726655 ], [ -100.151399667387793, 25.74346965820396 ], [ -100.152360377964143, 25.743449310142562 ], [ -100.152658088760006, 25.743444954539882 ] ] ] } },
{ "type": "Feature", "properties": { "CVEGEO_1": "1900603892626", "Score_Final": 71.609344226216834, "Clasificacion": "Bueno", "Comp_NSE": 83.918934528492699, "Comp_Competencia": 50, "Comp_Accesibilidad": 98.688585706221943, "Comp_Flujo": 50, "Indice_NSE_2025": 76.289940480447896, "Nivel_NSE": "C+", "NSE_Indice_Original": 70.638833778192492, "NSE_Nivel_Original": "A/B", "Carnicerias_1km": 12, "Carnicerias_500m": 2, "Carnicerias_2km": 45, "Dist_Competidor_m": 0.0, "Densidad_Competencia_1km": 3.8197186342054881, "Densidad_Competencia_500m": 2.5464790894703255, "Densidad_Pobl_2025": 15934.667506254154, "Densidad_Pobl_2010": 12747.734005003324, "Tasa_Crecimiento_Pobl": 0.25, "Porcentaje_Mujeres": 8.0534351145038165, "Poblacion_Total_2010": 2620, "Poblacion_Total_2025": 3275.0, "Num_Cadenas_2km": 19, "Tiene_Cadena_Cerca": 1, "HHI_Concentracion": 479.01234567901247, "Intensidad_Competitiva": 19.25, "Educacion_Normalizado": 57.835820895522382, "Vivienda_Normalizado": 96.956417358502179, "Activos_Normalizado": 64.495412844036707, "Economico_Normalizado": 64.62564979450525, "CVEGEO_2": "1900603890003", "CVE_ENT": "19", "CVE_MUN": "006", "CVE_LOC": "0389", "CVE_ASEN": "0003", "CP": "66646", "FECHA_ACT": "11/2024", "INSTITUCIO": "SECRETARÍA DE DESARROLLO URBANO, OBRAS PÚBLICAS, ECOLOGÍA Y TRANSPORTE DE APODACA", "NOM_ASEN": "PRIVADA DOMINIO", "TIPO": "FRACCIONAMIENTO", "Shape_Leng": 1468.8160857600001, "Shape_Area": 107713.54102400001 }, "geometry": { "type": "MultiPolygon", "coordinates": [ [ [ [ -100.153738815938155, 25.744069298779781 ], [ -100.153793798870055, 25.744027990819816 ], [ -100.153806941185437, 25.744020011018577 ], [ -100.153738815938155, 25.744069298779781 ] ] ], [ [ [ -100.153355459697622, 25.744410238982692 ], [ -100.153100714217672, 25.744642549070477 ], [ -100.15307952835964, 25.74467818042277 ], [ -100.153221191142094, 25.745139094733407 ], [ -100.153226902770015, 25.745178989662652 ], [ -100.153344711012082, 25.745547985096465 ], [ -100.153358846974214, 25.745592261160361 ], [ -100.153372079160022, 25.745633798979327 ], [ -100.153445919811006, 25.745865595280602 ], [ -100.153484928319017, 25.745868700860704 ], [ -100.153526742131447, 25.746064352925941 ], [ -100.153631817260361, 25.746427656708505 ], [ -100.153518716115641, 25.746060064037163 ], [ -100.153475482217857, 25.745913774663812 ], [ -100.153437595491454, 25.745924775681335 ], [ -100.153349868411297, 25.745626968654982 ], [ -100.153340162560454, 25.745593537419872 ], [ -100.153324432720126, 25.745539187435245 ], [ -100.153218876325667, 25.745174701269626 ], [ -100.153203153266503, 25.745131291672617 ], [ -100.153071502059404, 25.744673893497311 ], [ -100.153055085618703, 25.74460586680615 ], [ -100.153355457067519, 25.744388063330561 ], [ -100.153356938085096, 25.744386623649564 ], [ -100.153355459697622, 25.744410238982692 ] ] ] ] } },
{ "type": "Feature", "properties": { "CVEGEO_1": "1900603892626", "Score_Final": 71.609344226216834, "Clasificacion": "Bueno", "Comp_NSE": 83.918934528492699, "Comp_Competencia": 50, "Comp_Accesibilidad": 98.688585706221943, "Comp_Flujo": 50, "Indice_NSE_2025": 76.289940480447896, "Nivel_NSE": "C+", "NSE_Indice_Original": 70.638833778192492, "NSE_Nivel_Original": "A/B", "Carnicerias_1km": 12, "Carnicerias_500m": 2, "Carnicerias_2km": 45, "Dist_Competidor_m": 0.0, "Densidad_Competencia_1km": 3.8197186342054881, "Densidad_Competencia_500m": 2.5464790894703255, "Densidad_Pobl_2025": 15934.667506254154, "Densidad_Pobl_2010": 12747.734005003324, "Tasa_Crecimiento_Pobl": 0.25, "Porcentaje_Mujeres": 8.0534351145038165, "Poblacion_Total_2010": 2620, "Poblacion_Total_2025": 3275.0, "Num_Cadenas_2km": 19, "Tiene_Cadena_Cerca": 1, "HHI_Concentracion": 479.01234567901247, "Intensidad_Competitiva": 19.25, "Educacion_Normalizado": 57.835820895522382, "Vivienda_Normalizado": 96.956417358502179, "Activos_Normalizado": 64.495412844036707, "Economico_Normalizado": 64.62564979450525, "CVEGEO_2": "1900603890004", "CVE_ENT": "19", "CVE_MUN": "006", "CVE_LOC": "0389", "CVE_ASEN": "0004", "CP": "66644", "FECHA_ACT": "11/2024", "INSTITUCIO": "SECRETARÍA DE DESARROLLO URBANO, OBRAS PÚBLICAS, ECOLOGÍA Y TRANSPORTE DE APODACA", "NOM_ASEN": "RIBERAS DE HUINALÁ", "TIPO": "FRACCIONAMIENTO", "Shape_Leng": 878.05361053199999, "Shape_Area": 33596.895561999998 }, "geometry": { "type": "Polygon", "coordinates": [ [ [ -100.153741600713175, 25.743970862997177 ], [ -100.153810717141738, 25.744017279161596 ], [ -100.153806941185437, 25.744020011018577 ], [ -100.153793798870055, 25.744027990819816 ], [ -100.153313329572171, 25.743724112489332 ], [ -100.153741600713175, 25.743970862997177 ] ] ] } },
{ "type": "Feature", "properties": { "CVEGEO_1": "1900603892626", "Score_Final": 71.609344226216834, "Clasificacion": "Bueno", "Comp_NSE": 83.918934528492699, "Comp_Competencia": 50, "Comp_Accesibilidad": 98.688585706221943, "Comp_Flujo": 50, "Indice_NSE_2025": 76.289940480447896, "Nivel_NSE": "C+", "NSE_Indice_Original": 70.638833778192492, "NSE_Nivel_Original": "A/B", "Carnicerias_1km": 12, "Carnicerias_500m": 2, "Carnicerias_2km": 45, "Dist_Competidor_m": 0.0, "Densidad_Competencia_1km": 3.8197186342054881, "Densidad_Competencia_500m": 2.5464790894703255, "Densidad_Pobl_2025": 15934.667506254154, "Densidad_Pobl_2010": 12747.734005003324, "Tasa_Crecimiento_Pobl": 0.25, "Porcentaje_Mujeres": 8.0534351145038165, "Poblacion_Total_2010": 2620, "Poblacion_Total_2025": 3275.0, "Num_Cadenas_2km": 19, "Tiene_Cadena_Cerca": 1, "HHI_Concentracion": 479.01234567901247, "Intensidad_Competitiva": 19.25, "Educacion_Normalizado": 57.835820895522382, "Vivienda_Normalizado": 96.956417358502179, "Activos_Normalizado": 64.495412844036707, "Economico_Normalizado": 64.62564979450525, "CVEGEO_2": "1900603890005", "CVE_ENT": "19", "CVE_MUN": "006", "CVE_LOC": "0389", "CVE_ASEN": "0005", "CP": "66646", "FECHA_ACT": "11/2024", "INSTITUCIO": "SECRETARÍA DE DESARROLLO URBANO, OBRAS PÚBLICAS, ECOLOGÍA Y TRANSPORTE DE APODACA", "NOM_ASEN": "RESIDENCIAL SAN BENITO", "TIPO": "FRACCIONAMIENTO", "Shape_Leng": 2077.39667134, "Shape_Area": 135113.72892299999 }, "geometry": { "type": "Polygon", "coordinates": [ [ [ -100.153601489273754, 25.747314783073961 ], [ -100.15351899962242, 25.747285346481593 ], [ -100.153477278141523, 25.747329593964338 ], [ -100.1531845551809, 25.747549777284927 ], [ -100.152984861675833, 25.747643013774567 ], [ -100.152864681531597, 25.747737175582333 ], [ -100.15275275561423, 25.747814895848101 ], [ -100.152647364379874, 25.747885248957854 ], [ -100.152447964936613, 25.747987316220105 ], [ -100.152297440673351, 25.748090502449294 ], [ -100.152213021277021, 25.748162657300245 ], [ -100.152135823876264, 25.748229397317637 ], [ -100.152006575227205, 25.74838364411346 ], [ -100.151899394610666, 25.74848837405996 ], [ -100.151759468959398, 25.74865034237942 ], [ -100.151602566336251, 25.748654507038236 ], [ -100.151594691841865, 25.748646614205658 ], [ -100.151669562885644, 25.748615135484091 ], [ -100.151891368573089, 25.748484085931381 ], [ -100.151998548627319, 25.748379354863907 ], [ -100.152127797277359, 25.748225108347039 ], [ -100.152204993973442, 25.748158368224122 ], [ -100.1522894144003, 25.748086214074188 ], [ -100.152439939255288, 25.747983027860851 ], [ -100.152976834240079, 25.747638725628928 ], [ -100.153176528772036, 25.747545488831239 ], [ -100.153469251095302, 25.747325305271872 ], [ -100.153509412492468, 25.747267469345118 ], [ -100.153602404171394, 25.747297535300383 ], [ -100.153601489273754, 25.747314783073961 ] ] ] } },
{ "type": "Feature", "properties": { "CVEGEO_1": "1900603892630", "Score_Final": 66.595778415822068, "Clasificacion": "Bueno", "Comp_NSE": 69.581584253945891, "Comp_Competencia": 50, "Comp_Accesibilidad": 98.711119634705042, "Comp_Flujo": 50, "Indice_NSE_2025": 63.255985685405356, "Nivel_NSE": "C+", "NSE_Indice_Original": 58.570357116116064, "NSE_Nivel_Original": "C+", "Carnicerias_1km": 17, "Carnicerias_500m": 6, "Carnicerias_2km": 40, "Dist_Competidor_m": 0.0, "Densidad_Competencia_1km": 5.4112680651244416, "Densidad_Competencia_500m": 7.6394372684109761, "Densidad_Pobl_2025": 280.08799381519304, "Densidad_Pobl_2010": 224.07039505215445, "Tasa_Crecimiento_Pobl": 0.25, "Porcentaje_Mujeres": 8.5714285714285712, "Poblacion_Total_2010": 35, "Poblacion_Total_2025": 43.75, "Num_Cadenas_2km": 19, "Tiene_Cadena_Cerca": 1, "HHI_Concentracion": 512.5, "Intensidad_Competitiva": 24.5, "Educacion_Normalizado": 3.7313432835820901, "Vivienda_Normalizado": 99.607415374795906, "Activos_Normalizado": 73.302752293577981, "Economico_Normalizado": 71.117061069739819, "CVEGEO_2": "1900600010071", "CVE_ENT": "19", "CVE_MUN": "006", "CVE_LOC": "0001", "CVE_ASEN": "0071", "CP": "66640", "FECHA_ACT": "11/2024", "INSTITUCIO": "SECRETARÍA DE DESARROLLO URBANO, OBRAS PÚBLICAS, ECOLOGÍA Y TRANSPORTE DE APODACA", "NOM_ASEN": "HUINALÁ", "TIPO": "COLONIA", "Shape_Leng": 7098.8413938399999, "Shape_Area": 975235.65223200002 }, "geometry": { "type": "Polygon", "coordinates": [ [ [ -100.155742179137619, 25.742860277167093 ], [ -100.155707165934501, 25.74287774496851 ], [ -100.155688681538948, 25.742830296211071 ], [ -100.155681721624646, 25.742812429504802 ], [ -100.155742179137619, 25.742860277167093 ] ] ] } },
{ "type": "Feature", "properties": { "CVEGEO_1": "1900603892630", "Score_Final": 66.595778415822068, "Clasificacion": "Bueno", "Comp_NSE": 69.581584253945891, "Comp_Competencia": 50, "Comp_Accesibilidad": 98.711119634705042, "Comp_Flujo": 50, "Indice_NSE_2025": 63.255985685405356, "Nivel_NSE": "C+", "NSE_Indice_Original": 58.570357116116064, "NSE_Nivel_Original": "C+", "Carnicerias_1km": 17, "Carnicerias_500m": 6, "Carnicerias_2km": 40, "Dist_Competidor_m": 0.0, "Densidad_Competencia_1km": 5.4112680651244416, "Densidad_Competencia_500m": 7.6394372684109761, "Densidad_Pobl_2025": 280.08799381519304, "Densidad_Pobl_2010": 224.07039505215445, "Tasa_Crecimiento_Pobl": 0.25, "Porcentaje_Mujeres": 8.5714285714285712, "Poblacion_Total_2010": 35, "Poblacion_Total_2025": 43.75, "Num_Cadenas_2km": 19, "Tiene_Cadena_Cerca": 1, "HHI_Concentracion": 512.5, "Intensidad_Competitiva": 24.5, "Educacion_Normalizado": 3.7313432835820901, "Vivienda_Normalizado": 99.607415374795906, "Activos_Normalizado": 73.302752293577981, "Economico_Normalizado": 71.117061069739819, "CVEGEO_2": "1900600010481", "CVE_ENT": "19", "CVE_MUN": "006", "CVE_LOC": "0001", "CVE_ASEN": "0481", "CP": "66646", "FECHA_ACT": "11/2024", "INSTITUCIO": "SECRETARÍA DE DESARROLLO URBANO, OBRAS PÚBLICAS, ECOLOGÍA Y TRANSPORTE DE APODACA", "NOM_ASEN": "PRIVADAS CANTERAS", "TIPO": "FRACCIONAMIENTO", "Shape_Leng": 2391.5833352499999, "Shape_Area": 250492.49694899999 }, "geometry": { "type": "Polygon", "coordinates": [ [ [ -100.152496225683109, 25.74330606995337 ], [ -100.153779918378206, 25.741307292508541 ], [ -100.153935830291928, 25.741430685288492 ], [ -100.153788489619586, 25.741661411729474 ], [ -100.152779618947946, 25.743241620219681 ], [ -100.152650065333773, 25.74344066693704 ], [ -100.152371336050194, 25.743437755746715 ], [ -100.152496225683109, 25.74330606995337 ] ] ] } },
{ "type": "Feature", "properties": { "CVEGEO_1": "1900603892630", "Score_Final": 66.595778415822068, "Clasificacion": "Bueno", "Comp_NSE": 69.581584253945891, "Comp_Competencia": 50, "Comp_Accesibilidad": 98.711119634705042, "Comp_Flujo": 50, "Indice_NSE_2025": 63.255985685405356, "Nivel_NSE": "C+", "NSE_Indice_Original": 58.570357116116064, "NSE_Nivel_Original": "C+", "Carnicerias_1km": 17, "Carnicerias_500m": 6, "Carnicerias_2km": 40, "Dist_Competidor_m": 0.0, "Densidad_Competencia_1km": 5.4112680651244416, "Densidad_Competencia_500m": 7.6394372684109761, "Densidad_Pobl_2025": 280.08799381519304, "Densidad_Pobl_2010": 224.07039505215445, "Tasa_Crecimiento_Pobl": 0.25, "Porcentaje_Mujeres": 8.5714285714285712, "Poblacion_Total_2010": 35, "Poblacion_Total_2025": 43.75, "Num_Cadenas_2km": 19, "Tiene_Cadena_Cerca": 1, "HHI_Concentracion": 512.5, "Intensidad_Competitiva": 24.5, "Educacion_Normalizado": 3.7313432835820901, "Vivienda_Normalizado": 99.607415374795906, "Activos_Normalizado": 73.302752293577981, "Economico_Normalizado": 71.117061069739819, "CVEGEO_2": "1900603890002", "CVE_ENT": "19", "CVE_MUN": "006", "CVE_LOC": "0389", "CVE_ASEN": "0002", "CP": "66646", "FECHA_ACT": "11/2024", "INSTITUCIO": "SECRETARÍA DE DESARROLLO URBANO, OBRAS PÚBLICAS, ECOLOGÍA Y TRANSPORTE DE APODACA", "NOM_ASEN": "MISIÓN DE SAN JAVIER", "TIPO": "FRACCIONAMIENTO", "Shape_Leng": 1733.53712795, "Shape_Area": 145518.68638599999 }, "geometry": { "type": "MultiPolygon", "coordinates": [ [ [ [ -100.152371336051985, 25.743437755744825 ], [ -100.152650063331109, 25.743440666913685 ], [ -100.152754900317703, 25.74344035165592 ], [ -100.152895992932613, 25.743460163134316 ], [ -100.153313329572171, 25.743724112489332 ], [ -100.152862476000649, 25.743464351003936 ], [ -100.152762925474548, 25.743444639607777 ], [ -100.152658088760006, 25.743444954539882 ], [ -100.152360377964143, 25.743449310142562 ], [ -100.152371336051985, 25.743437755744825 ] ] ], [ [ [ -100.153622757053597, 25.746913840025773 ], [ -100.153644617489974, 25.746510202524895 ], [ -100.153646946250163, 25.746479966130124 ], [ -100.153631817260361, 25.746427656708505 ], [ -100.1536569934742, 25.746509482508952 ], [ -100.153674635009068, 25.746612403198043 ], [ -100.15364616019842, 25.746914503793374 ], [ -100.153619827723276, 25.747303168661748 ], [ -100.153602404171394, 25.747297535300383 ], [ -100.153622757053597, 25.746913840025773 ] ] ], [ [ [ -100.153357819674895, 25.744372541389609 ], [ -100.153442299414877, 25.744273928671575 ], [ -100.153491704882441, 25.744226708762813 ], [ -100.153626962984603, 25.744150222987539 ], [ -100.153738815938155, 25.744069298779781 ], [ -100.153494731232783, 25.744252676436982 ], [ -100.153356938085096, 25.744386623649564 ], [ -100.153357819674895, 25.744372541389609 ] ] ] ] } },
{ "type": "Feature", "properties": { "CVEGEO_1": "1900603892630", "Score_Final": 66.595778415822068, "Clasificacion": "Bueno", "Comp_NSE": 69.581584253945891, "Comp_Competencia": 50, "Comp_Accesibilidad": 98.711119634705042, "Comp_Flujo": 50, "Indice_NSE_2025": 63.255985685405356, "Nivel_NSE": "C+", "NSE_Indice_Original": 58.570357116116064, "NSE_Nivel_Original": "C+", "Carnicerias_1km": 17, "Carnicerias_500m": 6, "Carnicerias_2km": 40, "Dist_Competidor_m": 0.0, "Densidad_Competencia_1km": 5.4112680651244416, "Densidad_Competencia_500m": 7.6394372684109761, "Densidad_Pobl_2025": 280.08799381519304, "Densidad_Pobl_2010": 224.07039505215445, "Tasa_Crecimiento_Pobl": 0.25, "Porcentaje_Mujeres": 8.5714285714285712, "Poblacion_Total_2010": 35, "Poblacion_Total_2025": 43.75, "Num_Cadenas_2km": 19, "Tiene_Cadena_Cerca": 1, "HHI_Concentracion": 512.5, "Intensidad_Competitiva": 24.5, "Educacion_Normalizado": 3.7313432835820901, "Vivienda_Normalizado": 99.607415374795906, "Activos_Normalizado": 73.302752293577981, "Economico_Normalizado": 71.117061069739819, "CVEGEO_2": "1900603890003", "CVE_ENT": "19", "CVE_MUN": "006", "CVE_LOC": "0389", "CVE_ASEN": "0003", "CP": "66646", "FECHA_ACT": "11/2024", "INSTITUCIO": "SECRETARÍA DE DESARROLLO URBANO, OBRAS PÚBLICAS, ECOLOGÍA Y TRANSPORTE DE APODACA", "NOM_ASEN": "PRIVADA DOMINIO", "TIPO": "FRACCIONAMIENTO", "Shape_Leng": 1468.8160857600001, "Shape_Area": 107713.54102400001 }, "geometry": { "type": "Polygon", "coordinates": [ [ [ -100.154632303698676, 25.743544963901762 ], [ -100.154793265112446, 25.743691728809271 ], [ -100.156891835154838, 25.745607927496486 ], [ -100.156779564190515, 25.745727943122876 ], [ -100.156752886922007, 25.745743081847131 ], [ -100.156612433098033, 25.745630911308304 ], [ -100.156594754920661, 25.745628458066417 ], [ -100.156568637565641, 25.745600968211228 ], [ -100.156411640077764, 25.745809613840148 ], [ -100.156403033086846, 25.745819431377711 ], [ -100.156331066247873, 25.745901530101715 ], [ -100.156078946842456, 25.74618310213469 ], [ -100.156151431576475, 25.74655124948001 ], [ -100.156222646322547, 25.746867194665384 ], [ -100.156237422615092, 25.746942531871976 ], [ -100.156283020409418, 25.747216462806168 ], [ -100.15630146274728, 25.747332996718029 ], [ -100.156310099599551, 25.74734834950609 ], [ -100.156311662310173, 25.747351852373267 ], [ -100.156313864903325, 25.747355042674975 ], [ -100.156472743184409, 25.747637463226113 ], [ -100.156392052878303, 25.747680790536542 ], [ -100.155852572653586, 25.747667441516352 ], [ -100.155701441377516, 25.747422192572827 ], [ -100.15563130809565, 25.74742148106413 ], [ -100.155547399022666, 25.747418154949933 ], [ -100.155528901485923, 25.747418313710487 ], [ -100.155513555678496, 25.74741338992996 ], [ -100.155400383755008, 25.747383328626036 ], [ -100.154419107354357, 25.747423969991658 ], [ -100.15436056441979, 25.747436045526946 ], [ -100.154206262151831, 25.747451381269059 ], [ -100.153861701178442, 25.747524794659256 ], [ -100.153660851306952, 25.747554233545618 ], [ -100.153682067523178, 25.74734866422919 ], [ -100.153695997894729, 25.747329119198028 ], [ -100.153619827723276, 25.747303168661748 ], [ -100.15364616019842, 25.746914503793374 ], [ -100.153674635009068, 25.746612403198043 ], [ -100.1536569934742, 25.746509482508952 ], [ -100.153631817260361, 25.746427656708505 ], [ -100.153526742131447, 25.746064352925941 ], [ -100.153484928319017, 25.745868700860704 ], [ -100.153445919811006, 25.745865595280602 ], [ -100.153372079160022, 25.745633798979327 ], [ -100.153358846974214, 25.745592261160361 ], [ -100.153344711012082, 25.745547985096465 ], [ -100.153226902770015, 25.745178989662652 ], [ -100.153221191142094, 25.745139094733407 ], [ -100.15307952835964, 25.74467818042277 ], [ -100.153100714217672, 25.744642549070477 ], [ -100.153355459697622, 25.744410238982692 ], [ -100.153356938085096, 25.744386623649564 ], [ -100.153494731232783, 25.744252676436982 ], [ -100.153738815938155, 25.744069298779781 ], [ -100.153806941185437, 25.744020011018577 ], [ -100.154099880678743, 25.743842142898444 ], [ -100.154330324769447, 25.743709662841564 ], [ -100.154626142645938, 25.743539129732536 ], [ -100.154632443149623, 25.743544882705585 ], [ -100.154632303698676, 25.743544963901762 ] ] ] } },
{ "type": "Feature", "properties": { "CVEGEO_1": "1900603892630", "Score_Final": 66.595778415822068, "Clasificacion": "Bueno", "Comp_NSE": 69.581584253945891, "Comp_Competencia": 50, "Comp_Accesibilidad": 98.711119634705042, "Comp_Flujo": 50, "Indice_NSE_2025": 63.255985685405356, "Nivel_NSE": "C+", "NSE_Indice_Original": 58.570357116116064, "NSE_Nivel_Original": "C+", "Carnicerias_1km": 17, "Carnicerias_500m": 6, "Carnicerias_2km": 40, "Dist_Competidor_m": 0.0, "Densidad_Competencia_1km": 5.4112680651244416, "Densidad_Competencia_500m": 7.6394372684109761, "Densidad_Pobl_2025": 280.08799381519304, "Densidad_Pobl_2010": 224.07039505215445, "Tasa_Crecimiento_Pobl": 0.25, "Porcentaje_Mujeres": 8.5714285714285712, "Poblacion_Total_2010": 35, "Poblacion_Total_2025": 43.75, "Num_Cadenas_2km": 19, "Tiene_Cadena_Cerca": 1, "HHI_Concentracion": 512.5, "Intensidad_Competitiva": 24.5, "Educacion_Normalizado": 3.7313432835820901, "Vivienda_Normalizado": 99.607415374795906, "Activos_Normalizado": 73.302752293577981, "Economico_Normalizado": 71.117061069739819, "CVEGEO_2": "1900603890004", "CVE_ENT": "19", "CVE_MUN": "006", "CVE_LOC": "0389", "CVE_ASEN": "0004", "CP": "66644", "FECHA_ACT": "11/2024", "INSTITUCIO": "SECRETARÍA DE DESARROLLO URBANO, OBRAS PÚBLICAS, ECOLOGÍA Y TRANSPORTE DE APODACA", "NOM_ASEN": "RIBERAS DE HUINALÁ", "TIPO": "FRACCIONAMIENTO", "Shape_Leng": 878.05361053199999, "Shape_Area": 33596.895561999998 }, "geometry": { "type": "Polygon", "coordinates": [ [ [ -100.154932817842905, 25.742219727399242 ], [ -100.154105422750874, 25.742760752189259 ], [ -100.154928950069149, 25.743358301304685 ], [ -100.15474270500944, 25.743470575771713 ], [ -100.154626794955774, 25.743538752762259 ], [ -100.154626142645938, 25.743539129732536 ], [ -100.154330324769447, 25.743709662841564 ], [ -100.154099880678743, 25.743842142898444 ], [ -100.153806941185437, 25.744020011018577 ], [ -100.153810717141738, 25.744017279161596 ], [ -100.153741600713175, 25.743970862997177 ], [ -100.153313329572171, 25.743724112489332 ], [ -100.152895992932613, 25.743460163134316 ], [ -100.152754900317703, 25.74344035165592 ], [ -100.152650063331109, 25.743440666913685 ], [ -100.152779618947946, 25.743241620219681 ], [ -100.153788489619586, 25.741661411729474 ], [ -100.153935830291928, 25.741430685288492 ], [ -100.154932817842905, 25.742219727399242 ] ] ] } },
{ "type": "Feature", "properties": { "CVEGEO_1": "1900603892630", "Score_Final": 66.595778415822068, "Clasificacion": "Bueno", "Comp_NSE": 69.581584253945891, "Comp_Competencia": 50, "Comp_Accesibilidad": 98.711119634705042, "Comp_Flujo": 50, "Indice_NSE_2025": 63.255985685405356, "Nivel_NSE": "C+", "NSE_Indice_Original": 58.570357116116064, "NSE_Nivel_Original": "C+", "Carnicerias_1km": 17, "Carnicerias_500m": 6, "Carnicerias_2km": 40, "Dist_Competidor_m": 0.0, "Densidad_Competencia_1km": 5.4112680651244416, "Densidad_Competencia_500m": 7.6394372684109761, "Densidad_Pobl_2025": 280.08799381519304, "Densidad_Pobl_2010": 224.07039505215445, "Tasa_Crecimiento_Pobl": 0.25, "Porcentaje_Mujeres": 8.5714285714285712, "Poblacion_Total_2010": 35, "Poblacion_Total_2025": 43.75, "Num_Cadenas_2km": 19, "Tiene_Cadena_Cerca": 1, "HHI_Concentracion": 512.5, "Intensidad_Competitiva": 24.5, "Educacion_Normalizado": 3.7313432835820901, "Vivienda_Normalizado": 99.607415374795906, "Activos_Normalizado": 73.302752293577981, "Economico_Normalizado": 71.117061069739819, "CVEGEO_2": "1900603890005", "CVE_ENT": "19", "CVE_MUN": "006", "CVE_LOC": "0389", "CVE_ASEN": "0005", "CP": "66646", "FECHA_ACT": "11/2024", "INSTITUCIO": "SECRETARÍA DE DESARROLLO URBANO, OBRAS PÚBLICAS, ECOLOGÍA Y TRANSPORTE DE APODACA", "NOM_ASEN": "RESIDENCIAL SAN BENITO", "TIPO": "FRACCIONAMIENTO", "Shape_Leng": 2077.39667134, "Shape_Area": 135113.72892299999 }, "geometry": { "type": "MultiPolygon", "coordinates": [ [ [ [ -100.156720900892182, 25.745761233168945 ], [ -100.156594754920661, 25.745628458066417 ], [ -100.156612433098033, 25.745630911308304 ], [ -100.156752886922007, 25.745743081847131 ], [ -100.156720900892182, 25.745761233168945 ] ] ], [ [ [ -100.156402543935002, 25.745821702380237 ], [ -100.156331066247873, 25.745901530101715 ], [ -100.156403033086846, 25.745819431377711 ], [ -100.156411640077764, 25.745809613840148 ], [ -100.156402543935002, 25.745821702380237 ] ] ], [ [ [ -100.156239766318009, 25.746943147757136 ], [ -100.156283020409418, 25.747216462806168 ], [ -100.156237422615092, 25.746942531871976 ], [ -100.156222646322547, 25.746867194665384 ], [ -100.156239766318009, 25.746943147757136 ] ] ], [ [ [ -100.156313864903325, 25.747355042674975 ], [ -100.156311662310173, 25.747351852373267 ], [ -100.156310099599551, 25.74734834950609 ], [ -100.156313864903325, 25.747355042674975 ] ] ], [ [ [ -100.154445408102887, 25.747427613111398 ], [ -100.15436056441979, 25.747436045526946 ], [ -100.154419107354357, 25.747423969991658 ], [ -100.155400383755008, 25.747383328626036 ], [ -100.155513555678496, 25.74741338992996 ], [ -100.155528901485923, 25.747418313710487 ], [ -100.154445408102887, 25.747427613111398 ] ] ], [ [ [ -100.153596888429618, 25.747563608686679 ], [ -100.153608498829044, 25.747372552216678 ], [ -100.153601489273754, 25.747314783073961 ], [ -100.153602404171394, 25.747297535300383 ], [ -100.153619827723276, 25.747303168661748 ], [ -100.153695997894729, 25.747329119198028 ], [ -100.153682067523178, 25.74734866422919 ], [ -100.153660851306952, 25.747554233545618 ], [ -100.153596888429618, 25.747563608686679 ] ] ] ] } },
{ "type": "Feature", "properties": { "CVEGEO_1": "1900603892630", "Score_Final": 66.595778415822068, "Clasificacion": "Bueno", "Comp_NSE": 69.581584253945891, "Comp_Competencia": 50, "Comp_Accesibilidad": 98.711119634705042, "Comp_Flujo": 50, "Indice_NSE_2025": 63.255985685405356, "Nivel_NSE": "C+", "NSE_Indice_Original": 58.570357116116064, "NSE_Nivel_Original": "C+", "Carnicerias_1km": 17, "Carnicerias_500m": 6, "Carnicerias_2km": 40, "Dist_Competidor_m": 0.0, "Densidad_Competencia_1km": 5.4112680651244416, "Densidad_Competencia_500m": 7.6394372684109761, "Densidad_Pobl_2025": 280.08799381519304, "Densidad_Pobl_2010": 224.07039505215445, "Tasa_Crecimiento_Pobl": 0.25, "Porcentaje_Mujeres": 8.5714285714285712, "Poblacion_Total_2010": 35, "Poblacion_Total_2025": 43.75, "Num_Cadenas_2km": 19, "Tiene_Cadena_Cerca": 1, "HHI_Concentracion": 512.5, "Intensidad_Competitiva": 24.5, "Educacion_Normalizado": 3.7313432835820901, "Vivienda_Normalizado": 99.607415374795906, "Activos_Normalizado": 73.302752293577981, "Economico_Normalizado": 71.117061069739819, "CVEGEO_2": "1900603890006", "CVE_ENT": "19", "CVE_MUN": "006", "CVE_LOC": "0389", "CVE_ASEN": "0006", "CP": "66646", "FECHA_ACT": "11/2024", "INSTITUCIO": "SECRETARÍA DE DESARROLLO URBANO, OBRAS PÚBLICAS, ECOLOGÍA Y TRANSPORTE DE APODACA", "NOM_ASEN": "ESTANCIA CASTAÑO", "TIPO": "FRACCIONAMIENTO", "Shape_Leng": 1568.10179189, "Shape_Area": 91127.627169400002 }, "geometry": { "type": "MultiPolygon", "coordinates": [ [ [ [ -100.155746553450072, 25.74286373911276 ], [ -100.154834263704174, 25.7434273714379 ], [ -100.154632443149623, 25.743544882705585 ], [ -100.154626142645938, 25.743539129732536 ], [ -100.154626794955774, 25.743538752762259 ], [ -100.15474270500944, 25.743470575771713 ], [ -100.154928950069149, 25.743358301304685 ], [ -100.155707465496903, 25.742878512160178 ], [ -100.155707165934501, 25.74287774496851 ], [ -100.155742179137619, 25.742860277167093 ], [ -100.155746553450072, 25.74286373911276 ] ] ], [ [ [ -100.156931735166168, 25.745641589662807 ], [ -100.156779564190515, 25.745727943122876 ], [ -100.156891835154838, 25.745607927496486 ], [ -100.154793265112446, 25.743691728809271 ], [ -100.156931735166168, 25.745641589662807 ] ] ] ] } },
{ "type": "Feature", "properties": { "CVEGEO_1": "1900603892630", "Score_Final": 66.595778415822068, "Clasificacion": "Bueno", "Comp_NSE": 69.581584253945891, "Comp_Competencia": 50, "Comp_Accesibilidad": 98.711119634705042, "Comp_Flujo": 50, "Indice_NSE_2025": 63.255985685405356, "Nivel_NSE": "C+", "NSE_Indice_Original": 58.570357116116064, "NSE_Nivel_Original": "C+", "Carnicerias_1km": 17, "Carnicerias_500m": 6, "Carnicerias_2km": 40, "Dist_Competidor_m": 0.0, "Densidad_Competencia_1km": 5.4112680651244416, "Densidad_Competencia_500m": 7.6394372684109761, "Densidad_Pobl_2025": 280.08799381519304, "Densidad_Pobl_2010": 224.07039505215445, "Tasa_Crecimiento_Pobl": 0.25, "Porcentaje_Mujeres": 8.5714285714285712, "Poblacion_Total_2010": 35, "Poblacion_Total_2025": 43.75, "Num_Cadenas_2km": 19, "Tiene_Cadena_Cerca": 1, "HHI_Concentracion": 512.5, "Intensidad_Competitiva": 24.5, "Educacion_Normalizado": 3.7313432835820901, "Vivienda_Normalizado": 99.607415374795906, "Activos_Normalizado": 73.302752293577981, "Economico_Normalizado": 71.117061069739819, "CVEGEO_2": "1900603890007", "CVE_ENT": "19", "CVE_MUN": "006", "CVE_LOC": "0389", "CVE_ASEN": "0007", "CP": "00000", "FECHA_ACT": "11/2024", "INSTITUCIO": "SECRETARÍA DE DESARROLLO URBANO, OBRAS PÚBLICAS, ECOLOGÍA Y TRANSPORTE DE APODACA", "NOM_ASEN": "NINGUNO", "TIPO": "COLONIA", "Shape_Leng": 411.94433548299997, "Shape_Area": 10510.742720800001 }, "geometry": { "type": "Polygon", "coordinates": [ [ [ -100.155681721624646, 25.742812429504802 ], [ -100.155688681538948, 25.742830296211071 ], [ -100.155707165934501, 25.74287774496851 ], [ -100.155707465496903, 25.742878512160178 ], [ -100.154928950069149, 25.743358301304685 ], [ -100.154105422750874, 25.742760752189259 ], [ -100.154932817842905, 25.742219727399242 ], [ -100.155681721624646, 25.742812429504802 ] ] ] } },
{ "type": "Feature", "properties": { "CVEGEO_1": "1900603922575", "Score_Final": 70.494672195633967, "Clasificacion": "Bueno", "Comp_NSE": 80.801589170707615, "Comp_Competencia": 50, "Comp_Accesibilidad": 98.570579929431531, "Comp_Flujo": 50, "Indice_NSE_2025": 80.801589170707615, "Nivel_NSE": "A/B", "NSE_Indice_Original": 74.816286269173716, "NSE_Nivel_Original": "A/B", "Carnicerias_1km": 9, "Carnicerias_500m": 3, "Carnicerias_2km": 28, "Dist_Competidor_m": 0.0, "Densidad_Competencia_1km": 2.8647889756541161, "Densidad_Competencia_500m": 3.8197186342054881, "Densidad_Pobl_2025": 15444.297374686217, "Densidad_Pobl_2010": 12355.437899748973, "Tasa_Crecimiento_Pobl": 0.25, "Porcentaje_Mujeres": 9.1223655237496057, "Poblacion_Total_2010": 3179, "Poblacion_Total_2025": 3973.75, "Num_Cadenas_2km": 15, "Tiene_Cadena_Cerca": 1, "HHI_Concentracion": 892.85714285714312, "Intensidad_Competitiva": 14.5, "Educacion_Normalizado": 71.766169154228848, "Vivienda_Normalizado": 96.639730619455989, "Activos_Normalizado": 65.688073394495405, "Economico_Normalizado": 63.522422597086049, "CVEGEO_2": "1900600010481", "CVE_ENT": "19", "CVE_MUN": "006", "CVE_LOC": "0001", "CVE_ASEN": "0481", "CP": "66646", "FECHA_ACT": "11/2024", "INSTITUCIO": "SECRETARÍA DE DESARROLLO URBANO, OBRAS PÚBLICAS, ECOLOGÍA Y TRANSPORTE DE APODACA", "NOM_ASEN": "PRIVADAS CANTERAS", "TIPO": "FRACCIONAMIENTO", "Shape_Leng": 2391.5833352499999, "Shape_Area": 250492.49694899999 }, "geometry": { "type": "Polygon", "coordinates": [ [ [ -100.14635729000652, 25.739296436557055 ], [ -100.146365379057016, 25.739364213719838 ], [ -100.146333158688492, 25.739853941793417 ], [ -100.14630855874961, 25.740022566346472 ], [ -100.146266513172534, 25.740273835973788 ], [ -100.146183771233297, 25.740402779110401 ], [ -100.146137388539998, 25.74045914992843 ], [ -100.146083509903121, 25.740524559076889 ], [ -100.146072929085904, 25.740523366697836 ], [ -100.146072640128267, 25.740523334290266 ], [ -100.146129355327361, 25.740454863984489 ], [ -100.146175744008332, 25.740398495662529 ], [ -100.146258485807536, 25.740269542005613 ], [ -100.146325126127948, 25.73984965311503 ], [ -100.146357323224237, 25.739359665930799 ], [ -100.14634990212177, 25.739297476530446 ], [ -100.14635729000652, 25.739296436557055 ] ] ] } }
]
}
